[1/2] /usr/local/cuda/bin/nvcc --generate-dependencies-with-compile --dependency-output cuda.cuda.o.d -DTORCH_EXTENSION_NAME=v4tp_49f35bd1b995105c53bc_v178mspec -DTORCH_API_INCLUDE_EXTENSION_H -DPYBIND11_COMPILER_TYPE=\"_gcc\" -DPYBIND11_STDLIB=\"_libstdcpp\" -DPYBIND11_BUILD_ABI=\"_cxxabi1016\" -isystem /usr/local/lib/python3.12/dist-packages/torch/include -isystem /usr/local/lib/python3.12/dist-packages/torch/include/torch/csrc/api/include -isystem /usr/local/lib/python3.12/dist-packages/torch/include/TH -isystem /usr/local/lib/python3.12/dist-packages/torch/include/THC -isystem /usr/local/cuda/include -isystem /usr/include/python3.12 -D_GLIBCXX_USE_CXX11_ABI=1 -D__CUDA_NO_HALF_OPERATORS__ -D__CUDA_NO_HALF_CONVERSIONS__ -D__CUDA_NO_BFLOAT16_CONVERSIONS__ -D__CUDA_NO_HALF2_OPERATORS__ --expt-relaxed-constexpr -gencode=arch=compute_90a,code=sm_90a --compiler-options '-fPIC' -O3 -DK_WOUT=128 -DK_LUT_ROWS=256 -DK_SCALE_QUAD_REUSE=4 -DK_SCALE_BUFFERS=2 -DK_WEIGHT_STAGES=2 -DK_WEIGHT_SWIZZLE=64 -DK_WEIGHT_COMMON_ADDRESS=1 -DK_DEQUANT_DP4A_HI=1 -DK_DEQUANT_DP4A_LO=1 -DK_DEQUANT_SYNTH_LUT=0 -DK_NORMALIZED_WEIGHT_SCALE=1 -DK_NORMALIZED_SHARED_LUT=0 -DK_ACTIVATION_EVICT_LAST=0 -DK_PREDICATED_PADDED_ACTIVATION=0 -DK_TILED_WEIGHT_LAYOUT=1 -DK_BULK_WEIGHT_COPY=1 -DK_TMA_CTA_SCOPE=0 -DK_WEIGHT_EVICT_FIRST=1 -DK_WEIGHT_POLICY_HOIST=0 -DK_WEIGHT_POLICY_CONSTANT=0 -DK_W2_NO_WEIGHT_EVICT_FIRST=0 -DK_INTERLEAVED_BULK_COPY=1 -DK_COMPACT_INTERLEAVED_SCALE=1 -DK_MODE2_BRAID=1 -DK_W2_GLOBAL_LUT=0 -DK_W2_S2R_PREFETCH=1 -DK_W13_S2R_PREFETCH=1 -DK_LEADER_MBAR_WAIT=1 -DK_DIRECT_BARRIER_ADDR=0 -DK_ROUTE_K_UNROLL2=1 -DK_ROUTE_K_UNROLL4=1 -DK_ROUTE_K_UNROLL8=0 -DK_ROUTE_K_UNROLL8_SPLIT2=0 -DK_W13_K_UNROLL8_SPLIT2=0 -DK_W13_K_UNROLL16_SPLIT2=0 -DK_W13_DISTRIBUTED_PREP=1 -DK_W13_DUAL_WG_SPLIT=0 -DK_W2_DISTRIBUTED_PREP=1 -DK_W13_MERGED_WGMMA_GROUP=0 -DK_W2_ROUTE_OUTPUT=1 -DK_W2_SORTED_ACT=0 -DK_W2_MBLOCK_SCALE=0 -DK_W2_FOLD_GLOBAL_SCALE=0 -DK_W2_COALESCED_STORE=0 -DK_SINGLE_LAUNCH_SCHEDULE=0 -DK_SINGLE_LAUNCH_NOINLINE_GEMM=0 -DK_SINGLE_LAUNCH_W13_PHASE_NOINLINE=1 -DK_SINGLE_LAUNCH_W13_PHASE_COMPACT_ABI=1 -DK_SINGLE_LAUNCH_W2_PHASE_NOINLINE=1 -DK_SINGLE_LAUNCH_W2_COMPACT_TASK_CALL=0 -DK_SINGLE_LAUNCH_MIN_BLOCKS=8 -DK_SINGLE_LAUNCH_ROUTE_DYNAMIC_SMEM=1 -DK_SINGLE_LAUNCH_M128_BOUND9=0 -DK_SINGLE_LAUNCH_M128_UNBOUNDED=1 -DK_SINGLE_LAUNCH_W2_UNROLL2_BOUND9=0 -DK_SINGLE_LAUNCH_PERSISTENT_GEMM_STATE=0 -DK_SINGLE_LAUNCH_W2_PERSISTENT_STATE=0 -DK_SINGLE_LAUNCH_W13_COMPACT_PERSISTENT_STATE=0 -DK_SINGLE_LAUNCH_W13_COMPACT_SPLIT_MAJOR_TASKS=0 -DK_SINGLE_LAUNCH_W13_WAVE_ROTATE=0 -DK_SINGLE_LAUNCH_W2_WAVE_ROTATE=0 -DK_SINGLE_LAUNCH_W13_NEXT_TASK_PREFETCH=0 -DK_SINGLE_LAUNCH_W2_NEXT_TASK_PREFETCH=0 -DK_SINGLE_LAUNCH_ASSUME_VALID_GEMM_TASKS=1 -DK_SINGLE_LAUNCH_W2_CHUNK_MAJOR=0 -DK_SINGLE_LAUNCH_W2_CHUNK_AR_OVERLAP=0 -DK_SINGLE_LAUNCH_W2_CHUNK_AR_DEDICATED=0 -DK_SINGLE_LAUNCH_W2_CHUNK_AR_WAIT_ONLY=0 -DK_SINGLE_LAUNCH_W2_CHUNK_AR_HELPER_STAGE=3 -DK_SINGLE_LAUNCH_W2_CHUNK_AR_STRONG_PRODUCER_FENCE=0 -DK_SINGLE_LAUNCH_W2_CHUNK_AR_L2_LOAD=0 -DK_SINGLE_LAUNCH_W2_CHUNK_AR_POST=0 -DK_SINGLE_LAUNCH_W2_CHUNK_AR_POST_CONCURRENT=0 -DK_SINGLE_LAUNCH_W2_BULK_REDUCE_COMBINE=0 -DK_SINGLE_LAUNCH_W2_BULK_REDUCE_ROUTES=8 -DK_SINGLE_LAUNCH_W2_PRODUCER_ATOMIC_COMBINE=0 -DK_SINGLE_LAUNCH_W2_F16_WGMMA_ACCUM=0 -DK_SINGLE_LAUNCH_W2_PREDECODE_S2R=0 -DK_SINGLE_LAUNCH_W2_PAIR_WGMMA_GROUPS=0 -DK_SINGLE_LAUNCH_W2_PAIR_SPILL_ONE=0 -DK_SINGLE_LAUNCH_W2_PAIR_OPERAND_FENCE=0 -DK_SINGLE_LAUNCH_W2_PAIR_INLINE_ASM=0 -DK_SINGLE_LAUNCH_W2_PAIR_WARP_SYNC=0 -DK_SINGLE_LAUNCH_COOPERATIVE_GRID=0 -DK_SINGLE_LAUNCH_RELAXED_GRID_POLL=1 -DK_SINGLE_LAUNCH_ADAPTIVE_GRID_POLL=0 -DK_SINGLE_LAUNCH_ADAPTIVE_GRID_POLL_MAX_NS=512 -DK_SINGLE_LAUNCH_PHASE_STAMPS=0 -DK_SINGLE_LAUNCH_PACKED_GRID_BARRIER=1 -DK_SINGLE_LAUNCH_RELEASE_GRID_ARRIVAL=1 -DK_SINGLE_LAUNCH_BALANCED_WORKERS=0 -DK_SINGLE_LAUNCH_BALANCED_ACTIVATION_WORKERS=0 -DK_SINGLE_LAUNCH_BALANCED_W2_WORKERS=0 -DK_SINGLE_LAUNCH_GRID_POLL_SLEEP_NS=64 -DK_SINGLE_LAUNCH_GRID_BARRIER_POLL_WARP=0 -DK_SINGLE_LAUNCH_SKIP_FINAL_CTA_SYNC=0 -DK_SINGLE_LAUNCH_GRID_BARRIER_NO_ENTRY_SYNC=0 -DK_SINGLE_LAUNCH_SKIP_ACTIVATION_TASK_SYNC=0 -DK_SINGLE_LAUNCH_HIERARCHICAL_GRID=0 -DK_SINGLE_LAUNCH_TAIL_OVERLAP=0 -DK_SINGLE_LAUNCH_TAIL_ACT_ONLY=0 -DK_SINGLE_LAUNCH_TAIL_GROUP_CTAS=16 -DK_SINGLE_LAUNCH_GROUPED_W13_ACT=0 -DK_SINGLE_LAUNCH_ACT_W2_COHORT=0 -DK_SINGLE_LAUNCH_W13_COMPLETION_ACT=0 -DK_SINGLE_LAUNCH_W13_ACT_TAIL_PIPE=0 -DK_SINGLE_LAUNCH_W13_N64_TAIL=0 -DK_SINGLE_LAUNCH_W2_N64_TAIL=0 -DK_SINGLE_LAUNCH_W13_TAIL_SPLIT4=0 -DK_SINGLE_LAUNCH_CLUSTER_W13_ACT=0 -DK_SINGLE_LAUNCH_DUAL_WG_PHASES=0 -DK_SINGLE_LAUNCH_DUAL_WG_CTAS_PER_SM=4 -DK_SINGLE_LAUNCH_DUAL_WG_PRIVATE_ACT=0 -DK_SINGLE_LAUNCH_78CTA_8WG=0 -DK_SINGLE_LAUNCH_156CTA_4WG=0 -DK_SINGLE_LAUNCH_TRACE_SMID=0 -DK_SINGLE_LAUNCH_78CTA_SMID_MAP=0 -DK_SINGLE_LAUNCH_SM_STRIPED_TASKS=0 -DK_SINGLE_LAUNCH_78CTA_WG_DAG=0 -DK_SINGLE_LAUNCH_78CTA_LOCAL_W13=0 -DK_SINGLE_LAUNCH_GROUP_CTAS=16 -DK_SINGLE_LAUNCH_NVLS_BLOCKS=64 -DK_SINGLE_LAUNCH_P2P_TWO_SHOT=1 -DK_SINGLE_LAUNCH_P2P_NOINLINE=0 -DK_SINGLE_LAUNCH_P2P_TWO_SHOT_BLOCKS=64 -DK_MIN_BLOCKS_PER_SM=0 -DK_W13_LAUNCH_BOUND_10=0 -DK_W13_MAX_SMEM_CARVEOUT=0 --expt-relaxed-constexpr --expt-extended-lambda -gencode arch=compute_90a,code=sm_90a -std=c++17 -lineinfo -rdc=true -I/lustre/raplab/client/xutingz/fac/DeepGEMM/deep_gemm/include -c /tmp/iter713_rdc.aF7wLn/cuda.cu -o cuda.cuda.o 
FAILED: cuda.cuda.o 
/usr/local/cuda/bin/nvcc --generate-dependencies-with-compile --dependency-output cuda.cuda.o.d -DTORCH_EXTENSION_NAME=v4tp_49f35bd1b995105c53bc_v178mspec -DTORCH_API_INCLUDE_EXTENSION_H -DPYBIND11_COMPILER_TYPE=\"_gcc\" -DPYBIND11_STDLIB=\"_libstdcpp\" -DPYBIND11_BUILD_ABI=\"_cxxabi1016\" -isystem /usr/local/lib/python3.12/dist-packages/torch/include -isystem /usr/local/lib/python3.12/dist-packages/torch/include/torch/csrc/api/include -isystem /usr/local/lib/python3.12/dist-packages/torch/include/TH -isystem /usr/local/lib/python3.12/dist-packages/torch/include/THC -isystem /usr/local/cuda/include -isystem /usr/include/python3.12 -D_GLIBCXX_USE_CXX11_ABI=1 -D__CUDA_NO_HALF_OPERATORS__ -D__CUDA_NO_HALF_CONVERSIONS__ -D__CUDA_NO_BFLOAT16_CONVERSIONS__ -D__CUDA_NO_HALF2_OPERATORS__ --expt-relaxed-constexpr -gencode=arch=compute_90a,code=sm_90a --compiler-options '-fPIC' -O3 -DK_WOUT=128 -DK_LUT_ROWS=256 -DK_SCALE_QUAD_REUSE=4 -DK_SCALE_BUFFERS=2 -DK_WEIGHT_STAGES=2 -DK_WEIGHT_SWIZZLE=64 -DK_WEIGHT_COMMON_ADDRESS=1 -DK_DEQUANT_DP4A_HI=1 -DK_DEQUANT_DP4A_LO=1 -DK_DEQUANT_SYNTH_LUT=0 -DK_NORMALIZED_WEIGHT_SCALE=1 -DK_NORMALIZED_SHARED_LUT=0 -DK_ACTIVATION_EVICT_LAST=0 -DK_PREDICATED_PADDED_ACTIVATION=0 -DK_TILED_WEIGHT_LAYOUT=1 -DK_BULK_WEIGHT_COPY=1 -DK_TMA_CTA_SCOPE=0 -DK_WEIGHT_EVICT_FIRST=1 -DK_WEIGHT_POLICY_HOIST=0 -DK_WEIGHT_POLICY_CONSTANT=0 -DK_W2_NO_WEIGHT_EVICT_FIRST=0 -DK_INTERLEAVED_BULK_COPY=1 -DK_COMPACT_INTERLEAVED_SCALE=1 -DK_MODE2_BRAID=1 -DK_W2_GLOBAL_LUT=0 -DK_W2_S2R_PREFETCH=1 -DK_W13_S2R_PREFETCH=1 -DK_LEADER_MBAR_WAIT=1 -DK_DIRECT_BARRIER_ADDR=0 -DK_ROUTE_K_UNROLL2=1 -DK_ROUTE_K_UNROLL4=1 -DK_ROUTE_K_UNROLL8=0 -DK_ROUTE_K_UNROLL8_SPLIT2=0 -DK_W13_K_UNROLL8_SPLIT2=0 -DK_W13_K_UNROLL16_SPLIT2=0 -DK_W13_DISTRIBUTED_PREP=1 -DK_W13_DUAL_WG_SPLIT=0 -DK_W2_DISTRIBUTED_PREP=1 -DK_W13_MERGED_WGMMA_GROUP=0 -DK_W2_ROUTE_OUTPUT=1 -DK_W2_SORTED_ACT=0 -DK_W2_MBLOCK_SCALE=0 -DK_W2_FOLD_GLOBAL_SCALE=0 -DK_W2_COALESCED_STORE=0 -DK_SINGLE_LAUNCH_SCHEDULE=0 -DK_SINGLE_LAUNCH_NOINLINE_GEMM=0 -DK_SINGLE_LAUNCH_W13_PHASE_NOINLINE=1 -DK_SINGLE_LAUNCH_W13_PHASE_COMPACT_ABI=1 -DK_SINGLE_LAUNCH_W2_PHASE_NOINLINE=1 -DK_SINGLE_LAUNCH_W2_COMPACT_TASK_CALL=0 -DK_SINGLE_LAUNCH_MIN_BLOCKS=8 -DK_SINGLE_LAUNCH_ROUTE_DYNAMIC_SMEM=1 -DK_SINGLE_LAUNCH_M128_BOUND9=0 -DK_SINGLE_LAUNCH_M128_UNBOUNDED=1 -DK_SINGLE_LAUNCH_W2_UNROLL2_BOUND9=0 -DK_SINGLE_LAUNCH_PERSISTENT_GEMM_STATE=0 -DK_SINGLE_LAUNCH_W2_PERSISTENT_STATE=0 -DK_SINGLE_LAUNCH_W13_COMPACT_PERSISTENT_STATE=0 -DK_SINGLE_LAUNCH_W13_COMPACT_SPLIT_MAJOR_TASKS=0 -DK_SINGLE_LAUNCH_W13_WAVE_ROTATE=0 -DK_SINGLE_LAUNCH_W2_WAVE_ROTATE=0 -DK_SINGLE_LAUNCH_W13_NEXT_TASK_PREFETCH=0 -DK_SINGLE_LAUNCH_W2_NEXT_TASK_PREFETCH=0 -DK_SINGLE_LAUNCH_ASSUME_VALID_GEMM_TASKS=1 -DK_SINGLE_LAUNCH_W2_CHUNK_MAJOR=0 -DK_SINGLE_LAUNCH_W2_CHUNK_AR_OVERLAP=0 -DK_SINGLE_LAUNCH_W2_CHUNK_AR_DEDICATED=0 -DK_SINGLE_LAUNCH_W2_CHUNK_AR_WAIT_ONLY=0 -DK_SINGLE_LAUNCH_W2_CHUNK_AR_HELPER_STAGE=3 -DK_SINGLE_LAUNCH_W2_CHUNK_AR_STRONG_PRODUCER_FENCE=0 -DK_SINGLE_LAUNCH_W2_CHUNK_AR_L2_LOAD=0 -DK_SINGLE_LAUNCH_W2_CHUNK_AR_POST=0 -DK_SINGLE_LAUNCH_W2_CHUNK_AR_POST_CONCURRENT=0 -DK_SINGLE_LAUNCH_W2_BULK_REDUCE_COMBINE=0 -DK_SINGLE_LAUNCH_W2_BULK_REDUCE_ROUTES=8 -DK_SINGLE_LAUNCH_W2_PRODUCER_ATOMIC_COMBINE=0 -DK_SINGLE_LAUNCH_W2_F16_WGMMA_ACCUM=0 -DK_SINGLE_LAUNCH_W2_PREDECODE_S2R=0 -DK_SINGLE_LAUNCH_W2_PAIR_WGMMA_GROUPS=0 -DK_SINGLE_LAUNCH_W2_PAIR_SPILL_ONE=0 -DK_SINGLE_LAUNCH_W2_PAIR_OPERAND_FENCE=0 -DK_SINGLE_LAUNCH_W2_PAIR_INLINE_ASM=0 -DK_SINGLE_LAUNCH_W2_PAIR_WARP_SYNC=0 -DK_SINGLE_LAUNCH_COOPERATIVE_GRID=0 -DK_SINGLE_LAUNCH_RELAXED_GRID_POLL=1 -DK_SINGLE_LAUNCH_ADAPTIVE_GRID_POLL=0 -DK_SINGLE_LAUNCH_ADAPTIVE_GRID_POLL_MAX_NS=512 -DK_SINGLE_LAUNCH_PHASE_STAMPS=0 -DK_SINGLE_LAUNCH_PACKED_GRID_BARRIER=1 -DK_SINGLE_LAUNCH_RELEASE_GRID_ARRIVAL=1 -DK_SINGLE_LAUNCH_BALANCED_WORKERS=0 -DK_SINGLE_LAUNCH_BALANCED_ACTIVATION_WORKERS=0 -DK_SINGLE_LAUNCH_BALANCED_W2_WORKERS=0 -DK_SINGLE_LAUNCH_GRID_POLL_SLEEP_NS=64 -DK_SINGLE_LAUNCH_GRID_BARRIER_POLL_WARP=0 -DK_SINGLE_LAUNCH_SKIP_FINAL_CTA_SYNC=0 -DK_SINGLE_LAUNCH_GRID_BARRIER_NO_ENTRY_SYNC=0 -DK_SINGLE_LAUNCH_SKIP_ACTIVATION_TASK_SYNC=0 -DK_SINGLE_LAUNCH_HIERARCHICAL_GRID=0 -DK_SINGLE_LAUNCH_TAIL_OVERLAP=0 -DK_SINGLE_LAUNCH_TAIL_ACT_ONLY=0 -DK_SINGLE_LAUNCH_TAIL_GROUP_CTAS=16 -DK_SINGLE_LAUNCH_GROUPED_W13_ACT=0 -DK_SINGLE_LAUNCH_ACT_W2_COHORT=0 -DK_SINGLE_LAUNCH_W13_COMPLETION_ACT=0 -DK_SINGLE_LAUNCH_W13_ACT_TAIL_PIPE=0 -DK_SINGLE_LAUNCH_W13_N64_TAIL=0 -DK_SINGLE_LAUNCH_W2_N64_TAIL=0 -DK_SINGLE_LAUNCH_W13_TAIL_SPLIT4=0 -DK_SINGLE_LAUNCH_CLUSTER_W13_ACT=0 -DK_SINGLE_LAUNCH_DUAL_WG_PHASES=0 -DK_SINGLE_LAUNCH_DUAL_WG_CTAS_PER_SM=4 -DK_SINGLE_LAUNCH_DUAL_WG_PRIVATE_ACT=0 -DK_SINGLE_LAUNCH_78CTA_8WG=0 -DK_SINGLE_LAUNCH_156CTA_4WG=0 -DK_SINGLE_LAUNCH_TRACE_SMID=0 -DK_SINGLE_LAUNCH_78CTA_SMID_MAP=0 -DK_SINGLE_LAUNCH_SM_STRIPED_TASKS=0 -DK_SINGLE_LAUNCH_78CTA_WG_DAG=0 -DK_SINGLE_LAUNCH_78CTA_LOCAL_W13=0 -DK_SINGLE_LAUNCH_GROUP_CTAS=16 -DK_SINGLE_LAUNCH_NVLS_BLOCKS=64 -DK_SINGLE_LAUNCH_P2P_TWO_SHOT=1 -DK_SINGLE_LAUNCH_P2P_NOINLINE=0 -DK_SINGLE_LAUNCH_P2P_TWO_SHOT_BLOCKS=64 -DK_MIN_BLOCKS_PER_SM=0 -DK_W13_LAUNCH_BOUND_10=0 -DK_W13_MAX_SMEM_CARVEOUT=0 --expt-relaxed-constexpr --expt-extended-lambda -gencode arch=compute_90a,code=sm_90a -std=c++17 -lineinfo -rdc=true -I/lustre/raplab/client/xutingz/fac/DeepGEMM/deep_gemm/include -c /tmp/iter713_rdc.aF7wLn/cuda.cu -o cuda.cuda.o 
/tmp/iter713_rdc.aF7wLn/cuda.cu(414): warning #550-D: variable "state" was set but never used
      uint64_t state;
               ^

Remark: The warnings can be suppressed with "-diag-suppress <warning-number>"

/tmp/iter713_rdc.aF7wLn/cuda.cu(7121): warning #177-D: variable "w2_workers" was declared but never referenced
              const int w2_workers =
                        ^
          detected during instantiation of "void launch_tp4_megamoe_single<SplitK,Tokens>(const CUtensorMap &, const CUtensorMap &, at::Tensor, at::Tensor, at::Tensor, at::Tensor, at::Tensor, at::Tensor, at::Tensor, at::Tensor, at::Tensor, at::Tensor, at::Tensor, at::Tensor, at::Tensor, at::Tensor, at::Tensor, at::Tensor, at::Tensor, at::Tensor, at::Tensor, at::Tensor, at::Tensor, at::Tensor, at::Tensor, at::Tensor, at::Tensor, at::Tensor, at::Tensor, at::Tensor, at::Tensor, int, int64_t, int64_t, int64_t, int64_t, int, __nv_bool) [with SplitK=2, Tokens=8]" at line 9361

/tmp/iter713_rdc.aF7wLn/cuda.cu(7129): warning #177-D: variable "w2_worker_rank" was declared but never referenced
              const int w2_worker_rank =
                        ^
          detected during instantiation of "void launch_tp4_megamoe_single<SplitK,Tokens>(const CUtensorMap &, const CUtensorMap &, at::Tensor, at::Tensor, at::Tensor, at::Tensor, at::Tensor, at::Tensor, at::Tensor, at::Tensor, at::Tensor, at::Tensor, at::Tensor, at::Tensor, at::Tensor, at::Tensor, at::Tensor, at::Tensor, at::Tensor, at::Tensor, at::Tensor, at::Tensor, at::Tensor, at::Tensor, at::Tensor, at::Tensor, at::Tensor, at::Tensor, at::Tensor, at::Tensor, at::Tensor, int, int64_t, int64_t, int64_t, int64_t, int, __nv_bool) [with SplitK=2, Tokens=8]" at line 9361

/tmp/iter713_rdc.aF7wLn/cuda.cu(7135): warning #177-D: variable "w2_sequence" was declared but never referenced
              int w2_sequence = 0;
                  ^
          detected during instantiation of "void launch_tp4_megamoe_single<SplitK,Tokens>(const CUtensorMap &, const CUtensorMap &, at::Tensor, at::Tensor, at::Tensor, at::Tensor, at::Tensor, at::Tensor, at::Tensor, at::Tensor, at::Tensor, at::Tensor, at::Tensor, at::Tensor, at::Tensor, at::Tensor, at::Tensor, at::Tensor, at::Tensor, at::Tensor, at::Tensor, at::Tensor, at::Tensor, at::Tensor, at::Tensor, at::Tensor, at::Tensor, at::Tensor, at::Tensor, at::Tensor, at::Tensor, int, int64_t, int64_t, int64_t, int64_t, int, __nv_bool) [with SplitK=2, Tokens=8]" at line 9361

/tmp/iter713_rdc.aF7wLn/cuda.cu(7136): warning #177-D: variable "kW2PersistentState" was declared but never referenced
              constexpr bool kW2PersistentState =
                             ^
          detected during instantiation of "void launch_tp4_megamoe_single<SplitK,Tokens>(const CUtensorMap &, const CUtensorMap &, at::Tensor, at::Tensor, at::Tensor, at::Tensor, at::Tensor, at::Tensor, at::Tensor, at::Tensor, at::Tensor, at::Tensor, at::Tensor, at::Tensor, at::Tensor, at::Tensor, at::Tensor, at::Tensor, at::Tensor, at::Tensor, at::Tensor, at::Tensor, at::Tensor, at::Tensor, at::Tensor, at::Tensor, at::Tensor, at::Tensor, at::Tensor, at::Tensor, at::Tensor, int, int64_t, int64_t, int64_t, int64_t, int, __nv_bool) [with SplitK=2, Tokens=8]" at line 9361

/tmp/iter713_rdc.aF7wLn/cuda.cu(7140): warning #177-D: variable "use_chunk_order" was declared but never referenced
              const bool use_chunk_order =
                         ^
          detected during instantiation of "void launch_tp4_megamoe_single<SplitK,Tokens>(const CUtensorMap &, const CUtensorMap &, at::Tensor, at::Tensor, at::Tensor, at::Tensor, at::Tensor, at::Tensor, at::Tensor, at::Tensor, at::Tensor, at::Tensor, at::Tensor, at::Tensor, at::Tensor, at::Tensor, at::Tensor, at::Tensor, at::Tensor, at::Tensor, at::Tensor, at::Tensor, at::Tensor, at::Tensor, at::Tensor, at::Tensor, at::Tensor, at::Tensor, at::Tensor, at::Tensor, at::Tensor, int, int64_t, int64_t, int64_t, int64_t, int, __nv_bool) [with SplitK=2, Tokens=8]" at line 9361

/tmp/iter713_rdc.aF7wLn/cuda.cu(6337): warning #177-D: variable "tail_activation_safe_mblocks" was declared but never referenced
          int tail_activation_safe_mblocks = 0;
              ^
          detected during instantiation of "void launch_tp4_megamoe_single<SplitK,Tokens>(const CUtensorMap &, const CUtensorMap &, at::Tensor, at::Tensor, at::Tensor, at::Tensor, at::Tensor, at::Tensor, at::Tensor, at::Tensor, at::Tensor, at::Tensor, at::Tensor, at::Tensor, at::Tensor, at::Tensor, at::Tensor, at::Tensor, at::Tensor, at::Tensor, at::Tensor, at::Tensor, at::Tensor, at::Tensor, at::Tensor, at::Tensor, at::Tensor, at::Tensor, at::Tensor, at::Tensor, at::Tensor, int, int64_t, int64_t, int64_t, int64_t, int, __nv_bool) [with SplitK=2, Tokens=8]" at line 9361

/tmp/iter713_rdc.aF7wLn/cuda.cu(5235): warning #177-D: variable "scheduler" was declared but never referenced
      int32_t* scheduler =
               ^
          detected during instantiation of "void launch_tp4_megamoe_single<SplitK,Tokens>(const CUtensorMap &, const CUtensorMap &, at::Tensor, at::Tensor, at::Tensor, at::Tensor, at::Tensor, at::Tensor, at::Tensor, at::Tensor, at::Tensor, at::Tensor, at::Tensor, at::Tensor, at::Tensor, at::Tensor, at::Tensor, at::Tensor, at::Tensor, at::Tensor, at::Tensor, at::Tensor, at::Tensor, at::Tensor, at::Tensor, at::Tensor, at::Tensor, at::Tensor, at::Tensor, at::Tensor, at::Tensor, int, int64_t, int64_t, int64_t, int64_t, int, __nv_bool) [with SplitK=2, Tokens=8]" at line 9361

/tmp/iter713_rdc.aF7wLn/cuda.cu(72): warning #177-D: variable "kRouteKUnroll2" was declared but never referenced
  static constexpr bool kRouteKUnroll2 = 1;
                        ^

/tmp/iter713_rdc.aF7wLn/cuda.cu(73): warning #177-D: variable "kRouteKUnroll4" was declared but never referenced
  static constexpr bool kRouteKUnroll4 = 1;
                        ^

/tmp/iter713_rdc.aF7wLn/cuda.cu(74): warning #177-D: variable "kRouteKUnroll8" was declared but never referenced
  static constexpr bool kRouteKUnroll8 = 0;
                        ^

/tmp/iter713_rdc.aF7wLn/cuda.cu(75): warning #177-D: variable "kRouteKUnroll8Split2" was declared but never referenced
  static constexpr bool kRouteKUnroll8Split2 = 0;
                        ^

/tmp/iter713_rdc.aF7wLn/cuda.cu(76): warning #177-D: variable "kW13KUnroll8Split2" was declared but never referenced
  static constexpr bool kW13KUnroll8Split2 = 0;
                        ^

/tmp/iter713_rdc.aF7wLn/cuda.cu(77): warning #177-D: variable "kW13KUnroll16Split2" was declared but never referenced
  static constexpr bool kW13KUnroll16Split2 = 0;
                        ^

/tmp/iter713_rdc.aF7wLn/cuda.cu(120): warning #177-D: variable "kSingleLaunchW2CompactTaskCall" was declared but never referenced
  static constexpr bool kSingleLaunchW2CompactTaskCall =
                        ^

/tmp/iter713_rdc.aF7wLn/cuda.cu(122): warning #177-D: variable "kSingleLaunchRouteDynamicSmem" was declared but never referenced
  static constexpr bool kSingleLaunchRouteDynamicSmem =
                        ^

/tmp/iter713_rdc.aF7wLn/cuda.cu(128): warning #177-D: variable "kSingleLaunchW2Unroll2Bound9" was declared but never referenced
  static constexpr bool kSingleLaunchW2Unroll2Bound9 =
                        ^

/tmp/iter713_rdc.aF7wLn/cuda.cu(140): warning #177-D: variable "kSingleLaunchW2WaveRotate" was declared but never referenced
  static constexpr int kSingleLaunchW2WaveRotate =
                       ^

/tmp/iter713_rdc.aF7wLn/cuda.cu(158): warning #177-D: variable "kSingleLaunchW2ChunkArStrongProducerFence" was declared but never referenced
  static constexpr bool kSingleLaunchW2ChunkArStrongProducerFence =
                        ^

/tmp/iter713_rdc.aF7wLn/cuda.cu(164): warning #177-D: variable "kSingleLaunchW2ChunkArPostConcurrent" was declared but never referenced
  static constexpr bool kSingleLaunchW2ChunkArPostConcurrent =
                        ^

/tmp/iter713_rdc.aF7wLn/cuda.cu(172): warning #177-D: variable "kSingleLaunchW2F16WgmmaAccum" was declared but never referenced
  static constexpr bool kSingleLaunchW2F16WgmmaAccum =
                        ^

/tmp/iter713_rdc.aF7wLn/cuda.cu(174): warning #177-D: variable "kSingleLaunchW2PredecodeS2R" was declared but never referenced
  static constexpr bool kSingleLaunchW2PredecodeS2R =
                        ^

/tmp/iter713_rdc.aF7wLn/cuda.cu(176): warning #177-D: variable "kSingleLaunchW2PairWgmmaGroups" was declared but never referenced
  static constexpr bool kSingleLaunchW2PairWgmmaGroups =
                        ^

/tmp/iter713_rdc.aF7wLn/cuda.cu(178): warning #177-D: variable "kSingleLaunchW2PairSpillOne" was declared but never referenced
  static constexpr bool kSingleLaunchW2PairSpillOne =
                        ^

/tmp/iter713_rdc.aF7wLn/cuda.cu(180): warning #177-D: variable "kSingleLaunchW2PairOperandFence" was declared but never referenced
  static constexpr bool kSingleLaunchW2PairOperandFence =
                        ^

/tmp/iter713_rdc.aF7wLn/cuda.cu(182): warning #177-D: variable "kSingleLaunchW2PairInlineAsm" was declared but never referenced
  static constexpr bool kSingleLaunchW2PairInlineAsm =
                        ^

/tmp/iter713_rdc.aF7wLn/cuda.cu(184): warning #177-D: variable "kSingleLaunchW2PairWarpSync" was declared but never referenced
  static constexpr bool kSingleLaunchW2PairWarpSync =
                        ^

/tmp/iter713_rdc.aF7wLn/cuda.cu(254): warning #177-D: variable "kSingleLaunch78CtaSmidMap" was declared but never referenced
  static constexpr bool kSingleLaunch78CtaSmidMap =
                        ^

/tmp/iter713_rdc.aF7wLn/cuda.cu(268): warning #177-D: variable "kSingleLaunchGroupCtas" was declared but never referenced
  static constexpr int kSingleLaunchGroupCtas =
                       ^

/tmp/iter713_rdc.aF7wLn/cuda.cu(4824): warning #177-D: variable "kSingleLaunchTailGroupCtas" was declared but never referenced
  static constexpr int kSingleLaunchTailGroupCtas =
                       ^

ptxas info    : (C7519) warpgroup.arrive is injected in around line 236643 by compiler to allow use of registers in GMMA in function '_Z32tp8_megamoe_single_launch_kernelILi4ELi128EEv14CUtensorMap_stS0_S0_S0_PKhS2_PKfS2_S2_S4_S2_S4_PKiS4_PiS7_S7_PfP13__nv_bfloat16PhS8_SA_PK5uint2S7_S7_SA_PjSB_SB_SB_SB_SB_SB_SB_SB_SB_SA_S2_SB_SB_iilb'
ptxas info    : (C7519) warpgroup.arrive is injected in around line 236852 by compiler to allow use of registers in GMMA in function '_Z32tp8_megamoe_single_launch_kernelILi4ELi128EEv14CUtensorMap_stS0_S0_S0_PKhS2_PKfS2_S2_S4_S2_S4_PKiS4_PiS7_S7_PfP13__nv_bfloat16PhS8_SA_PK5uint2S7_S7_SA_PjSB_SB_SB_SB_SB_SB_SB_SB_SB_SA_S2_SB_SB_iilb'
ptxas info    : (C7519) warpgroup.arrive is injected in around line 237058 by compiler to allow use of registers in GMMA in function '_Z32tp8_megamoe_single_launch_kernelILi4ELi128EEv14CUtensorMap_stS0_S0_S0_PKhS2_PKfS2_S2_S4_S2_S4_PKiS4_PiS7_S7_PfP13__nv_bfloat16PhS8_SA_PK5uint2S7_S7_SA_PjSB_SB_SB_SB_SB_SB_SB_SB_SB_SA_S2_SB_SB_iilb'
ptxas info    : (C7519) warpgroup.arrive is injected in around line 237217 by compiler to allow use of registers in GMMA in function '_Z32tp8_megamoe_single_launch_kernelILi4ELi128EEv14CUtensorMap_stS0_S0_S0_PKhS2_PKfS2_S2_S4_S2_S4_PKiS4_PiS7_S7_PfP13__nv_bfloat16PhS8_SA_PK5uint2S7_S7_SA_PjSB_SB_SB_SB_SB_SB_SB_SB_SB_SA_S2_SB_SB_iilb'
ptxas info    : (C7519) warpgroup.arrive is injected in around line 237609 by compiler to allow use of registers in GMMA in function '_Z32tp8_megamoe_single_launch_kernelILi4ELi128EEv14CUtensorMap_stS0_S0_S0_PKhS2_PKfS2_S2_S4_S2_S4_PKiS4_PiS7_S7_PfP13__nv_bfloat16PhS8_SA_PK5uint2S7_S7_SA_PjSB_SB_SB_SB_SB_SB_SB_SB_SB_SA_S2_SB_SB_iilb'
ptxas info    : (C7519) warpgroup.arrive is injected in around line 237811 by compiler to allow use of registers in GMMA in function '_Z32tp8_megamoe_single_launch_kernelILi4ELi128EEv14CUtensorMap_stS0_S0_S0_PKhS2_PKfS2_S2_S4_S2_S4_PKiS4_PiS7_S7_PfP13__nv_bfloat16PhS8_SA_PK5uint2S7_S7_SA_PjSB_SB_SB_SB_SB_SB_SB_SB_SB_SA_S2_SB_SB_iilb'
ptxas info    : (C7519) warpgroup.arrive is injected in around line 238013 by compiler to allow use of registers in GMMA in function '_Z32tp8_megamoe_single_launch_kernelILi4ELi128EEv14CUtensorMap_stS0_S0_S0_PKhS2_PKfS2_S2_S4_S2_S4_PKiS4_PiS7_S7_PfP13__nv_bfloat16PhS8_SA_PK5uint2S7_S7_SA_PjSB_SB_SB_SB_SB_SB_SB_SB_SB_SA_S2_SB_SB_iilb'
ptxas info    : (C7519) warpgroup.arrive is injected in around line 238168 by compiler to allow use of registers in GMMA in function '_Z32tp8_megamoe_single_launch_kernelILi4ELi128EEv14CUtensorMap_stS0_S0_S0_PKhS2_PKfS2_S2_S4_S2_S4_PKiS4_PiS7_S7_PfP13__nv_bfloat16PhS8_SA_PK5uint2S7_S7_SA_PjSB_SB_SB_SB_SB_SB_SB_SB_SB_SA_S2_SB_SB_iilb'
ptxas info    : (C7519) warpgroup.arrive is injected in around line 238562 by compiler to allow use of registers in GMMA in function '_Z32tp8_megamoe_single_launch_kernelILi4ELi128EEv14CUtensorMap_stS0_S0_S0_PKhS2_PKfS2_S2_S4_S2_S4_PKiS4_PiS7_S7_PfP13__nv_bfloat16PhS8_SA_PK5uint2S7_S7_SA_PjSB_SB_SB_SB_SB_SB_SB_SB_SB_SA_S2_SB_SB_iilb'
ptxas info    : (C7519) warpgroup.arrive is injected in around line 238761 by compiler to allow use of registers in GMMA in function '_Z32tp8_megamoe_single_launch_kernelILi4ELi128EEv14CUtensorMap_stS0_S0_S0_PKhS2_PKfS2_S2_S4_S2_S4_PKiS4_PiS7_S7_PfP13__nv_bfloat16PhS8_SA_PK5uint2S7_S7_SA_PjSB_SB_SB_SB_SB_SB_SB_SB_SB_SA_S2_SB_SB_iilb'
ptxas info    : (C7519) warpgroup.arrive is injected in around line 238960 by compiler to allow use of registers in GMMA in function '_Z32tp8_megamoe_single_launch_kernelILi4ELi128EEv14CUtensorMap_stS0_S0_S0_PKhS2_PKfS2_S2_S4_S2_S4_PKiS4_PiS7_S7_PfP13__nv_bfloat16PhS8_SA_PK5uint2S7_S7_SA_PjSB_SB_SB_SB_SB_SB_SB_SB_SB_SA_S2_SB_SB_iilb'
ptxas info    : (C7519) warpgroup.arrive is injected in around line 239115 by compiler to allow use of registers in GMMA in function '_Z32tp8_megamoe_single_launch_kernelILi4ELi128EEv14CUtensorMap_stS0_S0_S0_PKhS2_PKfS2_S2_S4_S2_S4_PKiS4_PiS7_S7_PfP13__nv_bfloat16PhS8_SA_PK5uint2S7_S7_SA_PjSB_SB_SB_SB_SB_SB_SB_SB_SB_SA_S2_SB_SB_iilb'
ptxas info    : (C7519) warpgroup.arrive is injected in around line 241212 by compiler to allow use of registers in GMMA in function '_Z32tp8_megamoe_single_launch_kernelILi4ELi128EEv14CUtensorMap_stS0_S0_S0_PKhS2_PKfS2_S2_S4_S2_S4_PKiS4_PiS7_S7_PfP13__nv_bfloat16PhS8_SA_PK5uint2S7_S7_SA_PjSB_SB_SB_SB_SB_SB_SB_SB_SB_SA_S2_SB_SB_iilb'
ptxas info    : (C7519) warpgroup.arrive is injected in around line 241421 by compiler to allow use of registers in GMMA in function '_Z32tp8_megamoe_single_launch_kernelILi4ELi128EEv14CUtensorMap_stS0_S0_S0_PKhS2_PKfS2_S2_S4_S2_S4_PKiS4_PiS7_S7_PfP13__nv_bfloat16PhS8_SA_PK5uint2S7_S7_SA_PjSB_SB_SB_SB_SB_SB_SB_SB_SB_SA_S2_SB_SB_iilb'
ptxas info    : (C7519) warpgroup.arrive is injected in around line 241627 by compiler to allow use of registers in GMMA in function '_Z32tp8_megamoe_single_launch_kernelILi4ELi128EEv14CUtensorMap_stS0_S0_S0_PKhS2_PKfS2_S2_S4_S2_S4_PKiS4_PiS7_S7_PfP13__nv_bfloat16PhS8_SA_PK5uint2S7_S7_SA_PjSB_SB_SB_SB_SB_SB_SB_SB_SB_SA_S2_SB_SB_iilb'
ptxas info    : (C7519) warpgroup.arrive is injected in around line 241786 by compiler to allow use of registers in GMMA in function '_Z32tp8_megamoe_single_launch_kernelILi4ELi128EEv14CUtensorMap_stS0_S0_S0_PKhS2_PKfS2_S2_S4_S2_S4_PKiS4_PiS7_S7_PfP13__nv_bfloat16PhS8_SA_PK5uint2S7_S7_SA_PjSB_SB_SB_SB_SB_SB_SB_SB_SB_SA_S2_SB_SB_iilb'
ptxas info    : (C7519) warpgroup.arrive is injected in around line 242154 by compiler to allow use of registers in GMMA in function '_Z32tp8_megamoe_single_launch_kernelILi4ELi128EEv14CUtensorMap_stS0_S0_S0_PKhS2_PKfS2_S2_S4_S2_S4_PKiS4_PiS7_S7_PfP13__nv_bfloat16PhS8_SA_PK5uint2S7_S7_SA_PjSB_SB_SB_SB_SB_SB_SB_SB_SB_SA_S2_SB_SB_iilb'
ptxas info    : (C7519) warpgroup.arrive is injected in around line 242356 by compiler to allow use of registers in GMMA in function '_Z32tp8_megamoe_single_launch_kernelILi4ELi128EEv14CUtensorMap_stS0_S0_S0_PKhS2_PKfS2_S2_S4_S2_S4_PKiS4_PiS7_S7_PfP13__nv_bfloat16PhS8_SA_PK5uint2S7_S7_SA_PjSB_SB_SB_SB_SB_SB_SB_SB_SB_SA_S2_SB_SB_iilb'
ptxas info    : (C7519) warpgroup.arrive is injected in around line 242558 by compiler to allow use of registers in GMMA in function '_Z32tp8_megamoe_single_launch_kernelILi4ELi128EEv14CUtensorMap_stS0_S0_S0_PKhS2_PKfS2_S2_S4_S2_S4_PKiS4_PiS7_S7_PfP13__nv_bfloat16PhS8_SA_PK5uint2S7_S7_SA_PjSB_SB_SB_SB_SB_SB_SB_SB_SB_SA_S2_SB_SB_iilb'
ptxas info    : (C7519) warpgroup.arrive is injected in around line 242713 by compiler to allow use of registers in GMMA in function '_Z32tp8_megamoe_single_launch_kernelILi4ELi128EEv14CUtensorMap_stS0_S0_S0_PKhS2_PKfS2_S2_S4_S2_S4_PKiS4_PiS7_S7_PfP13__nv_bfloat16PhS8_SA_PK5uint2S7_S7_SA_PjSB_SB_SB_SB_SB_SB_SB_SB_SB_SA_S2_SB_SB_iilb'
ptxas info    : (C7520) Potential Performance Loss: wgmma.mma_async instructions are serialized due to program dependence on compiler-inserted WG.AR in divergent path in the function '_Z32tp8_megamoe_single_launch_kernelILi4ELi128EEv14CUtensorMap_stS0_S0_S0_PKhS2_PKfS2_S2_S4_S2_S4_PKiS4_PiS7_S7_PfP13__nv_bfloat16PhS8_SA_PK5uint2S7_S7_SA_PjSB_SB_SB_SB_SB_SB_SB_SB_SB_SA_S2_SB_SB_iilb'
ptxas info    : (C7519) warpgroup.arrive is injected in around line 228773 by compiler to allow use of registers in GMMA in function '_Z32tp8_megamoe_single_launch_kernelILi2ELi128EEv14CUtensorMap_stS0_S0_S0_PKhS2_PKfS2_S2_S4_S2_S4_PKiS4_PiS7_S7_PfP13__nv_bfloat16PhS8_SA_PK5uint2S7_S7_SA_PjSB_SB_SB_SB_SB_SB_SB_SB_SB_SA_S2_SB_SB_iilb'
ptxas info    : (C7519) warpgroup.arrive is injected in around line 228982 by compiler to allow use of registers in GMMA in function '_Z32tp8_megamoe_single_launch_kernelILi2ELi128EEv14CUtensorMap_stS0_S0_S0_PKhS2_PKfS2_S2_S4_S2_S4_PKiS4_PiS7_S7_PfP13__nv_bfloat16PhS8_SA_PK5uint2S7_S7_SA_PjSB_SB_SB_SB_SB_SB_SB_SB_SB_SA_S2_SB_SB_iilb'
ptxas info    : (C7519) warpgroup.arrive is injected in around line 229188 by compiler to allow use of registers in GMMA in function '_Z32tp8_megamoe_single_launch_kernelILi2ELi128EEv14CUtensorMap_stS0_S0_S0_PKhS2_PKfS2_S2_S4_S2_S4_PKiS4_PiS7_S7_PfP13__nv_bfloat16PhS8_SA_PK5uint2S7_S7_SA_PjSB_SB_SB_SB_SB_SB_SB_SB_SB_SA_S2_SB_SB_iilb'
ptxas info    : (C7519) warpgroup.arrive is injected in around line 229347 by compiler to allow use of registers in GMMA in function '_Z32tp8_megamoe_single_launch_kernelILi2ELi128EEv14CUtensorMap_stS0_S0_S0_PKhS2_PKfS2_S2_S4_S2_S4_PKiS4_PiS7_S7_PfP13__nv_bfloat16PhS8_SA_PK5uint2S7_S7_SA_PjSB_SB_SB_SB_SB_SB_SB_SB_SB_SA_S2_SB_SB_iilb'
ptxas info    : (C7519) warpgroup.arrive is injected in around line 229739 by compiler to allow use of registers in GMMA in function '_Z32tp8_megamoe_single_launch_kernelILi2ELi128EEv14CUtensorMap_stS0_S0_S0_PKhS2_PKfS2_S2_S4_S2_S4_PKiS4_PiS7_S7_PfP13__nv_bfloat16PhS8_SA_PK5uint2S7_S7_SA_PjSB_SB_SB_SB_SB_SB_SB_SB_SB_SA_S2_SB_SB_iilb'
ptxas info    : (C7519) warpgroup.arrive is injected in around line 229941 by compiler to allow use of registers in GMMA in function '_Z32tp8_megamoe_single_launch_kernelILi2ELi128EEv14CUtensorMap_stS0_S0_S0_PKhS2_PKfS2_S2_S4_S2_S4_PKiS4_PiS7_S7_PfP13__nv_bfloat16PhS8_SA_PK5uint2S7_S7_SA_PjSB_SB_SB_SB_SB_SB_SB_SB_SB_SA_S2_SB_SB_iilb'
ptxas info    : (C7519) warpgroup.arrive is injected in around line 230143 by compiler to allow use of registers in GMMA in function '_Z32tp8_megamoe_single_launch_kernelILi2ELi128EEv14CUtensorMap_stS0_S0_S0_PKhS2_PKfS2_S2_S4_S2_S4_PKiS4_PiS7_S7_PfP13__nv_bfloat16PhS8_SA_PK5uint2S7_S7_SA_PjSB_SB_SB_SB_SB_SB_SB_SB_SB_SA_S2_SB_SB_iilb'
ptxas info    : (C7519) warpgroup.arrive is injected in around line 230298 by compiler to allow use of registers in GMMA in function '_Z32tp8_megamoe_single_launch_kernelILi2ELi128EEv14CUtensorMap_stS0_S0_S0_PKhS2_PKfS2_S2_S4_S2_S4_PKiS4_PiS7_S7_PfP13__nv_bfloat16PhS8_SA_PK5uint2S7_S7_SA_PjSB_SB_SB_SB_SB_SB_SB_SB_SB_SA_S2_SB_SB_iilb'
ptxas info    : (C7519) warpgroup.arrive is injected in around line 230692 by compiler to allow use of registers in GMMA in function '_Z32tp8_megamoe_single_launch_kernelILi2ELi128EEv14CUtensorMap_stS0_S0_S0_PKhS2_PKfS2_S2_S4_S2_S4_PKiS4_PiS7_S7_PfP13__nv_bfloat16PhS8_SA_PK5uint2S7_S7_SA_PjSB_SB_SB_SB_SB_SB_SB_SB_SB_SA_S2_SB_SB_iilb'
ptxas info    : (C7519) warpgroup.arrive is injected in around line 230891 by compiler to allow use of registers in GMMA in function '_Z32tp8_megamoe_single_launch_kernelILi2ELi128EEv14CUtensorMap_stS0_S0_S0_PKhS2_PKfS2_S2_S4_S2_S4_PKiS4_PiS7_S7_PfP13__nv_bfloat16PhS8_SA_PK5uint2S7_S7_SA_PjSB_SB_SB_SB_SB_SB_SB_SB_SB_SA_S2_SB_SB_iilb'
ptxas info    : (C7519) warpgroup.arrive is injected in around line 231090 by compiler to allow use of registers in GMMA in function '_Z32tp8_megamoe_single_launch_kernelILi2ELi128EEv14CUtensorMap_stS0_S0_S0_PKhS2_PKfS2_S2_S4_S2_S4_PKiS4_PiS7_S7_PfP13__nv_bfloat16PhS8_SA_PK5uint2S7_S7_SA_PjSB_SB_SB_SB_SB_SB_SB_SB_SB_SA_S2_SB_SB_iilb'
ptxas info    : (C7519) warpgroup.arrive is injected in around line 231245 by compiler to allow use of registers in GMMA in function '_Z32tp8_megamoe_single_launch_kernelILi2ELi128EEv14CUtensorMap_stS0_S0_S0_PKhS2_PKfS2_S2_S4_S2_S4_PKiS4_PiS7_S7_PfP13__nv_bfloat16PhS8_SA_PK5uint2S7_S7_SA_PjSB_SB_SB_SB_SB_SB_SB_SB_SB_SA_S2_SB_SB_iilb'
ptxas info    : (C7519) warpgroup.arrive is injected in around line 233332 by compiler to allow use of registers in GMMA in function '_Z32tp8_megamoe_single_launch_kernelILi2ELi128EEv14CUtensorMap_stS0_S0_S0_PKhS2_PKfS2_S2_S4_S2_S4_PKiS4_PiS7_S7_PfP13__nv_bfloat16PhS8_SA_PK5uint2S7_S7_SA_PjSB_SB_SB_SB_SB_SB_SB_SB_SB_SA_S2_SB_SB_iilb'
ptxas info    : (C7519) warpgroup.arrive is injected in around line 233541 by compiler to allow use of registers in GMMA in function '_Z32tp8_megamoe_single_launch_kernelILi2ELi128EEv14CUtensorMap_stS0_S0_S0_PKhS2_PKfS2_S2_S4_S2_S4_PKiS4_PiS7_S7_PfP13__nv_bfloat16PhS8_SA_PK5uint2S7_S7_SA_PjSB_SB_SB_SB_SB_SB_SB_SB_SB_SA_S2_SB_SB_iilb'
ptxas info    : (C7519) warpgroup.arrive is injected in around line 233747 by compiler to allow use of registers in GMMA in function '_Z32tp8_megamoe_single_launch_kernelILi2ELi128EEv14CUtensorMap_stS0_S0_S0_PKhS2_PKfS2_S2_S4_S2_S4_PKiS4_PiS7_S7_PfP13__nv_bfloat16PhS8_SA_PK5uint2S7_S7_SA_PjSB_SB_SB_SB_SB_SB_SB_SB_SB_SA_S2_SB_SB_iilb'
ptxas info    : (C7519) warpgroup.arrive is injected in around line 233906 by compiler to allow use of registers in GMMA in function '_Z32tp8_megamoe_single_launch_kernelILi2ELi128EEv14CUtensorMap_stS0_S0_S0_PKhS2_PKfS2_S2_S4_S2_S4_PKiS4_PiS7_S7_PfP13__nv_bfloat16PhS8_SA_PK5uint2S7_S7_SA_PjSB_SB_SB_SB_SB_SB_SB_SB_SB_SA_S2_SB_SB_iilb'
ptxas info    : (C7519) warpgroup.arrive is injected in around line 234274 by compiler to allow use of registers in GMMA in function '_Z32tp8_megamoe_single_launch_kernelILi2ELi128EEv14CUtensorMap_stS0_S0_S0_PKhS2_PKfS2_S2_S4_S2_S4_PKiS4_PiS7_S7_PfP13__nv_bfloat16PhS8_SA_PK5uint2S7_S7_SA_PjSB_SB_SB_SB_SB_SB_SB_SB_SB_SA_S2_SB_SB_iilb'
ptxas info    : (C7519) warpgroup.arrive is injected in around line 234476 by compiler to allow use of registers in GMMA in function '_Z32tp8_megamoe_single_launch_kernelILi2ELi128EEv14CUtensorMap_stS0_S0_S0_PKhS2_PKfS2_S2_S4_S2_S4_PKiS4_PiS7_S7_PfP13__nv_bfloat16PhS8_SA_PK5uint2S7_S7_SA_PjSB_SB_SB_SB_SB_SB_SB_SB_SB_SA_S2_SB_SB_iilb'
ptxas info    : (C7519) warpgroup.arrive is injected in around line 234678 by compiler to allow use of registers in GMMA in function '_Z32tp8_megamoe_single_launch_kernelILi2ELi128EEv14CUtensorMap_stS0_S0_S0_PKhS2_PKfS2_S2_S4_S2_S4_PKiS4_PiS7_S7_PfP13__nv_bfloat16PhS8_SA_PK5uint2S7_S7_SA_PjSB_SB_SB_SB_SB_SB_SB_SB_SB_SA_S2_SB_SB_iilb'
ptxas info    : (C7519) warpgroup.arrive is injected in around line 234833 by compiler to allow use of registers in GMMA in function '_Z32tp8_megamoe_single_launch_kernelILi2ELi128EEv14CUtensorMap_stS0_S0_S0_PKhS2_PKfS2_S2_S4_S2_S4_PKiS4_PiS7_S7_PfP13__nv_bfloat16PhS8_SA_PK5uint2S7_S7_SA_PjSB_SB_SB_SB_SB_SB_SB_SB_SB_SA_S2_SB_SB_iilb'
ptxas info    : (C7520) Potential Performance Loss: wgmma.mma_async instructions are serialized due to program dependence on compiler-inserted WG.AR in divergent path in the function '_Z32tp8_megamoe_single_launch_kernelILi2ELi128EEv14CUtensorMap_stS0_S0_S0_PKhS2_PKfS2_S2_S4_S2_S4_PKiS4_PiS7_S7_PfP13__nv_bfloat16PhS8_SA_PK5uint2S7_S7_SA_PjSB_SB_SB_SB_SB_SB_SB_SB_SB_SA_S2_SB_SB_iilb'
ptxas info    : (C7519) warpgroup.arrive is injected in around line 220889 by compiler to allow use of registers in GMMA in function '_Z32tp8_megamoe_single_launch_kernelILi4ELi64EEv14CUtensorMap_stS0_S0_S0_PKhS2_PKfS2_S2_S4_S2_S4_PKiS4_PiS7_S7_PfP13__nv_bfloat16PhS8_SA_PK5uint2S7_S7_SA_PjSB_SB_SB_SB_SB_SB_SB_SB_SB_SA_S2_SB_SB_iilb'
ptxas info    : (C7519) warpgroup.arrive is injected in around line 221098 by compiler to allow use of registers in GMMA in function '_Z32tp8_megamoe_single_launch_kernelILi4ELi64EEv14CUtensorMap_stS0_S0_S0_PKhS2_PKfS2_S2_S4_S2_S4_PKiS4_PiS7_S7_PfP13__nv_bfloat16PhS8_SA_PK5uint2S7_S7_SA_PjSB_SB_SB_SB_SB_SB_SB_SB_SB_SA_S2_SB_SB_iilb'
ptxas info    : (C7519) warpgroup.arrive is injected in around line 221304 by compiler to allow use of registers in GMMA in function '_Z32tp8_megamoe_single_launch_kernelILi4ELi64EEv14CUtensorMap_stS0_S0_S0_PKhS2_PKfS2_S2_S4_S2_S4_PKiS4_PiS7_S7_PfP13__nv_bfloat16PhS8_SA_PK5uint2S7_S7_SA_PjSB_SB_SB_SB_SB_SB_SB_SB_SB_SA_S2_SB_SB_iilb'
ptxas info    : (C7519) warpgroup.arrive is injected in around line 221463 by compiler to allow use of registers in GMMA in function '_Z32tp8_megamoe_single_launch_kernelILi4ELi64EEv14CUtensorMap_stS0_S0_S0_PKhS2_PKfS2_S2_S4_S2_S4_PKiS4_PiS7_S7_PfP13__nv_bfloat16PhS8_SA_PK5uint2S7_S7_SA_PjSB_SB_SB_SB_SB_SB_SB_SB_SB_SA_S2_SB_SB_iilb'
ptxas info    : (C7519) warpgroup.arrive is injected in around line 221855 by compiler to allow use of registers in GMMA in function '_Z32tp8_megamoe_single_launch_kernelILi4ELi64EEv14CUtensorMap_stS0_S0_S0_PKhS2_PKfS2_S2_S4_S2_S4_PKiS4_PiS7_S7_PfP13__nv_bfloat16PhS8_SA_PK5uint2S7_S7_SA_PjSB_SB_SB_SB_SB_SB_SB_SB_SB_SA_S2_SB_SB_iilb'
ptxas info    : (C7519) warpgroup.arrive is injected in around line 222057 by compiler to allow use of registers in GMMA in function '_Z32tp8_megamoe_single_launch_kernelILi4ELi64EEv14CUtensorMap_stS0_S0_S0_PKhS2_PKfS2_S2_S4_S2_S4_PKiS4_PiS7_S7_PfP13__nv_bfloat16PhS8_SA_PK5uint2S7_S7_SA_PjSB_SB_SB_SB_SB_SB_SB_SB_SB_SA_S2_SB_SB_iilb'
ptxas info    : (C7519) warpgroup.arrive is injected in around line 222259 by compiler to allow use of registers in GMMA in function '_Z32tp8_megamoe_single_launch_kernelILi4ELi64EEv14CUtensorMap_stS0_S0_S0_PKhS2_PKfS2_S2_S4_S2_S4_PKiS4_PiS7_S7_PfP13__nv_bfloat16PhS8_SA_PK5uint2S7_S7_SA_PjSB_SB_SB_SB_SB_SB_SB_SB_SB_SA_S2_SB_SB_iilb'
ptxas info    : (C7519) warpgroup.arrive is injected in around line 222414 by compiler to allow use of registers in GMMA in function '_Z32tp8_megamoe_single_launch_kernelILi4ELi64EEv14CUtensorMap_stS0_S0_S0_PKhS2_PKfS2_S2_S4_S2_S4_PKiS4_PiS7_S7_PfP13__nv_bfloat16PhS8_SA_PK5uint2S7_S7_SA_PjSB_SB_SB_SB_SB_SB_SB_SB_SB_SA_S2_SB_SB_iilb'
ptxas info    : (C7519) warpgroup.arrive is injected in around line 222808 by compiler to allow use of registers in GMMA in function '_Z32tp8_megamoe_single_launch_kernelILi4ELi64EEv14CUtensorMap_stS0_S0_S0_PKhS2_PKfS2_S2_S4_S2_S4_PKiS4_PiS7_S7_PfP13__nv_bfloat16PhS8_SA_PK5uint2S7_S7_SA_PjSB_SB_SB_SB_SB_SB_SB_SB_SB_SA_S2_SB_SB_iilb'
ptxas info    : (C7519) warpgroup.arrive is injected in around line 223007 by compiler to allow use of registers in GMMA in function '_Z32tp8_megamoe_single_launch_kernelILi4ELi64EEv14CUtensorMap_stS0_S0_S0_PKhS2_PKfS2_S2_S4_S2_S4_PKiS4_PiS7_S7_PfP13__nv_bfloat16PhS8_SA_PK5uint2S7_S7_SA_PjSB_SB_SB_SB_SB_SB_SB_SB_SB_SA_S2_SB_SB_iilb'
ptxas info    : (C7519) warpgroup.arrive is injected in around line 223206 by compiler to allow use of registers in GMMA in function '_Z32tp8_megamoe_single_launch_kernelILi4ELi64EEv14CUtensorMap_stS0_S0_S0_PKhS2_PKfS2_S2_S4_S2_S4_PKiS4_PiS7_S7_PfP13__nv_bfloat16PhS8_SA_PK5uint2S7_S7_SA_PjSB_SB_SB_SB_SB_SB_SB_SB_SB_SA_S2_SB_SB_iilb'
ptxas info    : (C7519) warpgroup.arrive is injected in around line 223361 by compiler to allow use of registers in GMMA in function '_Z32tp8_megamoe_single_launch_kernelILi4ELi64EEv14CUtensorMap_stS0_S0_S0_PKhS2_PKfS2_S2_S4_S2_S4_PKiS4_PiS7_S7_PfP13__nv_bfloat16PhS8_SA_PK5uint2S7_S7_SA_PjSB_SB_SB_SB_SB_SB_SB_SB_SB_SA_S2_SB_SB_iilb'
ptxas info    : (C7519) warpgroup.arrive is injected in around line 225458 by compiler to allow use of registers in GMMA in function '_Z32tp8_megamoe_single_launch_kernelILi4ELi64EEv14CUtensorMap_stS0_S0_S0_PKhS2_PKfS2_S2_S4_S2_S4_PKiS4_PiS7_S7_PfP13__nv_bfloat16PhS8_SA_PK5uint2S7_S7_SA_PjSB_SB_SB_SB_SB_SB_SB_SB_SB_SA_S2_SB_SB_iilb'
ptxas info    : (C7519) warpgroup.arrive is injected in around line 225667 by compiler to allow use of registers in GMMA in function '_Z32tp8_megamoe_single_launch_kernelILi4ELi64EEv14CUtensorMap_stS0_S0_S0_PKhS2_PKfS2_S2_S4_S2_S4_PKiS4_PiS7_S7_PfP13__nv_bfloat16PhS8_SA_PK5uint2S7_S7_SA_PjSB_SB_SB_SB_SB_SB_SB_SB_SB_SA_S2_SB_SB_iilb'
ptxas info    : (C7519) warpgroup.arrive is injected in around line 225873 by compiler to allow use of registers in GMMA in function '_Z32tp8_megamoe_single_launch_kernelILi4ELi64EEv14CUtensorMap_stS0_S0_S0_PKhS2_PKfS2_S2_S4_S2_S4_PKiS4_PiS7_S7_PfP13__nv_bfloat16PhS8_SA_PK5uint2S7_S7_SA_PjSB_SB_SB_SB_SB_SB_SB_SB_SB_SA_S2_SB_SB_iilb'
ptxas info    : (C7519) warpgroup.arrive is injected in around line 226032 by compiler to allow use of registers in GMMA in function '_Z32tp8_megamoe_single_launch_kernelILi4ELi64EEv14CUtensorMap_stS0_S0_S0_PKhS2_PKfS2_S2_S4_S2_S4_PKiS4_PiS7_S7_PfP13__nv_bfloat16PhS8_SA_PK5uint2S7_S7_SA_PjSB_SB_SB_SB_SB_SB_SB_SB_SB_SA_S2_SB_SB_iilb'
ptxas info    : (C7519) warpgroup.arrive is injected in around line 226400 by compiler to allow use of registers in GMMA in function '_Z32tp8_megamoe_single_launch_kernelILi4ELi64EEv14CUtensorMap_stS0_S0_S0_PKhS2_PKfS2_S2_S4_S2_S4_PKiS4_PiS7_S7_PfP13__nv_bfloat16PhS8_SA_PK5uint2S7_S7_SA_PjSB_SB_SB_SB_SB_SB_SB_SB_SB_SA_S2_SB_SB_iilb'
ptxas info    : (C7519) warpgroup.arrive is injected in around line 226602 by compiler to allow use of registers in GMMA in function '_Z32tp8_megamoe_single_launch_kernelILi4ELi64EEv14CUtensorMap_stS0_S0_S0_PKhS2_PKfS2_S2_S4_S2_S4_PKiS4_PiS7_S7_PfP13__nv_bfloat16PhS8_SA_PK5uint2S7_S7_SA_PjSB_SB_SB_SB_SB_SB_SB_SB_SB_SA_S2_SB_SB_iilb'
ptxas info    : (C7519) warpgroup.arrive is injected in around line 226804 by compiler to allow use of registers in GMMA in function '_Z32tp8_megamoe_single_launch_kernelILi4ELi64EEv14CUtensorMap_stS0_S0_S0_PKhS2_PKfS2_S2_S4_S2_S4_PKiS4_PiS7_S7_PfP13__nv_bfloat16PhS8_SA_PK5uint2S7_S7_SA_PjSB_SB_SB_SB_SB_SB_SB_SB_SB_SA_S2_SB_SB_iilb'
ptxas info    : (C7519) warpgroup.arrive is injected in around line 226959 by compiler to allow use of registers in GMMA in function '_Z32tp8_megamoe_single_launch_kernelILi4ELi64EEv14CUtensorMap_stS0_S0_S0_PKhS2_PKfS2_S2_S4_S2_S4_PKiS4_PiS7_S7_PfP13__nv_bfloat16PhS8_SA_PK5uint2S7_S7_SA_PjSB_SB_SB_SB_SB_SB_SB_SB_SB_SA_S2_SB_SB_iilb'
ptxas info    : (C7520) Potential Performance Loss: wgmma.mma_async instructions are serialized due to program dependence on compiler-inserted WG.AR in divergent path in the function '_Z32tp8_megamoe_single_launch_kernelILi4ELi64EEv14CUtensorMap_stS0_S0_S0_PKhS2_PKfS2_S2_S4_S2_S4_PKiS4_PiS7_S7_PfP13__nv_bfloat16PhS8_SA_PK5uint2S7_S7_SA_PjSB_SB_SB_SB_SB_SB_SB_SB_SB_SA_S2_SB_SB_iilb'
ptxas info    : (C7519) warpgroup.arrive is injected in around line 213019 by compiler to allow use of registers in GMMA in function '_Z32tp8_megamoe_single_launch_kernelILi2ELi64EEv14CUtensorMap_stS0_S0_S0_PKhS2_PKfS2_S2_S4_S2_S4_PKiS4_PiS7_S7_PfP13__nv_bfloat16PhS8_SA_PK5uint2S7_S7_SA_PjSB_SB_SB_SB_SB_SB_SB_SB_SB_SA_S2_SB_SB_iilb'
ptxas info    : (C7519) warpgroup.arrive is injected in around line 213228 by compiler to allow use of registers in GMMA in function '_Z32tp8_megamoe_single_launch_kernelILi2ELi64EEv14CUtensorMap_stS0_S0_S0_PKhS2_PKfS2_S2_S4_S2_S4_PKiS4_PiS7_S7_PfP13__nv_bfloat16PhS8_SA_PK5uint2S7_S7_SA_PjSB_SB_SB_SB_SB_SB_SB_SB_SB_SA_S2_SB_SB_iilb'
ptxas info    : (C7519) warpgroup.arrive is injected in around line 213434 by compiler to allow use of registers in GMMA in function '_Z32tp8_megamoe_single_launch_kernelILi2ELi64EEv14CUtensorMap_stS0_S0_S0_PKhS2_PKfS2_S2_S4_S2_S4_PKiS4_PiS7_S7_PfP13__nv_bfloat16PhS8_SA_PK5uint2S7_S7_SA_PjSB_SB_SB_SB_SB_SB_SB_SB_SB_SA_S2_SB_SB_iilb'
ptxas info    : (C7519) warpgroup.arrive is injected in around line 213593 by compiler to allow use of registers in GMMA in function '_Z32tp8_megamoe_single_launch_kernelILi2ELi64EEv14CUtensorMap_stS0_S0_S0_PKhS2_PKfS2_S2_S4_S2_S4_PKiS4_PiS7_S7_PfP13__nv_bfloat16PhS8_SA_PK5uint2S7_S7_SA_PjSB_SB_SB_SB_SB_SB_SB_SB_SB_SA_S2_SB_SB_iilb'
ptxas info    : (C7519) warpgroup.arrive is injected in around line 213985 by compiler to allow use of registers in GMMA in function '_Z32tp8_megamoe_single_launch_kernelILi2ELi64EEv14CUtensorMap_stS0_S0_S0_PKhS2_PKfS2_S2_S4_S2_S4_PKiS4_PiS7_S7_PfP13__nv_bfloat16PhS8_SA_PK5uint2S7_S7_SA_PjSB_SB_SB_SB_SB_SB_SB_SB_SB_SA_S2_SB_SB_iilb'
ptxas info    : (C7519) warpgroup.arrive is injected in around line 214187 by compiler to allow use of registers in GMMA in function '_Z32tp8_megamoe_single_launch_kernelILi2ELi64EEv14CUtensorMap_stS0_S0_S0_PKhS2_PKfS2_S2_S4_S2_S4_PKiS4_PiS7_S7_PfP13__nv_bfloat16PhS8_SA_PK5uint2S7_S7_SA_PjSB_SB_SB_SB_SB_SB_SB_SB_SB_SA_S2_SB_SB_iilb'
ptxas info    : (C7519) warpgroup.arrive is injected in around line 214389 by compiler to allow use of registers in GMMA in function '_Z32tp8_megamoe_single_launch_kernelILi2ELi64EEv14CUtensorMap_stS0_S0_S0_PKhS2_PKfS2_S2_S4_S2_S4_PKiS4_PiS7_S7_PfP13__nv_bfloat16PhS8_SA_PK5uint2S7_S7_SA_PjSB_SB_SB_SB_SB_SB_SB_SB_SB_SA_S2_SB_SB_iilb'
ptxas info    : (C7519) warpgroup.arrive is injected in around line 214544 by compiler to allow use of registers in GMMA in function '_Z32tp8_megamoe_single_launch_kernelILi2ELi64EEv14CUtensorMap_stS0_S0_S0_PKhS2_PKfS2_S2_S4_S2_S4_PKiS4_PiS7_S7_PfP13__nv_bfloat16PhS8_SA_PK5uint2S7_S7_SA_PjSB_SB_SB_SB_SB_SB_SB_SB_SB_SA_S2_SB_SB_iilb'
ptxas info    : (C7519) warpgroup.arrive is injected in around line 214938 by compiler to allow use of registers in GMMA in function '_Z32tp8_megamoe_single_launch_kernelILi2ELi64EEv14CUtensorMap_stS0_S0_S0_PKhS2_PKfS2_S2_S4_S2_S4_PKiS4_PiS7_S7_PfP13__nv_bfloat16PhS8_SA_PK5uint2S7_S7_SA_PjSB_SB_SB_SB_SB_SB_SB_SB_SB_SA_S2_SB_SB_iilb'
ptxas info    : (C7519) warpgroup.arrive is injected in around line 215137 by compiler to allow use of registers in GMMA in function '_Z32tp8_megamoe_single_launch_kernelILi2ELi64EEv14CUtensorMap_stS0_S0_S0_PKhS2_PKfS2_S2_S4_S2_S4_PKiS4_PiS7_S7_PfP13__nv_bfloat16PhS8_SA_PK5uint2S7_S7_SA_PjSB_SB_SB_SB_SB_SB_SB_SB_SB_SA_S2_SB_SB_iilb'
ptxas info    : (C7519) warpgroup.arrive is injected in around line 215336 by compiler to allow use of registers in GMMA in function '_Z32tp8_megamoe_single_launch_kernelILi2ELi64EEv14CUtensorMap_stS0_S0_S0_PKhS2_PKfS2_S2_S4_S2_S4_PKiS4_PiS7_S7_PfP13__nv_bfloat16PhS8_SA_PK5uint2S7_S7_SA_PjSB_SB_SB_SB_SB_SB_SB_SB_SB_SA_S2_SB_SB_iilb'
ptxas info    : (C7519) warpgroup.arrive is injected in around line 215491 by compiler to allow use of registers in GMMA in function '_Z32tp8_megamoe_single_launch_kernelILi2ELi64EEv14CUtensorMap_stS0_S0_S0_PKhS2_PKfS2_S2_S4_S2_S4_PKiS4_PiS7_S7_PfP13__nv_bfloat16PhS8_SA_PK5uint2S7_S7_SA_PjSB_SB_SB_SB_SB_SB_SB_SB_SB_SA_S2_SB_SB_iilb'
ptxas info    : (C7519) warpgroup.arrive is injected in around line 217578 by compiler to allow use of registers in GMMA in function '_Z32tp8_megamoe_single_launch_kernelILi2ELi64EEv14CUtensorMap_stS0_S0_S0_PKhS2_PKfS2_S2_S4_S2_S4_PKiS4_PiS7_S7_PfP13__nv_bfloat16PhS8_SA_PK5uint2S7_S7_SA_PjSB_SB_SB_SB_SB_SB_SB_SB_SB_SA_S2_SB_SB_iilb'
ptxas info    : (C7519) warpgroup.arrive is injected in around line 217787 by compiler to allow use of registers in GMMA in function '_Z32tp8_megamoe_single_launch_kernelILi2ELi64EEv14CUtensorMap_stS0_S0_S0_PKhS2_PKfS2_S2_S4_S2_S4_PKiS4_PiS7_S7_PfP13__nv_bfloat16PhS8_SA_PK5uint2S7_S7_SA_PjSB_SB_SB_SB_SB_SB_SB_SB_SB_SA_S2_SB_SB_iilb'
ptxas info    : (C7519) warpgroup.arrive is injected in around line 217993 by compiler to allow use of registers in GMMA in function '_Z32tp8_megamoe_single_launch_kernelILi2ELi64EEv14CUtensorMap_stS0_S0_S0_PKhS2_PKfS2_S2_S4_S2_S4_PKiS4_PiS7_S7_PfP13__nv_bfloat16PhS8_SA_PK5uint2S7_S7_SA_PjSB_SB_SB_SB_SB_SB_SB_SB_SB_SA_S2_SB_SB_iilb'
ptxas info    : (C7519) warpgroup.arrive is injected in around line 218152 by compiler to allow use of registers in GMMA in function '_Z32tp8_megamoe_single_launch_kernelILi2ELi64EEv14CUtensorMap_stS0_S0_S0_PKhS2_PKfS2_S2_S4_S2_S4_PKiS4_PiS7_S7_PfP13__nv_bfloat16PhS8_SA_PK5uint2S7_S7_SA_PjSB_SB_SB_SB_SB_SB_SB_SB_SB_SA_S2_SB_SB_iilb'
ptxas info    : (C7519) warpgroup.arrive is injected in around line 218520 by compiler to allow use of registers in GMMA in function '_Z32tp8_megamoe_single_launch_kernelILi2ELi64EEv14CUtensorMap_stS0_S0_S0_PKhS2_PKfS2_S2_S4_S2_S4_PKiS4_PiS7_S7_PfP13__nv_bfloat16PhS8_SA_PK5uint2S7_S7_SA_PjSB_SB_SB_SB_SB_SB_SB_SB_SB_SA_S2_SB_SB_iilb'
ptxas info    : (C7519) warpgroup.arrive is injected in around line 218722 by compiler to allow use of registers in GMMA in function '_Z32tp8_megamoe_single_launch_kernelILi2ELi64EEv14CUtensorMap_stS0_S0_S0_PKhS2_PKfS2_S2_S4_S2_S4_PKiS4_PiS7_S7_PfP13__nv_bfloat16PhS8_SA_PK5uint2S7_S7_SA_PjSB_SB_SB_SB_SB_SB_SB_SB_SB_SA_S2_SB_SB_iilb'
ptxas info    : (C7519) warpgroup.arrive is injected in around line 218924 by compiler to allow use of registers in GMMA in function '_Z32tp8_megamoe_single_launch_kernelILi2ELi64EEv14CUtensorMap_stS0_S0_S0_PKhS2_PKfS2_S2_S4_S2_S4_PKiS4_PiS7_S7_PfP13__nv_bfloat16PhS8_SA_PK5uint2S7_S7_SA_PjSB_SB_SB_SB_SB_SB_SB_SB_SB_SA_S2_SB_SB_iilb'
ptxas info    : (C7519) warpgroup.arrive is injected in around line 219079 by compiler to allow use of registers in GMMA in function '_Z32tp8_megamoe_single_launch_kernelILi2ELi64EEv14CUtensorMap_stS0_S0_S0_PKhS2_PKfS2_S2_S4_S2_S4_PKiS4_PiS7_S7_PfP13__nv_bfloat16PhS8_SA_PK5uint2S7_S7_SA_PjSB_SB_SB_SB_SB_SB_SB_SB_SB_SA_S2_SB_SB_iilb'
ptxas info    : (C7520) Potential Performance Loss: wgmma.mma_async instructions are serialized due to program dependence on compiler-inserted WG.AR in divergent path in the function '_Z32tp8_megamoe_single_launch_kernelILi2ELi64EEv14CUtensorMap_stS0_S0_S0_PKhS2_PKfS2_S2_S4_S2_S4_PKiS4_PiS7_S7_PfP13__nv_bfloat16PhS8_SA_PK5uint2S7_S7_SA_PjSB_SB_SB_SB_SB_SB_SB_SB_SB_SA_S2_SB_SB_iilb'
ptxas info    : (C7519) warpgroup.arrive is injected in around line 205135 by compiler to allow use of registers in GMMA in function '_Z32tp8_megamoe_single_launch_kernelILi4ELi32EEv14CUtensorMap_stS0_S0_S0_PKhS2_PKfS2_S2_S4_S2_S4_PKiS4_PiS7_S7_PfP13__nv_bfloat16PhS8_SA_PK5uint2S7_S7_SA_PjSB_SB_SB_SB_SB_SB_SB_SB_SB_SA_S2_SB_SB_iilb'
ptxas info    : (C7519) warpgroup.arrive is injected in around line 205344 by compiler to allow use of registers in GMMA in function '_Z32tp8_megamoe_single_launch_kernelILi4ELi32EEv14CUtensorMap_stS0_S0_S0_PKhS2_PKfS2_S2_S4_S2_S4_PKiS4_PiS7_S7_PfP13__nv_bfloat16PhS8_SA_PK5uint2S7_S7_SA_PjSB_SB_SB_SB_SB_SB_SB_SB_SB_SA_S2_SB_SB_iilb'
ptxas info    : (C7519) warpgroup.arrive is injected in around line 205550 by compiler to allow use of registers in GMMA in function '_Z32tp8_megamoe_single_launch_kernelILi4ELi32EEv14CUtensorMap_stS0_S0_S0_PKhS2_PKfS2_S2_S4_S2_S4_PKiS4_PiS7_S7_PfP13__nv_bfloat16PhS8_SA_PK5uint2S7_S7_SA_PjSB_SB_SB_SB_SB_SB_SB_SB_SB_SA_S2_SB_SB_iilb'
ptxas info    : (C7519) warpgroup.arrive is injected in around line 205709 by compiler to allow use of registers in GMMA in function '_Z32tp8_megamoe_single_launch_kernelILi4ELi32EEv14CUtensorMap_stS0_S0_S0_PKhS2_PKfS2_S2_S4_S2_S4_PKiS4_PiS7_S7_PfP13__nv_bfloat16PhS8_SA_PK5uint2S7_S7_SA_PjSB_SB_SB_SB_SB_SB_SB_SB_SB_SA_S2_SB_SB_iilb'
ptxas info    : (C7519) warpgroup.arrive is injected in around line 206101 by compiler to allow use of registers in GMMA in function '_Z32tp8_megamoe_single_launch_kernelILi4ELi32EEv14CUtensorMap_stS0_S0_S0_PKhS2_PKfS2_S2_S4_S2_S4_PKiS4_PiS7_S7_PfP13__nv_bfloat16PhS8_SA_PK5uint2S7_S7_SA_PjSB_SB_SB_SB_SB_SB_SB_SB_SB_SA_S2_SB_SB_iilb'
ptxas info    : (C7519) warpgroup.arrive is injected in around line 206303 by compiler to allow use of registers in GMMA in function '_Z32tp8_megamoe_single_launch_kernelILi4ELi32EEv14CUtensorMap_stS0_S0_S0_PKhS2_PKfS2_S2_S4_S2_S4_PKiS4_PiS7_S7_PfP13__nv_bfloat16PhS8_SA_PK5uint2S7_S7_SA_PjSB_SB_SB_SB_SB_SB_SB_SB_SB_SA_S2_SB_SB_iilb'
ptxas info    : (C7519) warpgroup.arrive is injected in around line 206505 by compiler to allow use of registers in GMMA in function '_Z32tp8_megamoe_single_launch_kernelILi4ELi32EEv14CUtensorMap_stS0_S0_S0_PKhS2_PKfS2_S2_S4_S2_S4_PKiS4_PiS7_S7_PfP13__nv_bfloat16PhS8_SA_PK5uint2S7_S7_SA_PjSB_SB_SB_SB_SB_SB_SB_SB_SB_SA_S2_SB_SB_iilb'
ptxas info    : (C7519) warpgroup.arrive is injected in around line 206660 by compiler to allow use of registers in GMMA in function '_Z32tp8_megamoe_single_launch_kernelILi4ELi32EEv14CUtensorMap_stS0_S0_S0_PKhS2_PKfS2_S2_S4_S2_S4_PKiS4_PiS7_S7_PfP13__nv_bfloat16PhS8_SA_PK5uint2S7_S7_SA_PjSB_SB_SB_SB_SB_SB_SB_SB_SB_SA_S2_SB_SB_iilb'
ptxas info    : (C7519) warpgroup.arrive is injected in around line 207054 by compiler to allow use of registers in GMMA in function '_Z32tp8_megamoe_single_launch_kernelILi4ELi32EEv14CUtensorMap_stS0_S0_S0_PKhS2_PKfS2_S2_S4_S2_S4_PKiS4_PiS7_S7_PfP13__nv_bfloat16PhS8_SA_PK5uint2S7_S7_SA_PjSB_SB_SB_SB_SB_SB_SB_SB_SB_SA_S2_SB_SB_iilb'
ptxas info    : (C7519) warpgroup.arrive is injected in around line 207253 by compiler to allow use of registers in GMMA in function '_Z32tp8_megamoe_single_launch_kernelILi4ELi32EEv14CUtensorMap_stS0_S0_S0_PKhS2_PKfS2_S2_S4_S2_S4_PKiS4_PiS7_S7_PfP13__nv_bfloat16PhS8_SA_PK5uint2S7_S7_SA_PjSB_SB_SB_SB_SB_SB_SB_SB_SB_SA_S2_SB_SB_iilb'
ptxas info    : (C7519) warpgroup.arrive is injected in around line 207452 by compiler to allow use of registers in GMMA in function '_Z32tp8_megamoe_single_launch_kernelILi4ELi32EEv14CUtensorMap_stS0_S0_S0_PKhS2_PKfS2_S2_S4_S2_S4_PKiS4_PiS7_S7_PfP13__nv_bfloat16PhS8_SA_PK5uint2S7_S7_SA_PjSB_SB_SB_SB_SB_SB_SB_SB_SB_SA_S2_SB_SB_iilb'
ptxas info    : (C7519) warpgroup.arrive is injected in around line 207607 by compiler to allow use of registers in GMMA in function '_Z32tp8_megamoe_single_launch_kernelILi4ELi32EEv14CUtensorMap_stS0_S0_S0_PKhS2_PKfS2_S2_S4_S2_S4_PKiS4_PiS7_S7_PfP13__nv_bfloat16PhS8_SA_PK5uint2S7_S7_SA_PjSB_SB_SB_SB_SB_SB_SB_SB_SB_SA_S2_SB_SB_iilb'
ptxas info    : (C7519) warpgroup.arrive is injected in around line 209704 by compiler to allow use of registers in GMMA in function '_Z32tp8_megamoe_single_launch_kernelILi4ELi32EEv14CUtensorMap_stS0_S0_S0_PKhS2_PKfS2_S2_S4_S2_S4_PKiS4_PiS7_S7_PfP13__nv_bfloat16PhS8_SA_PK5uint2S7_S7_SA_PjSB_SB_SB_SB_SB_SB_SB_SB_SB_SA_S2_SB_SB_iilb'
ptxas info    : (C7519) warpgroup.arrive is injected in around line 209913 by compiler to allow use of registers in GMMA in function '_Z32tp8_megamoe_single_launch_kernelILi4ELi32EEv14CUtensorMap_stS0_S0_S0_PKhS2_PKfS2_S2_S4_S2_S4_PKiS4_PiS7_S7_PfP13__nv_bfloat16PhS8_SA_PK5uint2S7_S7_SA_PjSB_SB_SB_SB_SB_SB_SB_SB_SB_SA_S2_SB_SB_iilb'
ptxas info    : (C7519) warpgroup.arrive is injected in around line 210119 by compiler to allow use of registers in GMMA in function '_Z32tp8_megamoe_single_launch_kernelILi4ELi32EEv14CUtensorMap_stS0_S0_S0_PKhS2_PKfS2_S2_S4_S2_S4_PKiS4_PiS7_S7_PfP13__nv_bfloat16PhS8_SA_PK5uint2S7_S7_SA_PjSB_SB_SB_SB_SB_SB_SB_SB_SB_SA_S2_SB_SB_iilb'
ptxas info    : (C7519) warpgroup.arrive is injected in around line 210278 by compiler to allow use of registers in GMMA in function '_Z32tp8_megamoe_single_launch_kernelILi4ELi32EEv14CUtensorMap_stS0_S0_S0_PKhS2_PKfS2_S2_S4_S2_S4_PKiS4_PiS7_S7_PfP13__nv_bfloat16PhS8_SA_PK5uint2S7_S7_SA_PjSB_SB_SB_SB_SB_SB_SB_SB_SB_SA_S2_SB_SB_iilb'
ptxas info    : (C7519) warpgroup.arrive is injected in around line 210646 by compiler to allow use of registers in GMMA in function '_Z32tp8_megamoe_single_launch_kernelILi4ELi32EEv14CUtensorMap_stS0_S0_S0_PKhS2_PKfS2_S2_S4_S2_S4_PKiS4_PiS7_S7_PfP13__nv_bfloat16PhS8_SA_PK5uint2S7_S7_SA_PjSB_SB_SB_SB_SB_SB_SB_SB_SB_SA_S2_SB_SB_iilb'
ptxas info    : (C7519) warpgroup.arrive is injected in around line 210848 by compiler to allow use of registers in GMMA in function '_Z32tp8_megamoe_single_launch_kernelILi4ELi32EEv14CUtensorMap_stS0_S0_S0_PKhS2_PKfS2_S2_S4_S2_S4_PKiS4_PiS7_S7_PfP13__nv_bfloat16PhS8_SA_PK5uint2S7_S7_SA_PjSB_SB_SB_SB_SB_SB_SB_SB_SB_SA_S2_SB_SB_iilb'
ptxas info    : (C7519) warpgroup.arrive is injected in around line 211050 by compiler to allow use of registers in GMMA in function '_Z32tp8_megamoe_single_launch_kernelILi4ELi32EEv14CUtensorMap_stS0_S0_S0_PKhS2_PKfS2_S2_S4_S2_S4_PKiS4_PiS7_S7_PfP13__nv_bfloat16PhS8_SA_PK5uint2S7_S7_SA_PjSB_SB_SB_SB_SB_SB_SB_SB_SB_SA_S2_SB_SB_iilb'
ptxas info    : (C7519) warpgroup.arrive is injected in around line 211205 by compiler to allow use of registers in GMMA in function '_Z32tp8_megamoe_single_launch_kernelILi4ELi32EEv14CUtensorMap_stS0_S0_S0_PKhS2_PKfS2_S2_S4_S2_S4_PKiS4_PiS7_S7_PfP13__nv_bfloat16PhS8_SA_PK5uint2S7_S7_SA_PjSB_SB_SB_SB_SB_SB_SB_SB_SB_SA_S2_SB_SB_iilb'
ptxas info    : (C7520) Potential Performance Loss: wgmma.mma_async instructions are serialized due to program dependence on compiler-inserted WG.AR in divergent path in the function '_Z32tp8_megamoe_single_launch_kernelILi4ELi32EEv14CUtensorMap_stS0_S0_S0_PKhS2_PKfS2_S2_S4_S2_S4_PKiS4_PiS7_S7_PfP13__nv_bfloat16PhS8_SA_PK5uint2S7_S7_SA_PjSB_SB_SB_SB_SB_SB_SB_SB_SB_SA_S2_SB_SB_iilb'
ptxas info    : (C7519) warpgroup.arrive is injected in around line 197265 by compiler to allow use of registers in GMMA in function '_Z32tp8_megamoe_single_launch_kernelILi2ELi32EEv14CUtensorMap_stS0_S0_S0_PKhS2_PKfS2_S2_S4_S2_S4_PKiS4_PiS7_S7_PfP13__nv_bfloat16PhS8_SA_PK5uint2S7_S7_SA_PjSB_SB_SB_SB_SB_SB_SB_SB_SB_SA_S2_SB_SB_iilb'
ptxas info    : (C7519) warpgroup.arrive is injected in around line 197474 by compiler to allow use of registers in GMMA in function '_Z32tp8_megamoe_single_launch_kernelILi2ELi32EEv14CUtensorMap_stS0_S0_S0_PKhS2_PKfS2_S2_S4_S2_S4_PKiS4_PiS7_S7_PfP13__nv_bfloat16PhS8_SA_PK5uint2S7_S7_SA_PjSB_SB_SB_SB_SB_SB_SB_SB_SB_SA_S2_SB_SB_iilb'
ptxas info    : (C7519) warpgroup.arrive is injected in around line 197680 by compiler to allow use of registers in GMMA in function '_Z32tp8_megamoe_single_launch_kernelILi2ELi32EEv14CUtensorMap_stS0_S0_S0_PKhS2_PKfS2_S2_S4_S2_S4_PKiS4_PiS7_S7_PfP13__nv_bfloat16PhS8_SA_PK5uint2S7_S7_SA_PjSB_SB_SB_SB_SB_SB_SB_SB_SB_SA_S2_SB_SB_iilb'
ptxas info    : (C7519) warpgroup.arrive is injected in around line 197839 by compiler to allow use of registers in GMMA in function '_Z32tp8_megamoe_single_launch_kernelILi2ELi32EEv14CUtensorMap_stS0_S0_S0_PKhS2_PKfS2_S2_S4_S2_S4_PKiS4_PiS7_S7_PfP13__nv_bfloat16PhS8_SA_PK5uint2S7_S7_SA_PjSB_SB_SB_SB_SB_SB_SB_SB_SB_SA_S2_SB_SB_iilb'
ptxas info    : (C7519) warpgroup.arrive is injected in around line 198231 by compiler to allow use of registers in GMMA in function '_Z32tp8_megamoe_single_launch_kernelILi2ELi32EEv14CUtensorMap_stS0_S0_S0_PKhS2_PKfS2_S2_S4_S2_S4_PKiS4_PiS7_S7_PfP13__nv_bfloat16PhS8_SA_PK5uint2S7_S7_SA_PjSB_SB_SB_SB_SB_SB_SB_SB_SB_SA_S2_SB_SB_iilb'
ptxas info    : (C7519) warpgroup.arrive is injected in around line 198433 by compiler to allow use of registers in GMMA in function '_Z32tp8_megamoe_single_launch_kernelILi2ELi32EEv14CUtensorMap_stS0_S0_S0_PKhS2_PKfS2_S2_S4_S2_S4_PKiS4_PiS7_S7_PfP13__nv_bfloat16PhS8_SA_PK5uint2S7_S7_SA_PjSB_SB_SB_SB_SB_SB_SB_SB_SB_SA_S2_SB_SB_iilb'
ptxas info    : (C7519) warpgroup.arrive is injected in around line 198635 by compiler to allow use of registers in GMMA in function '_Z32tp8_megamoe_single_launch_kernelILi2ELi32EEv14CUtensorMap_stS0_S0_S0_PKhS2_PKfS2_S2_S4_S2_S4_PKiS4_PiS7_S7_PfP13__nv_bfloat16PhS8_SA_PK5uint2S7_S7_SA_PjSB_SB_SB_SB_SB_SB_SB_SB_SB_SA_S2_SB_SB_iilb'
ptxas info    : (C7519) warpgroup.arrive is injected in around line 198790 by compiler to allow use of registers in GMMA in function '_Z32tp8_megamoe_single_launch_kernelILi2ELi32EEv14CUtensorMap_stS0_S0_S0_PKhS2_PKfS2_S2_S4_S2_S4_PKiS4_PiS7_S7_PfP13__nv_bfloat16PhS8_SA_PK5uint2S7_S7_SA_PjSB_SB_SB_SB_SB_SB_SB_SB_SB_SA_S2_SB_SB_iilb'
ptxas info    : (C7519) warpgroup.arrive is injected in around line 199184 by compiler to allow use of registers in GMMA in function '_Z32tp8_megamoe_single_launch_kernelILi2ELi32EEv14CUtensorMap_stS0_S0_S0_PKhS2_PKfS2_S2_S4_S2_S4_PKiS4_PiS7_S7_PfP13__nv_bfloat16PhS8_SA_PK5uint2S7_S7_SA_PjSB_SB_SB_SB_SB_SB_SB_SB_SB_SA_S2_SB_SB_iilb'
ptxas info    : (C7519) warpgroup.arrive is injected in around line 199383 by compiler to allow use of registers in GMMA in function '_Z32tp8_megamoe_single_launch_kernelILi2ELi32EEv14CUtensorMap_stS0_S0_S0_PKhS2_PKfS2_S2_S4_S2_S4_PKiS4_PiS7_S7_PfP13__nv_bfloat16PhS8_SA_PK5uint2S7_S7_SA_PjSB_SB_SB_SB_SB_SB_SB_SB_SB_SA_S2_SB_SB_iilb'
ptxas info    : (C7519) warpgroup.arrive is injected in around line 199582 by compiler to allow use of registers in GMMA in function '_Z32tp8_megamoe_single_launch_kernelILi2ELi32EEv14CUtensorMap_stS0_S0_S0_PKhS2_PKfS2_S2_S4_S2_S4_PKiS4_PiS7_S7_PfP13__nv_bfloat16PhS8_SA_PK5uint2S7_S7_SA_PjSB_SB_SB_SB_SB_SB_SB_SB_SB_SA_S2_SB_SB_iilb'
ptxas info    : (C7519) warpgroup.arrive is injected in around line 199737 by compiler to allow use of registers in GMMA in function '_Z32tp8_megamoe_single_launch_kernelILi2ELi32EEv14CUtensorMap_stS0_S0_S0_PKhS2_PKfS2_S2_S4_S2_S4_PKiS4_PiS7_S7_PfP13__nv_bfloat16PhS8_SA_PK5uint2S7_S7_SA_PjSB_SB_SB_SB_SB_SB_SB_SB_SB_SA_S2_SB_SB_iilb'
ptxas info    : (C7519) warpgroup.arrive is injected in around line 201824 by compiler to allow use of registers in GMMA in function '_Z32tp8_megamoe_single_launch_kernelILi2ELi32EEv14CUtensorMap_stS0_S0_S0_PKhS2_PKfS2_S2_S4_S2_S4_PKiS4_PiS7_S7_PfP13__nv_bfloat16PhS8_SA_PK5uint2S7_S7_SA_PjSB_SB_SB_SB_SB_SB_SB_SB_SB_SA_S2_SB_SB_iilb'
ptxas info    : (C7519) warpgroup.arrive is injected in around line 202033 by compiler to allow use of registers in GMMA in function '_Z32tp8_megamoe_single_launch_kernelILi2ELi32EEv14CUtensorMap_stS0_S0_S0_PKhS2_PKfS2_S2_S4_S2_S4_PKiS4_PiS7_S7_PfP13__nv_bfloat16PhS8_SA_PK5uint2S7_S7_SA_PjSB_SB_SB_SB_SB_SB_SB_SB_SB_SA_S2_SB_SB_iilb'
ptxas info    : (C7519) warpgroup.arrive is injected in around line 202239 by compiler to allow use of registers in GMMA in function '_Z32tp8_megamoe_single_launch_kernelILi2ELi32EEv14CUtensorMap_stS0_S0_S0_PKhS2_PKfS2_S2_S4_S2_S4_PKiS4_PiS7_S7_PfP13__nv_bfloat16PhS8_SA_PK5uint2S7_S7_SA_PjSB_SB_SB_SB_SB_SB_SB_SB_SB_SA_S2_SB_SB_iilb'
ptxas info    : (C7519) warpgroup.arrive is injected in around line 202398 by compiler to allow use of registers in GMMA in function '_Z32tp8_megamoe_single_launch_kernelILi2ELi32EEv14CUtensorMap_stS0_S0_S0_PKhS2_PKfS2_S2_S4_S2_S4_PKiS4_PiS7_S7_PfP13__nv_bfloat16PhS8_SA_PK5uint2S7_S7_SA_PjSB_SB_SB_SB_SB_SB_SB_SB_SB_SA_S2_SB_SB_iilb'
ptxas info    : (C7519) warpgroup.arrive is injected in around line 202766 by compiler to allow use of registers in GMMA in function '_Z32tp8_megamoe_single_launch_kernelILi2ELi32EEv14CUtensorMap_stS0_S0_S0_PKhS2_PKfS2_S2_S4_S2_S4_PKiS4_PiS7_S7_PfP13__nv_bfloat16PhS8_SA_PK5uint2S7_S7_SA_PjSB_SB_SB_SB_SB_SB_SB_SB_SB_SA_S2_SB_SB_iilb'
ptxas info    : (C7519) warpgroup.arrive is injected in around line 202968 by compiler to allow use of registers in GMMA in function '_Z32tp8_megamoe_single_launch_kernelILi2ELi32EEv14CUtensorMap_stS0_S0_S0_PKhS2_PKfS2_S2_S4_S2_S4_PKiS4_PiS7_S7_PfP13__nv_bfloat16PhS8_SA_PK5uint2S7_S7_SA_PjSB_SB_SB_SB_SB_SB_SB_SB_SB_SA_S2_SB_SB_iilb'
ptxas info    : (C7519) warpgroup.arrive is injected in around line 203170 by compiler to allow use of registers in GMMA in function '_Z32tp8_megamoe_single_launch_kernelILi2ELi32EEv14CUtensorMap_stS0_S0_S0_PKhS2_PKfS2_S2_S4_S2_S4_PKiS4_PiS7_S7_PfP13__nv_bfloat16PhS8_SA_PK5uint2S7_S7_SA_PjSB_SB_SB_SB_SB_SB_SB_SB_SB_SA_S2_SB_SB_iilb'
ptxas info    : (C7519) warpgroup.arrive is injected in around line 203325 by compiler to allow use of registers in GMMA in function '_Z32tp8_megamoe_single_launch_kernelILi2ELi32EEv14CUtensorMap_stS0_S0_S0_PKhS2_PKfS2_S2_S4_S2_S4_PKiS4_PiS7_S7_PfP13__nv_bfloat16PhS8_SA_PK5uint2S7_S7_SA_PjSB_SB_SB_SB_SB_SB_SB_SB_SB_SA_S2_SB_SB_iilb'
ptxas info    : (C7520) Potential Performance Loss: wgmma.mma_async instructions are serialized due to program dependence on compiler-inserted WG.AR in divergent path in the function '_Z32tp8_megamoe_single_launch_kernelILi2ELi32EEv14CUtensorMap_stS0_S0_S0_PKhS2_PKfS2_S2_S4_S2_S4_PKiS4_PiS7_S7_PfP13__nv_bfloat16PhS8_SA_PK5uint2S7_S7_SA_PjSB_SB_SB_SB_SB_SB_SB_SB_SB_SA_S2_SB_SB_iilb'
ptxas info    : (C7519) warpgroup.arrive is injected in around line 189349 by compiler to allow use of registers in GMMA in function '_Z32tp8_megamoe_single_launch_kernelILi4ELi16EEv14CUtensorMap_stS0_S0_S0_PKhS2_PKfS2_S2_S4_S2_S4_PKiS4_PiS7_S7_PfP13__nv_bfloat16PhS8_SA_PK5uint2S7_S7_SA_PjSB_SB_SB_SB_SB_SB_SB_SB_SB_SA_S2_SB_SB_iilb'
ptxas info    : (C7519) warpgroup.arrive is injected in around line 189558 by compiler to allow use of registers in GMMA in function '_Z32tp8_megamoe_single_launch_kernelILi4ELi16EEv14CUtensorMap_stS0_S0_S0_PKhS2_PKfS2_S2_S4_S2_S4_PKiS4_PiS7_S7_PfP13__nv_bfloat16PhS8_SA_PK5uint2S7_S7_SA_PjSB_SB_SB_SB_SB_SB_SB_SB_SB_SA_S2_SB_SB_iilb'
ptxas info    : (C7519) warpgroup.arrive is injected in around line 189764 by compiler to allow use of registers in GMMA in function '_Z32tp8_megamoe_single_launch_kernelILi4ELi16EEv14CUtensorMap_stS0_S0_S0_PKhS2_PKfS2_S2_S4_S2_S4_PKiS4_PiS7_S7_PfP13__nv_bfloat16PhS8_SA_PK5uint2S7_S7_SA_PjSB_SB_SB_SB_SB_SB_SB_SB_SB_SA_S2_SB_SB_iilb'
ptxas info    : (C7519) warpgroup.arrive is injected in around line 189923 by compiler to allow use of registers in GMMA in function '_Z32tp8_megamoe_single_launch_kernelILi4ELi16EEv14CUtensorMap_stS0_S0_S0_PKhS2_PKfS2_S2_S4_S2_S4_PKiS4_PiS7_S7_PfP13__nv_bfloat16PhS8_SA_PK5uint2S7_S7_SA_PjSB_SB_SB_SB_SB_SB_SB_SB_SB_SA_S2_SB_SB_iilb'
ptxas info    : (C7519) warpgroup.arrive is injected in around line 190315 by compiler to allow use of registers in GMMA in function '_Z32tp8_megamoe_single_launch_kernelILi4ELi16EEv14CUtensorMap_stS0_S0_S0_PKhS2_PKfS2_S2_S4_S2_S4_PKiS4_PiS7_S7_PfP13__nv_bfloat16PhS8_SA_PK5uint2S7_S7_SA_PjSB_SB_SB_SB_SB_SB_SB_SB_SB_SA_S2_SB_SB_iilb'
ptxas info    : (C7519) warpgroup.arrive is injected in around line 190517 by compiler to allow use of registers in GMMA in function '_Z32tp8_megamoe_single_launch_kernelILi4ELi16EEv14CUtensorMap_stS0_S0_S0_PKhS2_PKfS2_S2_S4_S2_S4_PKiS4_PiS7_S7_PfP13__nv_bfloat16PhS8_SA_PK5uint2S7_S7_SA_PjSB_SB_SB_SB_SB_SB_SB_SB_SB_SA_S2_SB_SB_iilb'
ptxas info    : (C7519) warpgroup.arrive is injected in around line 190719 by compiler to allow use of registers in GMMA in function '_Z32tp8_megamoe_single_launch_kernelILi4ELi16EEv14CUtensorMap_stS0_S0_S0_PKhS2_PKfS2_S2_S4_S2_S4_PKiS4_PiS7_S7_PfP13__nv_bfloat16PhS8_SA_PK5uint2S7_S7_SA_PjSB_SB_SB_SB_SB_SB_SB_SB_SB_SA_S2_SB_SB_iilb'
ptxas info    : (C7519) warpgroup.arrive is injected in around line 190874 by compiler to allow use of registers in GMMA in function '_Z32tp8_megamoe_single_launch_kernelILi4ELi16EEv14CUtensorMap_stS0_S0_S0_PKhS2_PKfS2_S2_S4_S2_S4_PKiS4_PiS7_S7_PfP13__nv_bfloat16PhS8_SA_PK5uint2S7_S7_SA_PjSB_SB_SB_SB_SB_SB_SB_SB_SB_SA_S2_SB_SB_iilb'
ptxas info    : (C7519) warpgroup.arrive is injected in around line 191268 by compiler to allow use of registers in GMMA in function '_Z32tp8_megamoe_single_launch_kernelILi4ELi16EEv14CUtensorMap_stS0_S0_S0_PKhS2_PKfS2_S2_S4_S2_S4_PKiS4_PiS7_S7_PfP13__nv_bfloat16PhS8_SA_PK5uint2S7_S7_SA_PjSB_SB_SB_SB_SB_SB_SB_SB_SB_SA_S2_SB_SB_iilb'
ptxas info    : (C7519) warpgroup.arrive is injected in around line 191467 by compiler to allow use of registers in GMMA in function '_Z32tp8_megamoe_single_launch_kernelILi4ELi16EEv14CUtensorMap_stS0_S0_S0_PKhS2_PKfS2_S2_S4_S2_S4_PKiS4_PiS7_S7_PfP13__nv_bfloat16PhS8_SA_PK5uint2S7_S7_SA_PjSB_SB_SB_SB_SB_SB_SB_SB_SB_SA_S2_SB_SB_iilb'
ptxas info    : (C7519) warpgroup.arrive is injected in around line 191666 by compiler to allow use of registers in GMMA in function '_Z32tp8_megamoe_single_launch_kernelILi4ELi16EEv14CUtensorMap_stS0_S0_S0_PKhS2_PKfS2_S2_S4_S2_S4_PKiS4_PiS7_S7_PfP13__nv_bfloat16PhS8_SA_PK5uint2S7_S7_SA_PjSB_SB_SB_SB_SB_SB_SB_SB_SB_SA_S2_SB_SB_iilb'
ptxas info    : (C7519) warpgroup.arrive is injected in around line 191821 by compiler to allow use of registers in GMMA in function '_Z32tp8_megamoe_single_launch_kernelILi4ELi16EEv14CUtensorMap_stS0_S0_S0_PKhS2_PKfS2_S2_S4_S2_S4_PKiS4_PiS7_S7_PfP13__nv_bfloat16PhS8_SA_PK5uint2S7_S7_SA_PjSB_SB_SB_SB_SB_SB_SB_SB_SB_SA_S2_SB_SB_iilb'
ptxas info    : (C7519) warpgroup.arrive is injected in around line 193918 by compiler to allow use of registers in GMMA in function '_Z32tp8_megamoe_single_launch_kernelILi4ELi16EEv14CUtensorMap_stS0_S0_S0_PKhS2_PKfS2_S2_S4_S2_S4_PKiS4_PiS7_S7_PfP13__nv_bfloat16PhS8_SA_PK5uint2S7_S7_SA_PjSB_SB_SB_SB_SB_SB_SB_SB_SB_SA_S2_SB_SB_iilb'
ptxas info    : (C7519) warpgroup.arrive is injected in around line 194127 by compiler to allow use of registers in GMMA in function '_Z32tp8_megamoe_single_launch_kernelILi4ELi16EEv14CUtensorMap_stS0_S0_S0_PKhS2_PKfS2_S2_S4_S2_S4_PKiS4_PiS7_S7_PfP13__nv_bfloat16PhS8_SA_PK5uint2S7_S7_SA_PjSB_SB_SB_SB_SB_SB_SB_SB_SB_SA_S2_SB_SB_iilb'
ptxas info    : (C7519) warpgroup.arrive is injected in around line 194333 by compiler to allow use of registers in GMMA in function '_Z32tp8_megamoe_single_launch_kernelILi4ELi16EEv14CUtensorMap_stS0_S0_S0_PKhS2_PKfS2_S2_S4_S2_S4_PKiS4_PiS7_S7_PfP13__nv_bfloat16PhS8_SA_PK5uint2S7_S7_SA_PjSB_SB_SB_SB_SB_SB_SB_SB_SB_SA_S2_SB_SB_iilb'
ptxas info    : (C7519) warpgroup.arrive is injected in around line 194492 by compiler to allow use of registers in GMMA in function '_Z32tp8_megamoe_single_launch_kernelILi4ELi16EEv14CUtensorMap_stS0_S0_S0_PKhS2_PKfS2_S2_S4_S2_S4_PKiS4_PiS7_S7_PfP13__nv_bfloat16PhS8_SA_PK5uint2S7_S7_SA_PjSB_SB_SB_SB_SB_SB_SB_SB_SB_SA_S2_SB_SB_iilb'
ptxas info    : (C7519) warpgroup.arrive is injected in around line 194860 by compiler to allow use of registers in GMMA in function '_Z32tp8_megamoe_single_launch_kernelILi4ELi16EEv14CUtensorMap_stS0_S0_S0_PKhS2_PKfS2_S2_S4_S2_S4_PKiS4_PiS7_S7_PfP13__nv_bfloat16PhS8_SA_PK5uint2S7_S7_SA_PjSB_SB_SB_SB_SB_SB_SB_SB_SB_SA_S2_SB_SB_iilb'
ptxas info    : (C7519) warpgroup.arrive is injected in around line 195062 by compiler to allow use of registers in GMMA in function '_Z32tp8_megamoe_single_launch_kernelILi4ELi16EEv14CUtensorMap_stS0_S0_S0_PKhS2_PKfS2_S2_S4_S2_S4_PKiS4_PiS7_S7_PfP13__nv_bfloat16PhS8_SA_PK5uint2S7_S7_SA_PjSB_SB_SB_SB_SB_SB_SB_SB_SB_SA_S2_SB_SB_iilb'
ptxas info    : (C7519) warpgroup.arrive is injected in around line 195264 by compiler to allow use of registers in GMMA in function '_Z32tp8_megamoe_single_launch_kernelILi4ELi16EEv14CUtensorMap_stS0_S0_S0_PKhS2_PKfS2_S2_S4_S2_S4_PKiS4_PiS7_S7_PfP13__nv_bfloat16PhS8_SA_PK5uint2S7_S7_SA_PjSB_SB_SB_SB_SB_SB_SB_SB_SB_SA_S2_SB_SB_iilb'
ptxas info    : (C7519) warpgroup.arrive is injected in around line 195419 by compiler to allow use of registers in GMMA in function '_Z32tp8_megamoe_single_launch_kernelILi4ELi16EEv14CUtensorMap_stS0_S0_S0_PKhS2_PKfS2_S2_S4_S2_S4_PKiS4_PiS7_S7_PfP13__nv_bfloat16PhS8_SA_PK5uint2S7_S7_SA_PjSB_SB_SB_SB_SB_SB_SB_SB_SB_SA_S2_SB_SB_iilb'
ptxas info    : (C7520) Potential Performance Loss: wgmma.mma_async instructions are serialized due to program dependence on compiler-inserted WG.AR in divergent path in the function '_Z32tp8_megamoe_single_launch_kernelILi4ELi16EEv14CUtensorMap_stS0_S0_S0_PKhS2_PKfS2_S2_S4_S2_S4_PKiS4_PiS7_S7_PfP13__nv_bfloat16PhS8_SA_PK5uint2S7_S7_SA_PjSB_SB_SB_SB_SB_SB_SB_SB_SB_SA_S2_SB_SB_iilb'
ptxas info    : (C7519) warpgroup.arrive is injected in around line 181447 by compiler to allow use of registers in GMMA in function '_Z32tp8_megamoe_single_launch_kernelILi2ELi16EEv14CUtensorMap_stS0_S0_S0_PKhS2_PKfS2_S2_S4_S2_S4_PKiS4_PiS7_S7_PfP13__nv_bfloat16PhS8_SA_PK5uint2S7_S7_SA_PjSB_SB_SB_SB_SB_SB_SB_SB_SB_SA_S2_SB_SB_iilb'
ptxas info    : (C7519) warpgroup.arrive is injected in around line 181656 by compiler to allow use of registers in GMMA in function '_Z32tp8_megamoe_single_launch_kernelILi2ELi16EEv14CUtensorMap_stS0_S0_S0_PKhS2_PKfS2_S2_S4_S2_S4_PKiS4_PiS7_S7_PfP13__nv_bfloat16PhS8_SA_PK5uint2S7_S7_SA_PjSB_SB_SB_SB_SB_SB_SB_SB_SB_SA_S2_SB_SB_iilb'
ptxas info    : (C7519) warpgroup.arrive is injected in around line 181862 by compiler to allow use of registers in GMMA in function '_Z32tp8_megamoe_single_launch_kernelILi2ELi16EEv14CUtensorMap_stS0_S0_S0_PKhS2_PKfS2_S2_S4_S2_S4_PKiS4_PiS7_S7_PfP13__nv_bfloat16PhS8_SA_PK5uint2S7_S7_SA_PjSB_SB_SB_SB_SB_SB_SB_SB_SB_SA_S2_SB_SB_iilb'
ptxas info    : (C7519) warpgroup.arrive is injected in around line 182021 by compiler to allow use of registers in GMMA in function '_Z32tp8_megamoe_single_launch_kernelILi2ELi16EEv14CUtensorMap_stS0_S0_S0_PKhS2_PKfS2_S2_S4_S2_S4_PKiS4_PiS7_S7_PfP13__nv_bfloat16PhS8_SA_PK5uint2S7_S7_SA_PjSB_SB_SB_SB_SB_SB_SB_SB_SB_SA_S2_SB_SB_iilb'
ptxas info    : (C7519) warpgroup.arrive is injected in around line 182413 by compiler to allow use of registers in GMMA in function '_Z32tp8_megamoe_single_launch_kernelILi2ELi16EEv14CUtensorMap_stS0_S0_S0_PKhS2_PKfS2_S2_S4_S2_S4_PKiS4_PiS7_S7_PfP13__nv_bfloat16PhS8_SA_PK5uint2S7_S7_SA_PjSB_SB_SB_SB_SB_SB_SB_SB_SB_SA_S2_SB_SB_iilb'
ptxas info    : (C7519) warpgroup.arrive is injected in around line 182615 by compiler to allow use of registers in GMMA in function '_Z32tp8_megamoe_single_launch_kernelILi2ELi16EEv14CUtensorMap_stS0_S0_S0_PKhS2_PKfS2_S2_S4_S2_S4_PKiS4_PiS7_S7_PfP13__nv_bfloat16PhS8_SA_PK5uint2S7_S7_SA_PjSB_SB_SB_SB_SB_SB_SB_SB_SB_SA_S2_SB_SB_iilb'
ptxas info    : (C7519) warpgroup.arrive is injected in around line 182817 by compiler to allow use of registers in GMMA in function '_Z32tp8_megamoe_single_launch_kernelILi2ELi16EEv14CUtensorMap_stS0_S0_S0_PKhS2_PKfS2_S2_S4_S2_S4_PKiS4_PiS7_S7_PfP13__nv_bfloat16PhS8_SA_PK5uint2S7_S7_SA_PjSB_SB_SB_SB_SB_SB_SB_SB_SB_SA_S2_SB_SB_iilb'
ptxas info    : (C7519) warpgroup.arrive is injected in around line 182972 by compiler to allow use of registers in GMMA in function '_Z32tp8_megamoe_single_launch_kernelILi2ELi16EEv14CUtensorMap_stS0_S0_S0_PKhS2_PKfS2_S2_S4_S2_S4_PKiS4_PiS7_S7_PfP13__nv_bfloat16PhS8_SA_PK5uint2S7_S7_SA_PjSB_SB_SB_SB_SB_SB_SB_SB_SB_SA_S2_SB_SB_iilb'
ptxas info    : (C7519) warpgroup.arrive is injected in around line 183366 by compiler to allow use of registers in GMMA in function '_Z32tp8_megamoe_single_launch_kernelILi2ELi16EEv14CUtensorMap_stS0_S0_S0_PKhS2_PKfS2_S2_S4_S2_S4_PKiS4_PiS7_S7_PfP13__nv_bfloat16PhS8_SA_PK5uint2S7_S7_SA_PjSB_SB_SB_SB_SB_SB_SB_SB_SB_SA_S2_SB_SB_iilb'
ptxas info    : (C7519) warpgroup.arrive is injected in around line 183565 by compiler to allow use of registers in GMMA in function '_Z32tp8_megamoe_single_launch_kernelILi2ELi16EEv14CUtensorMap_stS0_S0_S0_PKhS2_PKfS2_S2_S4_S2_S4_PKiS4_PiS7_S7_PfP13__nv_bfloat16PhS8_SA_PK5uint2S7_S7_SA_PjSB_SB_SB_SB_SB_SB_SB_SB_SB_SA_S2_SB_SB_iilb'
ptxas info    : (C7519) warpgroup.arrive is injected in around line 183764 by compiler to allow use of registers in GMMA in function '_Z32tp8_megamoe_single_launch_kernelILi2ELi16EEv14CUtensorMap_stS0_S0_S0_PKhS2_PKfS2_S2_S4_S2_S4_PKiS4_PiS7_S7_PfP13__nv_bfloat16PhS8_SA_PK5uint2S7_S7_SA_PjSB_SB_SB_SB_SB_SB_SB_SB_SB_SA_S2_SB_SB_iilb'
ptxas info    : (C7519) warpgroup.arrive is injected in around line 183919 by compiler to allow use of registers in GMMA in function '_Z32tp8_megamoe_single_launch_kernelILi2ELi16EEv14CUtensorMap_stS0_S0_S0_PKhS2_PKfS2_S2_S4_S2_S4_PKiS4_PiS7_S7_PfP13__nv_bfloat16PhS8_SA_PK5uint2S7_S7_SA_PjSB_SB_SB_SB_SB_SB_SB_SB_SB_SA_S2_SB_SB_iilb'
ptxas info    : (C7519) warpgroup.arrive is injected in around line 186006 by compiler to allow use of registers in GMMA in function '_Z32tp8_megamoe_single_launch_kernelILi2ELi16EEv14CUtensorMap_stS0_S0_S0_PKhS2_PKfS2_S2_S4_S2_S4_PKiS4_PiS7_S7_PfP13__nv_bfloat16PhS8_SA_PK5uint2S7_S7_SA_PjSB_SB_SB_SB_SB_SB_SB_SB_SB_SA_S2_SB_SB_iilb'
ptxas info    : (C7519) warpgroup.arrive is injected in around line 186215 by compiler to allow use of registers in GMMA in function '_Z32tp8_megamoe_single_launch_kernelILi2ELi16EEv14CUtensorMap_stS0_S0_S0_PKhS2_PKfS2_S2_S4_S2_S4_PKiS4_PiS7_S7_PfP13__nv_bfloat16PhS8_SA_PK5uint2S7_S7_SA_PjSB_SB_SB_SB_SB_SB_SB_SB_SB_SA_S2_SB_SB_iilb'
ptxas info    : (C7519) warpgroup.arrive is injected in around line 186421 by compiler to allow use of registers in GMMA in function '_Z32tp8_megamoe_single_launch_kernelILi2ELi16EEv14CUtensorMap_stS0_S0_S0_PKhS2_PKfS2_S2_S4_S2_S4_PKiS4_PiS7_S7_PfP13__nv_bfloat16PhS8_SA_PK5uint2S7_S7_SA_PjSB_SB_SB_SB_SB_SB_SB_SB_SB_SA_S2_SB_SB_iilb'
ptxas info    : (C7519) warpgroup.arrive is injected in around line 186580 by compiler to allow use of registers in GMMA in function '_Z32tp8_megamoe_single_launch_kernelILi2ELi16EEv14CUtensorMap_stS0_S0_S0_PKhS2_PKfS2_S2_S4_S2_S4_PKiS4_PiS7_S7_PfP13__nv_bfloat16PhS8_SA_PK5uint2S7_S7_SA_PjSB_SB_SB_SB_SB_SB_SB_SB_SB_SA_S2_SB_SB_iilb'
ptxas info    : (C7519) warpgroup.arrive is injected in around line 186948 by compiler to allow use of registers in GMMA in function '_Z32tp8_megamoe_single_launch_kernelILi2ELi16EEv14CUtensorMap_stS0_S0_S0_PKhS2_PKfS2_S2_S4_S2_S4_PKiS4_PiS7_S7_PfP13__nv_bfloat16PhS8_SA_PK5uint2S7_S7_SA_PjSB_SB_SB_SB_SB_SB_SB_SB_SB_SA_S2_SB_SB_iilb'
ptxas info    : (C7519) warpgroup.arrive is injected in around line 187150 by compiler to allow use of registers in GMMA in function '_Z32tp8_megamoe_single_launch_kernelILi2ELi16EEv14CUtensorMap_stS0_S0_S0_PKhS2_PKfS2_S2_S4_S2_S4_PKiS4_PiS7_S7_PfP13__nv_bfloat16PhS8_SA_PK5uint2S7_S7_SA_PjSB_SB_SB_SB_SB_SB_SB_SB_SB_SA_S2_SB_SB_iilb'
ptxas info    : (C7519) warpgroup.arrive is injected in around line 187352 by compiler to allow use of registers in GMMA in function '_Z32tp8_megamoe_single_launch_kernelILi2ELi16EEv14CUtensorMap_stS0_S0_S0_PKhS2_PKfS2_S2_S4_S2_S4_PKiS4_PiS7_S7_PfP13__nv_bfloat16PhS8_SA_PK5uint2S7_S7_SA_PjSB_SB_SB_SB_SB_SB_SB_SB_SB_SA_S2_SB_SB_iilb'
ptxas info    : (C7519) warpgroup.arrive is injected in around line 187507 by compiler to allow use of registers in GMMA in function '_Z32tp8_megamoe_single_launch_kernelILi2ELi16EEv14CUtensorMap_stS0_S0_S0_PKhS2_PKfS2_S2_S4_S2_S4_PKiS4_PiS7_S7_PfP13__nv_bfloat16PhS8_SA_PK5uint2S7_S7_SA_PjSB_SB_SB_SB_SB_SB_SB_SB_SB_SA_S2_SB_SB_iilb'
ptxas info    : (C7520) Potential Performance Loss: wgmma.mma_async instructions are serialized due to program dependence on compiler-inserted WG.AR in divergent path in the function '_Z32tp8_megamoe_single_launch_kernelILi2ELi16EEv14CUtensorMap_stS0_S0_S0_PKhS2_PKfS2_S2_S4_S2_S4_PKiS4_PiS7_S7_PfP13__nv_bfloat16PhS8_SA_PK5uint2S7_S7_SA_PjSB_SB_SB_SB_SB_SB_SB_SB_SB_SA_S2_SB_SB_iilb'
ptxas info    : (C7519) warpgroup.arrive is injected in around line 173531 by compiler to allow use of registers in GMMA in function '_Z32tp8_megamoe_single_launch_kernelILi4ELi8EEv14CUtensorMap_stS0_S0_S0_PKhS2_PKfS2_S2_S4_S2_S4_PKiS4_PiS7_S7_PfP13__nv_bfloat16PhS8_SA_PK5uint2S7_S7_SA_PjSB_SB_SB_SB_SB_SB_SB_SB_SB_SA_S2_SB_SB_iilb'
ptxas info    : (C7519) warpgroup.arrive is injected in around line 173740 by compiler to allow use of registers in GMMA in function '_Z32tp8_megamoe_single_launch_kernelILi4ELi8EEv14CUtensorMap_stS0_S0_S0_PKhS2_PKfS2_S2_S4_S2_S4_PKiS4_PiS7_S7_PfP13__nv_bfloat16PhS8_SA_PK5uint2S7_S7_SA_PjSB_SB_SB_SB_SB_SB_SB_SB_SB_SA_S2_SB_SB_iilb'
ptxas info    : (C7519) warpgroup.arrive is injected in around line 173946 by compiler to allow use of registers in GMMA in function '_Z32tp8_megamoe_single_launch_kernelILi4ELi8EEv14CUtensorMap_stS0_S0_S0_PKhS2_PKfS2_S2_S4_S2_S4_PKiS4_PiS7_S7_PfP13__nv_bfloat16PhS8_SA_PK5uint2S7_S7_SA_PjSB_SB_SB_SB_SB_SB_SB_SB_SB_SA_S2_SB_SB_iilb'
ptxas info    : (C7519) warpgroup.arrive is injected in around line 174105 by compiler to allow use of registers in GMMA in function '_Z32tp8_megamoe_single_launch_kernelILi4ELi8EEv14CUtensorMap_stS0_S0_S0_PKhS2_PKfS2_S2_S4_S2_S4_PKiS4_PiS7_S7_PfP13__nv_bfloat16PhS8_SA_PK5uint2S7_S7_SA_PjSB_SB_SB_SB_SB_SB_SB_SB_SB_SA_S2_SB_SB_iilb'
ptxas info    : (C7519) warpgroup.arrive is injected in around line 174497 by compiler to allow use of registers in GMMA in function '_Z32tp8_megamoe_single_launch_kernelILi4ELi8EEv14CUtensorMap_stS0_S0_S0_PKhS2_PKfS2_S2_S4_S2_S4_PKiS4_PiS7_S7_PfP13__nv_bfloat16PhS8_SA_PK5uint2S7_S7_SA_PjSB_SB_SB_SB_SB_SB_SB_SB_SB_SA_S2_SB_SB_iilb'
ptxas info    : (C7519) warpgroup.arrive is injected in around line 174699 by compiler to allow use of registers in GMMA in function '_Z32tp8_megamoe_single_launch_kernelILi4ELi8EEv14CUtensorMap_stS0_S0_S0_PKhS2_PKfS2_S2_S4_S2_S4_PKiS4_PiS7_S7_PfP13__nv_bfloat16PhS8_SA_PK5uint2S7_S7_SA_PjSB_SB_SB_SB_SB_SB_SB_SB_SB_SA_S2_SB_SB_iilb'
ptxas info    : (C7519) warpgroup.arrive is injected in around line 174901 by compiler to allow use of registers in GMMA in function '_Z32tp8_megamoe_single_launch_kernelILi4ELi8EEv14CUtensorMap_stS0_S0_S0_PKhS2_PKfS2_S2_S4_S2_S4_PKiS4_PiS7_S7_PfP13__nv_bfloat16PhS8_SA_PK5uint2S7_S7_SA_PjSB_SB_SB_SB_SB_SB_SB_SB_SB_SA_S2_SB_SB_iilb'
ptxas info    : (C7519) warpgroup.arrive is injected in around line 175056 by compiler to allow use of registers in GMMA in function '_Z32tp8_megamoe_single_launch_kernelILi4ELi8EEv14CUtensorMap_stS0_S0_S0_PKhS2_PKfS2_S2_S4_S2_S4_PKiS4_PiS7_S7_PfP13__nv_bfloat16PhS8_SA_PK5uint2S7_S7_SA_PjSB_SB_SB_SB_SB_SB_SB_SB_SB_SA_S2_SB_SB_iilb'
ptxas info    : (C7519) warpgroup.arrive is injected in around line 175450 by compiler to allow use of registers in GMMA in function '_Z32tp8_megamoe_single_launch_kernelILi4ELi8EEv14CUtensorMap_stS0_S0_S0_PKhS2_PKfS2_S2_S4_S2_S4_PKiS4_PiS7_S7_PfP13__nv_bfloat16PhS8_SA_PK5uint2S7_S7_SA_PjSB_SB_SB_SB_SB_SB_SB_SB_SB_SA_S2_SB_SB_iilb'
ptxas info    : (C7519) warpgroup.arrive is injected in around line 175649 by compiler to allow use of registers in GMMA in function '_Z32tp8_megamoe_single_launch_kernelILi4ELi8EEv14CUtensorMap_stS0_S0_S0_PKhS2_PKfS2_S2_S4_S2_S4_PKiS4_PiS7_S7_PfP13__nv_bfloat16PhS8_SA_PK5uint2S7_S7_SA_PjSB_SB_SB_SB_SB_SB_SB_SB_SB_SA_S2_SB_SB_iilb'
ptxas info    : (C7519) warpgroup.arrive is injected in around line 175848 by compiler to allow use of registers in GMMA in function '_Z32tp8_megamoe_single_launch_kernelILi4ELi8EEv14CUtensorMap_stS0_S0_S0_PKhS2_PKfS2_S2_S4_S2_S4_PKiS4_PiS7_S7_PfP13__nv_bfloat16PhS8_SA_PK5uint2S7_S7_SA_PjSB_SB_SB_SB_SB_SB_SB_SB_SB_SA_S2_SB_SB_iilb'
ptxas info    : (C7519) warpgroup.arrive is injected in around line 176003 by compiler to allow use of registers in GMMA in function '_Z32tp8_megamoe_single_launch_kernelILi4ELi8EEv14CUtensorMap_stS0_S0_S0_PKhS2_PKfS2_S2_S4_S2_S4_PKiS4_PiS7_S7_PfP13__nv_bfloat16PhS8_SA_PK5uint2S7_S7_SA_PjSB_SB_SB_SB_SB_SB_SB_SB_SB_SA_S2_SB_SB_iilb'
ptxas info    : (C7519) warpgroup.arrive is injected in around line 178100 by compiler to allow use of registers in GMMA in function '_Z32tp8_megamoe_single_launch_kernelILi4ELi8EEv14CUtensorMap_stS0_S0_S0_PKhS2_PKfS2_S2_S4_S2_S4_PKiS4_PiS7_S7_PfP13__nv_bfloat16PhS8_SA_PK5uint2S7_S7_SA_PjSB_SB_SB_SB_SB_SB_SB_SB_SB_SA_S2_SB_SB_iilb'
ptxas info    : (C7519) warpgroup.arrive is injected in around line 178309 by compiler to allow use of registers in GMMA in function '_Z32tp8_megamoe_single_launch_kernelILi4ELi8EEv14CUtensorMap_stS0_S0_S0_PKhS2_PKfS2_S2_S4_S2_S4_PKiS4_PiS7_S7_PfP13__nv_bfloat16PhS8_SA_PK5uint2S7_S7_SA_PjSB_SB_SB_SB_SB_SB_SB_SB_SB_SA_S2_SB_SB_iilb'
ptxas info    : (C7519) warpgroup.arrive is injected in around line 178515 by compiler to allow use of registers in GMMA in function '_Z32tp8_megamoe_single_launch_kernelILi4ELi8EEv14CUtensorMap_stS0_S0_S0_PKhS2_PKfS2_S2_S4_S2_S4_PKiS4_PiS7_S7_PfP13__nv_bfloat16PhS8_SA_PK5uint2S7_S7_SA_PjSB_SB_SB_SB_SB_SB_SB_SB_SB_SA_S2_SB_SB_iilb'
ptxas info    : (C7519) warpgroup.arrive is injected in around line 178674 by compiler to allow use of registers in GMMA in function '_Z32tp8_megamoe_single_launch_kernelILi4ELi8EEv14CUtensorMap_stS0_S0_S0_PKhS2_PKfS2_S2_S4_S2_S4_PKiS4_PiS7_S7_PfP13__nv_bfloat16PhS8_SA_PK5uint2S7_S7_SA_PjSB_SB_SB_SB_SB_SB_SB_SB_SB_SA_S2_SB_SB_iilb'
ptxas info    : (C7519) warpgroup.arrive is injected in around line 179042 by compiler to allow use of registers in GMMA in function '_Z32tp8_megamoe_single_launch_kernelILi4ELi8EEv14CUtensorMap_stS0_S0_S0_PKhS2_PKfS2_S2_S4_S2_S4_PKiS4_PiS7_S7_PfP13__nv_bfloat16PhS8_SA_PK5uint2S7_S7_SA_PjSB_SB_SB_SB_SB_SB_SB_SB_SB_SA_S2_SB_SB_iilb'
ptxas info    : (C7519) warpgroup.arrive is injected in around line 179244 by compiler to allow use of registers in GMMA in function '_Z32tp8_megamoe_single_launch_kernelILi4ELi8EEv14CUtensorMap_stS0_S0_S0_PKhS2_PKfS2_S2_S4_S2_S4_PKiS4_PiS7_S7_PfP13__nv_bfloat16PhS8_SA_PK5uint2S7_S7_SA_PjSB_SB_SB_SB_SB_SB_SB_SB_SB_SA_S2_SB_SB_iilb'
ptxas info    : (C7519) warpgroup.arrive is injected in around line 179446 by compiler to allow use of registers in GMMA in function '_Z32tp8_megamoe_single_launch_kernelILi4ELi8EEv14CUtensorMap_stS0_S0_S0_PKhS2_PKfS2_S2_S4_S2_S4_PKiS4_PiS7_S7_PfP13__nv_bfloat16PhS8_SA_PK5uint2S7_S7_SA_PjSB_SB_SB_SB_SB_SB_SB_SB_SB_SA_S2_SB_SB_iilb'
ptxas info    : (C7519) warpgroup.arrive is injected in around line 179601 by compiler to allow use of registers in GMMA in function '_Z32tp8_megamoe_single_launch_kernelILi4ELi8EEv14CUtensorMap_stS0_S0_S0_PKhS2_PKfS2_S2_S4_S2_S4_PKiS4_PiS7_S7_PfP13__nv_bfloat16PhS8_SA_PK5uint2S7_S7_SA_PjSB_SB_SB_SB_SB_SB_SB_SB_SB_SA_S2_SB_SB_iilb'
ptxas info    : (C7520) Potential Performance Loss: wgmma.mma_async instructions are serialized due to program dependence on compiler-inserted WG.AR in divergent path in the function '_Z32tp8_megamoe_single_launch_kernelILi4ELi8EEv14CUtensorMap_stS0_S0_S0_PKhS2_PKfS2_S2_S4_S2_S4_PKiS4_PiS7_S7_PfP13__nv_bfloat16PhS8_SA_PK5uint2S7_S7_SA_PjSB_SB_SB_SB_SB_SB_SB_SB_SB_SA_S2_SB_SB_iilb'
ptxas info    : (C7519) warpgroup.arrive is injected in around line 165629 by compiler to allow use of registers in GMMA in function '_Z32tp8_megamoe_single_launch_kernelILi2ELi8EEv14CUtensorMap_stS0_S0_S0_PKhS2_PKfS2_S2_S4_S2_S4_PKiS4_PiS7_S7_PfP13__nv_bfloat16PhS8_SA_PK5uint2S7_S7_SA_PjSB_SB_SB_SB_SB_SB_SB_SB_SB_SA_S2_SB_SB_iilb'
ptxas info    : (C7519) warpgroup.arrive is injected in around line 165838 by compiler to allow use of registers in GMMA in function '_Z32tp8_megamoe_single_launch_kernelILi2ELi8EEv14CUtensorMap_stS0_S0_S0_PKhS2_PKfS2_S2_S4_S2_S4_PKiS4_PiS7_S7_PfP13__nv_bfloat16PhS8_SA_PK5uint2S7_S7_SA_PjSB_SB_SB_SB_SB_SB_SB_SB_SB_SA_S2_SB_SB_iilb'
ptxas info    : (C7519) warpgroup.arrive is injected in around line 166044 by compiler to allow use of registers in GMMA in function '_Z32tp8_megamoe_single_launch_kernelILi2ELi8EEv14CUtensorMap_stS0_S0_S0_PKhS2_PKfS2_S2_S4_S2_S4_PKiS4_PiS7_S7_PfP13__nv_bfloat16PhS8_SA_PK5uint2S7_S7_SA_PjSB_SB_SB_SB_SB_SB_SB_SB_SB_SA_S2_SB_SB_iilb'
ptxas info    : (C7519) warpgroup.arrive is injected in around line 166203 by compiler to allow use of registers in GMMA in function '_Z32tp8_megamoe_single_launch_kernelILi2ELi8EEv14CUtensorMap_stS0_S0_S0_PKhS2_PKfS2_S2_S4_S2_S4_PKiS4_PiS7_S7_PfP13__nv_bfloat16PhS8_SA_PK5uint2S7_S7_SA_PjSB_SB_SB_SB_SB_SB_SB_SB_SB_SA_S2_SB_SB_iilb'
ptxas info    : (C7519) warpgroup.arrive is injected in around line 166595 by compiler to allow use of registers in GMMA in function '_Z32tp8_megamoe_single_launch_kernelILi2ELi8EEv14CUtensorMap_stS0_S0_S0_PKhS2_PKfS2_S2_S4_S2_S4_PKiS4_PiS7_S7_PfP13__nv_bfloat16PhS8_SA_PK5uint2S7_S7_SA_PjSB_SB_SB_SB_SB_SB_SB_SB_SB_SA_S2_SB_SB_iilb'
ptxas info    : (C7519) warpgroup.arrive is injected in around line 166797 by compiler to allow use of registers in GMMA in function '_Z32tp8_megamoe_single_launch_kernelILi2ELi8EEv14CUtensorMap_stS0_S0_S0_PKhS2_PKfS2_S2_S4_S2_S4_PKiS4_PiS7_S7_PfP13__nv_bfloat16PhS8_SA_PK5uint2S7_S7_SA_PjSB_SB_SB_SB_SB_SB_SB_SB_SB_SA_S2_SB_SB_iilb'
ptxas info    : (C7519) warpgroup.arrive is injected in around line 166999 by compiler to allow use of registers in GMMA in function '_Z32tp8_megamoe_single_launch_kernelILi2ELi8EEv14CUtensorMap_stS0_S0_S0_PKhS2_PKfS2_S2_S4_S2_S4_PKiS4_PiS7_S7_PfP13__nv_bfloat16PhS8_SA_PK5uint2S7_S7_SA_PjSB_SB_SB_SB_SB_SB_SB_SB_SB_SA_S2_SB_SB_iilb'
ptxas info    : (C7519) warpgroup.arrive is injected in around line 167154 by compiler to allow use of registers in GMMA in function '_Z32tp8_megamoe_single_launch_kernelILi2ELi8EEv14CUtensorMap_stS0_S0_S0_PKhS2_PKfS2_S2_S4_S2_S4_PKiS4_PiS7_S7_PfP13__nv_bfloat16PhS8_SA_PK5uint2S7_S7_SA_PjSB_SB_SB_SB_SB_SB_SB_SB_SB_SA_S2_SB_SB_iilb'
ptxas info    : (C7519) warpgroup.arrive is injected in around line 167548 by compiler to allow use of registers in GMMA in function '_Z32tp8_megamoe_single_launch_kernelILi2ELi8EEv14CUtensorMap_stS0_S0_S0_PKhS2_PKfS2_S2_S4_S2_S4_PKiS4_PiS7_S7_PfP13__nv_bfloat16PhS8_SA_PK5uint2S7_S7_SA_PjSB_SB_SB_SB_SB_SB_SB_SB_SB_SA_S2_SB_SB_iilb'
ptxas info    : (C7519) warpgroup.arrive is injected in around line 167747 by compiler to allow use of registers in GMMA in function '_Z32tp8_megamoe_single_launch_kernelILi2ELi8EEv14CUtensorMap_stS0_S0_S0_PKhS2_PKfS2_S2_S4_S2_S4_PKiS4_PiS7_S7_PfP13__nv_bfloat16PhS8_SA_PK5uint2S7_S7_SA_PjSB_SB_SB_SB_SB_SB_SB_SB_SB_SA_S2_SB_SB_iilb'
ptxas info    : (C7519) warpgroup.arrive is injected in around line 167946 by compiler to allow use of registers in GMMA in function '_Z32tp8_megamoe_single_launch_kernelILi2ELi8EEv14CUtensorMap_stS0_S0_S0_PKhS2_PKfS2_S2_S4_S2_S4_PKiS4_PiS7_S7_PfP13__nv_bfloat16PhS8_SA_PK5uint2S7_S7_SA_PjSB_SB_SB_SB_SB_SB_SB_SB_SB_SA_S2_SB_SB_iilb'
ptxas info    : (C7519) warpgroup.arrive is injected in around line 168101 by compiler to allow use of registers in GMMA in function '_Z32tp8_megamoe_single_launch_kernelILi2ELi8EEv14CUtensorMap_stS0_S0_S0_PKhS2_PKfS2_S2_S4_S2_S4_PKiS4_PiS7_S7_PfP13__nv_bfloat16PhS8_SA_PK5uint2S7_S7_SA_PjSB_SB_SB_SB_SB_SB_SB_SB_SB_SA_S2_SB_SB_iilb'
ptxas info    : (C7519) warpgroup.arrive is injected in around line 170188 by compiler to allow use of registers in GMMA in function '_Z32tp8_megamoe_single_launch_kernelILi2ELi8EEv14CUtensorMap_stS0_S0_S0_PKhS2_PKfS2_S2_S4_S2_S4_PKiS4_PiS7_S7_PfP13__nv_bfloat16PhS8_SA_PK5uint2S7_S7_SA_PjSB_SB_SB_SB_SB_SB_SB_SB_SB_SA_S2_SB_SB_iilb'
ptxas info    : (C7519) warpgroup.arrive is injected in around line 170397 by compiler to allow use of registers in GMMA in function '_Z32tp8_megamoe_single_launch_kernelILi2ELi8EEv14CUtensorMap_stS0_S0_S0_PKhS2_PKfS2_S2_S4_S2_S4_PKiS4_PiS7_S7_PfP13__nv_bfloat16PhS8_SA_PK5uint2S7_S7_SA_PjSB_SB_SB_SB_SB_SB_SB_SB_SB_SA_S2_SB_SB_iilb'
ptxas info    : (C7519) warpgroup.arrive is injected in around line 170603 by compiler to allow use of registers in GMMA in function '_Z32tp8_megamoe_single_launch_kernelILi2ELi8EEv14CUtensorMap_stS0_S0_S0_PKhS2_PKfS2_S2_S4_S2_S4_PKiS4_PiS7_S7_PfP13__nv_bfloat16PhS8_SA_PK5uint2S7_S7_SA_PjSB_SB_SB_SB_SB_SB_SB_SB_SB_SA_S2_SB_SB_iilb'
ptxas info    : (C7519) warpgroup.arrive is injected in around line 170762 by compiler to allow use of registers in GMMA in function '_Z32tp8_megamoe_single_launch_kernelILi2ELi8EEv14CUtensorMap_stS0_S0_S0_PKhS2_PKfS2_S2_S4_S2_S4_PKiS4_PiS7_S7_PfP13__nv_bfloat16PhS8_SA_PK5uint2S7_S7_SA_PjSB_SB_SB_SB_SB_SB_SB_SB_SB_SA_S2_SB_SB_iilb'
ptxas info    : (C7519) warpgroup.arrive is injected in around line 171130 by compiler to allow use of registers in GMMA in function '_Z32tp8_megamoe_single_launch_kernelILi2ELi8EEv14CUtensorMap_stS0_S0_S0_PKhS2_PKfS2_S2_S4_S2_S4_PKiS4_PiS7_S7_PfP13__nv_bfloat16PhS8_SA_PK5uint2S7_S7_SA_PjSB_SB_SB_SB_SB_SB_SB_SB_SB_SA_S2_SB_SB_iilb'
ptxas info    : (C7519) warpgroup.arrive is injected in around line 171332 by compiler to allow use of registers in GMMA in function '_Z32tp8_megamoe_single_launch_kernelILi2ELi8EEv14CUtensorMap_stS0_S0_S0_PKhS2_PKfS2_S2_S4_S2_S4_PKiS4_PiS7_S7_PfP13__nv_bfloat16PhS8_SA_PK5uint2S7_S7_SA_PjSB_SB_SB_SB_SB_SB_SB_SB_SB_SA_S2_SB_SB_iilb'
ptxas info    : (C7519) warpgroup.arrive is injected in around line 171534 by compiler to allow use of registers in GMMA in function '_Z32tp8_megamoe_single_launch_kernelILi2ELi8EEv14CUtensorMap_stS0_S0_S0_PKhS2_PKfS2_S2_S4_S2_S4_PKiS4_PiS7_S7_PfP13__nv_bfloat16PhS8_SA_PK5uint2S7_S7_SA_PjSB_SB_SB_SB_SB_SB_SB_SB_SB_SA_S2_SB_SB_iilb'
ptxas info    : (C7519) warpgroup.arrive is injected in around line 171689 by compiler to allow use of registers in GMMA in function '_Z32tp8_megamoe_single_launch_kernelILi2ELi8EEv14CUtensorMap_stS0_S0_S0_PKhS2_PKfS2_S2_S4_S2_S4_PKiS4_PiS7_S7_PfP13__nv_bfloat16PhS8_SA_PK5uint2S7_S7_SA_PjSB_SB_SB_SB_SB_SB_SB_SB_SB_SA_S2_SB_SB_iilb'
ptxas info    : (C7520) Potential Performance Loss: wgmma.mma_async instructions are serialized due to program dependence on compiler-inserted WG.AR in divergent path in the function '_Z32tp8_megamoe_single_launch_kernelILi2ELi8EEv14CUtensorMap_stS0_S0_S0_PKhS2_PKfS2_S2_S4_S2_S4_PKiS4_PiS7_S7_PfP13__nv_bfloat16PhS8_SA_PK5uint2S7_S7_SA_PjSB_SB_SB_SB_SB_SB_SB_SB_SB_SA_S2_SB_SB_iilb'
ptxas info    : (C7519) warpgroup.arrive is injected in around line 9137 by compiler to allow use of registers in GMMA in function '_Z27single_launch_w2_gemm_phaseILb1EEvPK14CUtensorMap_stS2_PKhS4_PKfS4_S6_PKiS8_S8_S6_P13__nv_bfloat16PK5uint2iiii'
ptxas info    : (C7519) warpgroup.arrive is injected in around line 9343 by compiler to allow use of registers in GMMA in function '_Z27single_launch_w2_gemm_phaseILb1EEvPK14CUtensorMap_stS2_PKhS4_PKfS4_S6_PKiS8_S8_S6_P13__nv_bfloat16PK5uint2iiii'
ptxas info    : (C7519) warpgroup.arrive is injected in around line 9546 by compiler to allow use of registers in GMMA in function '_Z27single_launch_w2_gemm_phaseILb1EEvPK14CUtensorMap_stS2_PKhS4_PKfS4_S6_PKiS8_S8_S6_P13__nv_bfloat16PK5uint2iiii'
ptxas info    : (C7519) warpgroup.arrive is injected in around line 9705 by compiler to allow use of registers in GMMA in function '_Z27single_launch_w2_gemm_phaseILb1EEvPK14CUtensorMap_stS2_PKhS4_PKfS4_S6_PKiS8_S8_S6_P13__nv_bfloat16PK5uint2iiii'
ptxas info    : (C7519) warpgroup.arrive is injected in around line 10062 by compiler to allow use of registers in GMMA in function '_Z27single_launch_w2_gemm_phaseILb1EEvPK14CUtensorMap_stS2_PKhS4_PKfS4_S6_PKiS8_S8_S6_P13__nv_bfloat16PK5uint2iiii'
ptxas info    : (C7519) warpgroup.arrive is injected in around line 10261 by compiler to allow use of registers in GMMA in function '_Z27single_launch_w2_gemm_phaseILb1EEvPK14CUtensorMap_stS2_PKhS4_PKfS4_S6_PKiS8_S8_S6_P13__nv_bfloat16PK5uint2iiii'
ptxas info    : (C7519) warpgroup.arrive is injected in around line 10460 by compiler to allow use of registers in GMMA in function '_Z27single_launch_w2_gemm_phaseILb1EEvPK14CUtensorMap_stS2_PKhS4_PKfS4_S6_PKiS8_S8_S6_P13__nv_bfloat16PK5uint2iiii'
ptxas info    : (C7519) warpgroup.arrive is injected in around line 10615 by compiler to allow use of registers in GMMA in function '_Z27single_launch_w2_gemm_phaseILb1EEvPK14CUtensorMap_stS2_PKhS4_PKfS4_S6_PKiS8_S8_S6_P13__nv_bfloat16PK5uint2iiii'
ptxas info    : (C7519) warpgroup.arrive is injected in around line 10969 by compiler to allow use of registers in GMMA in function '_Z27single_launch_w2_gemm_phaseILb1EEvPK14CUtensorMap_stS2_PKhS4_PKfS4_S6_PKiS8_S8_S6_P13__nv_bfloat16PK5uint2iiii'
ptxas info    : (C7519) warpgroup.arrive is injected in around line 11168 by compiler to allow use of registers in GMMA in function '_Z27single_launch_w2_gemm_phaseILb1EEvPK14CUtensorMap_stS2_PKhS4_PKfS4_S6_PKiS8_S8_S6_P13__nv_bfloat16PK5uint2iiii'
ptxas info    : (C7519) warpgroup.arrive is injected in around line 11367 by compiler to allow use of registers in GMMA in function '_Z27single_launch_w2_gemm_phaseILb1EEvPK14CUtensorMap_stS2_PKhS4_PKfS4_S6_PKiS8_S8_S6_P13__nv_bfloat16PK5uint2iiii'
ptxas info    : (C7519) warpgroup.arrive is injected in around line 11522 by compiler to allow use of registers in GMMA in function '_Z27single_launch_w2_gemm_phaseILb1EEvPK14CUtensorMap_stS2_PKhS4_PKfS4_S6_PKiS8_S8_S6_P13__nv_bfloat16PK5uint2iiii'
ptxas info    : (C7519) warpgroup.arrive is injected in around line 11857 by compiler to allow use of registers in GMMA in function '_Z27single_launch_w2_gemm_phaseILb1EEvPK14CUtensorMap_stS2_PKhS4_PKfS4_S6_PKiS8_S8_S6_P13__nv_bfloat16PK5uint2iiii'
ptxas info    : (C7519) warpgroup.arrive is injected in around line 12056 by compiler to allow use of registers in GMMA in function '_Z27single_launch_w2_gemm_phaseILb1EEvPK14CUtensorMap_stS2_PKhS4_PKfS4_S6_PKiS8_S8_S6_P13__nv_bfloat16PK5uint2iiii'
ptxas info    : (C7519) warpgroup.arrive is injected in around line 12255 by compiler to allow use of registers in GMMA in function '_Z27single_launch_w2_gemm_phaseILb1EEvPK14CUtensorMap_stS2_PKhS4_PKfS4_S6_PKiS8_S8_S6_P13__nv_bfloat16PK5uint2iiii'
ptxas info    : (C7519) warpgroup.arrive is injected in around line 12410 by compiler to allow use of registers in GMMA in function '_Z27single_launch_w2_gemm_phaseILb1EEvPK14CUtensorMap_stS2_PKhS4_PKfS4_S6_PKiS8_S8_S6_P13__nv_bfloat16PK5uint2iiii'
ptxas info    : (C7520) Potential Performance Loss: wgmma.mma_async instructions are serialized due to program dependence on compiler-inserted WG.AR in divergent path in the function '_Z36single_launch_w13_gemm_phase_compactILi2ELi128ELb1EEvPK24SingleLaunchW13PhaseArgs'
ptxas info    : (C7520) Potential Performance Loss: wgmma.mma_async instructions are serialized due to program dependence on compiler-inserted WG.AR in divergent path in the function '_Z36single_launch_w13_gemm_phase_compactILi4ELi128ELb1EEvPK24SingleLaunchW13PhaseArgs'
ptxas info    : (C7519) warpgroup.arrive is injected in around line 152038 by compiler to allow use of registers in GMMA in function '_Z32tp4_megamoe_single_launch_kernelILi2ELi64EEv14CUtensorMap_stS0_S0_S0_PKhS2_PKfS2_S2_S4_S2_S4_PKiS4_PiS7_S7_PfP13__nv_bfloat16PhS8_SA_PK5uint2S7_S7_SA_PjSB_SB_SB_SB_SB_SA_S2_SB_SB_iilb'
ptxas info    : (C7519) warpgroup.arrive is injected in around line 152247 by compiler to allow use of registers in GMMA in function '_Z32tp4_megamoe_single_launch_kernelILi2ELi64EEv14CUtensorMap_stS0_S0_S0_PKhS2_PKfS2_S2_S4_S2_S4_PKiS4_PiS7_S7_PfP13__nv_bfloat16PhS8_SA_PK5uint2S7_S7_SA_PjSB_SB_SB_SB_SB_SA_S2_SB_SB_iilb'
ptxas info    : (C7519) warpgroup.arrive is injected in around line 152453 by compiler to allow use of registers in GMMA in function '_Z32tp4_megamoe_single_launch_kernelILi2ELi64EEv14CUtensorMap_stS0_S0_S0_PKhS2_PKfS2_S2_S4_S2_S4_PKiS4_PiS7_S7_PfP13__nv_bfloat16PhS8_SA_PK5uint2S7_S7_SA_PjSB_SB_SB_SB_SB_SA_S2_SB_SB_iilb'
ptxas info    : (C7519) warpgroup.arrive is injected in around line 152612 by compiler to allow use of registers in GMMA in function '_Z32tp4_megamoe_single_launch_kernelILi2ELi64EEv14CUtensorMap_stS0_S0_S0_PKhS2_PKfS2_S2_S4_S2_S4_PKiS4_PiS7_S7_PfP13__nv_bfloat16PhS8_SA_PK5uint2S7_S7_SA_PjSB_SB_SB_SB_SB_SA_S2_SB_SB_iilb'
ptxas info    : (C7519) warpgroup.arrive is injected in around line 153004 by compiler to allow use of registers in GMMA in function '_Z32tp4_megamoe_single_launch_kernelILi2ELi64EEv14CUtensorMap_stS0_S0_S0_PKhS2_PKfS2_S2_S4_S2_S4_PKiS4_PiS7_S7_PfP13__nv_bfloat16PhS8_SA_PK5uint2S7_S7_SA_PjSB_SB_SB_SB_SB_SA_S2_SB_SB_iilb'
ptxas info    : (C7519) warpgroup.arrive is injected in around line 153206 by compiler to allow use of registers in GMMA in function '_Z32tp4_megamoe_single_launch_kernelILi2ELi64EEv14CUtensorMap_stS0_S0_S0_PKhS2_PKfS2_S2_S4_S2_S4_PKiS4_PiS7_S7_PfP13__nv_bfloat16PhS8_SA_PK5uint2S7_S7_SA_PjSB_SB_SB_SB_SB_SA_S2_SB_SB_iilb'
ptxas info    : (C7519) warpgroup.arrive is injected in around line 153408 by compiler to allow use of registers in GMMA in function '_Z32tp4_megamoe_single_launch_kernelILi2ELi64EEv14CUtensorMap_stS0_S0_S0_PKhS2_PKfS2_S2_S4_S2_S4_PKiS4_PiS7_S7_PfP13__nv_bfloat16PhS8_SA_PK5uint2S7_S7_SA_PjSB_SB_SB_SB_SB_SA_S2_SB_SB_iilb'
ptxas info    : (C7519) warpgroup.arrive is injected in around line 153563 by compiler to allow use of registers in GMMA in function '_Z32tp4_megamoe_single_launch_kernelILi2ELi64EEv14CUtensorMap_stS0_S0_S0_PKhS2_PKfS2_S2_S4_S2_S4_PKiS4_PiS7_S7_PfP13__nv_bfloat16PhS8_SA_PK5uint2S7_S7_SA_PjSB_SB_SB_SB_SB_SA_S2_SB_SB_iilb'
ptxas info    : (C7519) warpgroup.arrive is injected in around line 153957 by compiler to allow use of registers in GMMA in function '_Z32tp4_megamoe_single_launch_kernelILi2ELi64EEv14CUtensorMap_stS0_S0_S0_PKhS2_PKfS2_S2_S4_S2_S4_PKiS4_PiS7_S7_PfP13__nv_bfloat16PhS8_SA_PK5uint2S7_S7_SA_PjSB_SB_SB_SB_SB_SA_S2_SB_SB_iilb'
ptxas info    : (C7519) warpgroup.arrive is injected in around line 154156 by compiler to allow use of registers in GMMA in function '_Z32tp4_megamoe_single_launch_kernelILi2ELi64EEv14CUtensorMap_stS0_S0_S0_PKhS2_PKfS2_S2_S4_S2_S4_PKiS4_PiS7_S7_PfP13__nv_bfloat16PhS8_SA_PK5uint2S7_S7_SA_PjSB_SB_SB_SB_SB_SA_S2_SB_SB_iilb'
ptxas info    : (C7519) warpgroup.arrive is injected in around line 154355 by compiler to allow use of registers in GMMA in function '_Z32tp4_megamoe_single_launch_kernelILi2ELi64EEv14CUtensorMap_stS0_S0_S0_PKhS2_PKfS2_S2_S4_S2_S4_PKiS4_PiS7_S7_PfP13__nv_bfloat16PhS8_SA_PK5uint2S7_S7_SA_PjSB_SB_SB_SB_SB_SA_S2_SB_SB_iilb'
ptxas info    : (C7519) warpgroup.arrive is injected in around line 154510 by compiler to allow use of registers in GMMA in function '_Z32tp4_megamoe_single_launch_kernelILi2ELi64EEv14CUtensorMap_stS0_S0_S0_PKhS2_PKfS2_S2_S4_S2_S4_PKiS4_PiS7_S7_PfP13__nv_bfloat16PhS8_SA_PK5uint2S7_S7_SA_PjSB_SB_SB_SB_SB_SA_S2_SB_SB_iilb'
ptxas info    : (C7520) Potential Performance Loss: wgmma.mma_async instructions are serialized due to program dependence on compiler-inserted WG.AR in divergent path in the function '_Z32tp4_megamoe_single_launch_kernelILi2ELi64EEv14CUtensorMap_stS0_S0_S0_PKhS2_PKfS2_S2_S4_S2_S4_PKiS4_PiS7_S7_PfP13__nv_bfloat16PhS8_SA_PK5uint2S7_S7_SA_PjSB_SB_SB_SB_SB_SA_S2_SB_SB_iilb'
ptxas info    : (C7519) warpgroup.arrive is injected in around line 144755 by compiler to allow use of registers in GMMA in function '_Z32tp4_megamoe_single_launch_kernelILi4ELi64EEv14CUtensorMap_stS0_S0_S0_PKhS2_PKfS2_S2_S4_S2_S4_PKiS4_PiS7_S7_PfP13__nv_bfloat16PhS8_SA_PK5uint2S7_S7_SA_PjSB_SB_SB_SB_SB_SA_S2_SB_SB_iilb'
ptxas info    : (C7519) warpgroup.arrive is injected in around line 144964 by compiler to allow use of registers in GMMA in function '_Z32tp4_megamoe_single_launch_kernelILi4ELi64EEv14CUtensorMap_stS0_S0_S0_PKhS2_PKfS2_S2_S4_S2_S4_PKiS4_PiS7_S7_PfP13__nv_bfloat16PhS8_SA_PK5uint2S7_S7_SA_PjSB_SB_SB_SB_SB_SA_S2_SB_SB_iilb'
ptxas info    : (C7519) warpgroup.arrive is injected in around line 145170 by compiler to allow use of registers in GMMA in function '_Z32tp4_megamoe_single_launch_kernelILi4ELi64EEv14CUtensorMap_stS0_S0_S0_PKhS2_PKfS2_S2_S4_S2_S4_PKiS4_PiS7_S7_PfP13__nv_bfloat16PhS8_SA_PK5uint2S7_S7_SA_PjSB_SB_SB_SB_SB_SA_S2_SB_SB_iilb'
ptxas info    : (C7519) warpgroup.arrive is injected in around line 145329 by compiler to allow use of registers in GMMA in function '_Z32tp4_megamoe_single_launch_kernelILi4ELi64EEv14CUtensorMap_stS0_S0_S0_PKhS2_PKfS2_S2_S4_S2_S4_PKiS4_PiS7_S7_PfP13__nv_bfloat16PhS8_SA_PK5uint2S7_S7_SA_PjSB_SB_SB_SB_SB_SA_S2_SB_SB_iilb'
ptxas info    : (C7519) warpgroup.arrive is injected in around line 145721 by compiler to allow use of registers in GMMA in function '_Z32tp4_megamoe_single_launch_kernelILi4ELi64EEv14CUtensorMap_stS0_S0_S0_PKhS2_PKfS2_S2_S4_S2_S4_PKiS4_PiS7_S7_PfP13__nv_bfloat16PhS8_SA_PK5uint2S7_S7_SA_PjSB_SB_SB_SB_SB_SA_S2_SB_SB_iilb'
ptxas info    : (C7519) warpgroup.arrive is injected in around line 145923 by compiler to allow use of registers in GMMA in function '_Z32tp4_megamoe_single_launch_kernelILi4ELi64EEv14CUtensorMap_stS0_S0_S0_PKhS2_PKfS2_S2_S4_S2_S4_PKiS4_PiS7_S7_PfP13__nv_bfloat16PhS8_SA_PK5uint2S7_S7_SA_PjSB_SB_SB_SB_SB_SA_S2_SB_SB_iilb'
ptxas info    : (C7519) warpgroup.arrive is injected in around line 146125 by compiler to allow use of registers in GMMA in function '_Z32tp4_megamoe_single_launch_kernelILi4ELi64EEv14CUtensorMap_stS0_S0_S0_PKhS2_PKfS2_S2_S4_S2_S4_PKiS4_PiS7_S7_PfP13__nv_bfloat16PhS8_SA_PK5uint2S7_S7_SA_PjSB_SB_SB_SB_SB_SA_S2_SB_SB_iilb'
ptxas info    : (C7519) warpgroup.arrive is injected in around line 146280 by compiler to allow use of registers in GMMA in function '_Z32tp4_megamoe_single_launch_kernelILi4ELi64EEv14CUtensorMap_stS0_S0_S0_PKhS2_PKfS2_S2_S4_S2_S4_PKiS4_PiS7_S7_PfP13__nv_bfloat16PhS8_SA_PK5uint2S7_S7_SA_PjSB_SB_SB_SB_SB_SA_S2_SB_SB_iilb'
ptxas info    : (C7519) warpgroup.arrive is injected in around line 146674 by compiler to allow use of registers in GMMA in function '_Z32tp4_megamoe_single_launch_kernelILi4ELi64EEv14CUtensorMap_stS0_S0_S0_PKhS2_PKfS2_S2_S4_S2_S4_PKiS4_PiS7_S7_PfP13__nv_bfloat16PhS8_SA_PK5uint2S7_S7_SA_PjSB_SB_SB_SB_SB_SA_S2_SB_SB_iilb'
ptxas info    : (C7519) warpgroup.arrive is injected in around line 146873 by compiler to allow use of registers in GMMA in function '_Z32tp4_megamoe_single_launch_kernelILi4ELi64EEv14CUtensorMap_stS0_S0_S0_PKhS2_PKfS2_S2_S4_S2_S4_PKiS4_PiS7_S7_PfP13__nv_bfloat16PhS8_SA_PK5uint2S7_S7_SA_PjSB_SB_SB_SB_SB_SA_S2_SB_SB_iilb'
ptxas info    : (C7519) warpgroup.arrive is injected in around line 147072 by compiler to allow use of registers in GMMA in function '_Z32tp4_megamoe_single_launch_kernelILi4ELi64EEv14CUtensorMap_stS0_S0_S0_PKhS2_PKfS2_S2_S4_S2_S4_PKiS4_PiS7_S7_PfP13__nv_bfloat16PhS8_SA_PK5uint2S7_S7_SA_PjSB_SB_SB_SB_SB_SA_S2_SB_SB_iilb'
ptxas info    : (C7519) warpgroup.arrive is injected in around line 147227 by compiler to allow use of registers in GMMA in function '_Z32tp4_megamoe_single_launch_kernelILi4ELi64EEv14CUtensorMap_stS0_S0_S0_PKhS2_PKfS2_S2_S4_S2_S4_PKiS4_PiS7_S7_PfP13__nv_bfloat16PhS8_SA_PK5uint2S7_S7_SA_PjSB_SB_SB_SB_SB_SA_S2_SB_SB_iilb'
ptxas info    : (C7520) Potential Performance Loss: wgmma.mma_async instructions are serialized due to program dependence on compiler-inserted WG.AR in divergent path in the function '_Z32tp4_megamoe_single_launch_kernelILi4ELi64EEv14CUtensorMap_stS0_S0_S0_PKhS2_PKfS2_S2_S4_S2_S4_PKiS4_PiS7_S7_PfP13__nv_bfloat16PhS8_SA_PK5uint2S7_S7_SA_PjSB_SB_SB_SB_SB_SA_S2_SB_SB_iilb'
ptxas info    : (C7519) warpgroup.arrive is injected in around line 138150 by compiler to allow use of registers in GMMA in function '_Z32tp4_megamoe_single_launch_kernelILi4ELi32EEv14CUtensorMap_stS0_S0_S0_PKhS2_PKfS2_S2_S4_S2_S4_PKiS4_PiS7_S7_PfP13__nv_bfloat16PhS8_SA_PK5uint2S7_S7_SA_PjSB_SB_SB_SB_SB_SA_S2_SB_SB_iilb'
ptxas info    : (C7519) warpgroup.arrive is injected in around line 138359 by compiler to allow use of registers in GMMA in function '_Z32tp4_megamoe_single_launch_kernelILi4ELi32EEv14CUtensorMap_stS0_S0_S0_PKhS2_PKfS2_S2_S4_S2_S4_PKiS4_PiS7_S7_PfP13__nv_bfloat16PhS8_SA_PK5uint2S7_S7_SA_PjSB_SB_SB_SB_SB_SA_S2_SB_SB_iilb'
ptxas info    : (C7519) warpgroup.arrive is injected in around line 138565 by compiler to allow use of registers in GMMA in function '_Z32tp4_megamoe_single_launch_kernelILi4ELi32EEv14CUtensorMap_stS0_S0_S0_PKhS2_PKfS2_S2_S4_S2_S4_PKiS4_PiS7_S7_PfP13__nv_bfloat16PhS8_SA_PK5uint2S7_S7_SA_PjSB_SB_SB_SB_SB_SA_S2_SB_SB_iilb'
ptxas info    : (C7519) warpgroup.arrive is injected in around line 138724 by compiler to allow use of registers in GMMA in function '_Z32tp4_megamoe_single_launch_kernelILi4ELi32EEv14CUtensorMap_stS0_S0_S0_PKhS2_PKfS2_S2_S4_S2_S4_PKiS4_PiS7_S7_PfP13__nv_bfloat16PhS8_SA_PK5uint2S7_S7_SA_PjSB_SB_SB_SB_SB_SA_S2_SB_SB_iilb'
ptxas info    : (C7519) warpgroup.arrive is injected in around line 139116 by compiler to allow use of registers in GMMA in function '_Z32tp4_megamoe_single_launch_kernelILi4ELi32EEv14CUtensorMap_stS0_S0_S0_PKhS2_PKfS2_S2_S4_S2_S4_PKiS4_PiS7_S7_PfP13__nv_bfloat16PhS8_SA_PK5uint2S7_S7_SA_PjSB_SB_SB_SB_SB_SA_S2_SB_SB_iilb'
ptxas info    : (C7519) warpgroup.arrive is injected in around line 139318 by compiler to allow use of registers in GMMA in function '_Z32tp4_megamoe_single_launch_kernelILi4ELi32EEv14CUtensorMap_stS0_S0_S0_PKhS2_PKfS2_S2_S4_S2_S4_PKiS4_PiS7_S7_PfP13__nv_bfloat16PhS8_SA_PK5uint2S7_S7_SA_PjSB_SB_SB_SB_SB_SA_S2_SB_SB_iilb'
ptxas info    : (C7519) warpgroup.arrive is injected in around line 139520 by compiler to allow use of registers in GMMA in function '_Z32tp4_megamoe_single_launch_kernelILi4ELi32EEv14CUtensorMap_stS0_S0_S0_PKhS2_PKfS2_S2_S4_S2_S4_PKiS4_PiS7_S7_PfP13__nv_bfloat16PhS8_SA_PK5uint2S7_S7_SA_PjSB_SB_SB_SB_SB_SA_S2_SB_SB_iilb'
ptxas info    : (C7519) warpgroup.arrive is injected in around line 139675 by compiler to allow use of registers in GMMA in function '_Z32tp4_megamoe_single_launch_kernelILi4ELi32EEv14CUtensorMap_stS0_S0_S0_PKhS2_PKfS2_S2_S4_S2_S4_PKiS4_PiS7_S7_PfP13__nv_bfloat16PhS8_SA_PK5uint2S7_S7_SA_PjSB_SB_SB_SB_SB_SA_S2_SB_SB_iilb'
ptxas info    : (C7519) warpgroup.arrive is injected in around line 140069 by compiler to allow use of registers in GMMA in function '_Z32tp4_megamoe_single_launch_kernelILi4ELi32EEv14CUtensorMap_stS0_S0_S0_PKhS2_PKfS2_S2_S4_S2_S4_PKiS4_PiS7_S7_PfP13__nv_bfloat16PhS8_SA_PK5uint2S7_S7_SA_PjSB_SB_SB_SB_SB_SA_S2_SB_SB_iilb'
ptxas info    : (C7519) warpgroup.arrive is injected in around line 140268 by compiler to allow use of registers in GMMA in function '_Z32tp4_megamoe_single_launch_kernelILi4ELi32EEv14CUtensorMap_stS0_S0_S0_PKhS2_PKfS2_S2_S4_S2_S4_PKiS4_PiS7_S7_PfP13__nv_bfloat16PhS8_SA_PK5uint2S7_S7_SA_PjSB_SB_SB_SB_SB_SA_S2_SB_SB_iilb'
ptxas info    : (C7519) warpgroup.arrive is injected in around line 140467 by compiler to allow use of registers in GMMA in function '_Z32tp4_megamoe_single_launch_kernelILi4ELi32EEv14CUtensorMap_stS0_S0_S0_PKhS2_PKfS2_S2_S4_S2_S4_PKiS4_PiS7_S7_PfP13__nv_bfloat16PhS8_SA_PK5uint2S7_S7_SA_PjSB_SB_SB_SB_SB_SA_S2_SB_SB_iilb'
ptxas info    : (C7519) warpgroup.arrive is injected in around line 140622 by compiler to allow use of registers in GMMA in function '_Z32tp4_megamoe_single_launch_kernelILi4ELi32EEv14CUtensorMap_stS0_S0_S0_PKhS2_PKfS2_S2_S4_S2_S4_PKiS4_PiS7_S7_PfP13__nv_bfloat16PhS8_SA_PK5uint2S7_S7_SA_PjSB_SB_SB_SB_SB_SA_S2_SB_SB_iilb'
ptxas info    : (C7520) Potential Performance Loss: wgmma.mma_async instructions are serialized due to program dependence on compiler-inserted WG.AR in divergent path in the function '_Z32tp4_megamoe_single_launch_kernelILi4ELi32EEv14CUtensorMap_stS0_S0_S0_PKhS2_PKfS2_S2_S4_S2_S4_PKiS4_PiS7_S7_PfP13__nv_bfloat16PhS8_SA_PK5uint2S7_S7_SA_PjSB_SB_SB_SB_SB_SA_S2_SB_SB_iilb'
ptxas info    : (C7519) warpgroup.arrive is injected in around line 131554 by compiler to allow use of registers in GMMA in function '_Z32tp4_megamoe_single_launch_kernelILi2ELi32EEv14CUtensorMap_stS0_S0_S0_PKhS2_PKfS2_S2_S4_S2_S4_PKiS4_PiS7_S7_PfP13__nv_bfloat16PhS8_SA_PK5uint2S7_S7_SA_PjSB_SB_SB_SB_SB_SA_S2_SB_SB_iilb'
ptxas info    : (C7519) warpgroup.arrive is injected in around line 131763 by compiler to allow use of registers in GMMA in function '_Z32tp4_megamoe_single_launch_kernelILi2ELi32EEv14CUtensorMap_stS0_S0_S0_PKhS2_PKfS2_S2_S4_S2_S4_PKiS4_PiS7_S7_PfP13__nv_bfloat16PhS8_SA_PK5uint2S7_S7_SA_PjSB_SB_SB_SB_SB_SA_S2_SB_SB_iilb'
ptxas info    : (C7519) warpgroup.arrive is injected in around line 131969 by compiler to allow use of registers in GMMA in function '_Z32tp4_megamoe_single_launch_kernelILi2ELi32EEv14CUtensorMap_stS0_S0_S0_PKhS2_PKfS2_S2_S4_S2_S4_PKiS4_PiS7_S7_PfP13__nv_bfloat16PhS8_SA_PK5uint2S7_S7_SA_PjSB_SB_SB_SB_SB_SA_S2_SB_SB_iilb'
ptxas info    : (C7519) warpgroup.arrive is injected in around line 132128 by compiler to allow use of registers in GMMA in function '_Z32tp4_megamoe_single_launch_kernelILi2ELi32EEv14CUtensorMap_stS0_S0_S0_PKhS2_PKfS2_S2_S4_S2_S4_PKiS4_PiS7_S7_PfP13__nv_bfloat16PhS8_SA_PK5uint2S7_S7_SA_PjSB_SB_SB_SB_SB_SA_S2_SB_SB_iilb'
ptxas info    : (C7519) warpgroup.arrive is injected in around line 132520 by compiler to allow use of registers in GMMA in function '_Z32tp4_megamoe_single_launch_kernelILi2ELi32EEv14CUtensorMap_stS0_S0_S0_PKhS2_PKfS2_S2_S4_S2_S4_PKiS4_PiS7_S7_PfP13__nv_bfloat16PhS8_SA_PK5uint2S7_S7_SA_PjSB_SB_SB_SB_SB_SA_S2_SB_SB_iilb'
ptxas info    : (C7519) warpgroup.arrive is injected in around line 132722 by compiler to allow use of registers in GMMA in function '_Z32tp4_megamoe_single_launch_kernelILi2ELi32EEv14CUtensorMap_stS0_S0_S0_PKhS2_PKfS2_S2_S4_S2_S4_PKiS4_PiS7_S7_PfP13__nv_bfloat16PhS8_SA_PK5uint2S7_S7_SA_PjSB_SB_SB_SB_SB_SA_S2_SB_SB_iilb'
ptxas info    : (C7519) warpgroup.arrive is injected in around line 132924 by compiler to allow use of registers in GMMA in function '_Z32tp4_megamoe_single_launch_kernelILi2ELi32EEv14CUtensorMap_stS0_S0_S0_PKhS2_PKfS2_S2_S4_S2_S4_PKiS4_PiS7_S7_PfP13__nv_bfloat16PhS8_SA_PK5uint2S7_S7_SA_PjSB_SB_SB_SB_SB_SA_S2_SB_SB_iilb'
ptxas info    : (C7519) warpgroup.arrive is injected in around line 133079 by compiler to allow use of registers in GMMA in function '_Z32tp4_megamoe_single_launch_kernelILi2ELi32EEv14CUtensorMap_stS0_S0_S0_PKhS2_PKfS2_S2_S4_S2_S4_PKiS4_PiS7_S7_PfP13__nv_bfloat16PhS8_SA_PK5uint2S7_S7_SA_PjSB_SB_SB_SB_SB_SA_S2_SB_SB_iilb'
ptxas info    : (C7519) warpgroup.arrive is injected in around line 133473 by compiler to allow use of registers in GMMA in function '_Z32tp4_megamoe_single_launch_kernelILi2ELi32EEv14CUtensorMap_stS0_S0_S0_PKhS2_PKfS2_S2_S4_S2_S4_PKiS4_PiS7_S7_PfP13__nv_bfloat16PhS8_SA_PK5uint2S7_S7_SA_PjSB_SB_SB_SB_SB_SA_S2_SB_SB_iilb'
ptxas info    : (C7519) warpgroup.arrive is injected in around line 133672 by compiler to allow use of registers in GMMA in function '_Z32tp4_megamoe_single_launch_kernelILi2ELi32EEv14CUtensorMap_stS0_S0_S0_PKhS2_PKfS2_S2_S4_S2_S4_PKiS4_PiS7_S7_PfP13__nv_bfloat16PhS8_SA_PK5uint2S7_S7_SA_PjSB_SB_SB_SB_SB_SA_S2_SB_SB_iilb'
ptxas info    : (C7519) warpgroup.arrive is injected in around line 133871 by compiler to allow use of registers in GMMA in function '_Z32tp4_megamoe_single_launch_kernelILi2ELi32EEv14CUtensorMap_stS0_S0_S0_PKhS2_PKfS2_S2_S4_S2_S4_PKiS4_PiS7_S7_PfP13__nv_bfloat16PhS8_SA_PK5uint2S7_S7_SA_PjSB_SB_SB_SB_SB_SA_S2_SB_SB_iilb'
ptxas info    : (C7519) warpgroup.arrive is injected in around line 134026 by compiler to allow use of registers in GMMA in function '_Z32tp4_megamoe_single_launch_kernelILi2ELi32EEv14CUtensorMap_stS0_S0_S0_PKhS2_PKfS2_S2_S4_S2_S4_PKiS4_PiS7_S7_PfP13__nv_bfloat16PhS8_SA_PK5uint2S7_S7_SA_PjSB_SB_SB_SB_SB_SA_S2_SB_SB_iilb'
ptxas info    : (C7520) Potential Performance Loss: wgmma.mma_async instructions are serialized due to program dependence on compiler-inserted WG.AR in divergent path in the function '_Z32tp4_megamoe_single_launch_kernelILi2ELi32EEv14CUtensorMap_stS0_S0_S0_PKhS2_PKfS2_S2_S4_S2_S4_PKiS4_PiS7_S7_PfP13__nv_bfloat16PhS8_SA_PK5uint2S7_S7_SA_PjSB_SB_SB_SB_SB_SA_S2_SB_SB_iilb'
ptxas info    : (C7519) warpgroup.arrive is injected in around line 124945 by compiler to allow use of registers in GMMA in function '_Z32tp4_megamoe_single_launch_kernelILi4ELi16EEv14CUtensorMap_stS0_S0_S0_PKhS2_PKfS2_S2_S4_S2_S4_PKiS4_PiS7_S7_PfP13__nv_bfloat16PhS8_SA_PK5uint2S7_S7_SA_PjSB_SB_SB_SB_SB_SA_S2_SB_SB_iilb'
ptxas info    : (C7519) warpgroup.arrive is injected in around line 125154 by compiler to allow use of registers in GMMA in function '_Z32tp4_megamoe_single_launch_kernelILi4ELi16EEv14CUtensorMap_stS0_S0_S0_PKhS2_PKfS2_S2_S4_S2_S4_PKiS4_PiS7_S7_PfP13__nv_bfloat16PhS8_SA_PK5uint2S7_S7_SA_PjSB_SB_SB_SB_SB_SA_S2_SB_SB_iilb'
ptxas info    : (C7519) warpgroup.arrive is injected in around line 125360 by compiler to allow use of registers in GMMA in function '_Z32tp4_megamoe_single_launch_kernelILi4ELi16EEv14CUtensorMap_stS0_S0_S0_PKhS2_PKfS2_S2_S4_S2_S4_PKiS4_PiS7_S7_PfP13__nv_bfloat16PhS8_SA_PK5uint2S7_S7_SA_PjSB_SB_SB_SB_SB_SA_S2_SB_SB_iilb'
ptxas info    : (C7519) warpgroup.arrive is injected in around line 125519 by compiler to allow use of registers in GMMA in function '_Z32tp4_megamoe_single_launch_kernelILi4ELi16EEv14CUtensorMap_stS0_S0_S0_PKhS2_PKfS2_S2_S4_S2_S4_PKiS4_PiS7_S7_PfP13__nv_bfloat16PhS8_SA_PK5uint2S7_S7_SA_PjSB_SB_SB_SB_SB_SA_S2_SB_SB_iilb'
ptxas info    : (C7519) warpgroup.arrive is injected in around line 125911 by compiler to allow use of registers in GMMA in function '_Z32tp4_megamoe_single_launch_kernelILi4ELi16EEv14CUtensorMap_stS0_S0_S0_PKhS2_PKfS2_S2_S4_S2_S4_PKiS4_PiS7_S7_PfP13__nv_bfloat16PhS8_SA_PK5uint2S7_S7_SA_PjSB_SB_SB_SB_SB_SA_S2_SB_SB_iilb'
ptxas info    : (C7519) warpgroup.arrive is injected in around line 126113 by compiler to allow use of registers in GMMA in function '_Z32tp4_megamoe_single_launch_kernelILi4ELi16EEv14CUtensorMap_stS0_S0_S0_PKhS2_PKfS2_S2_S4_S2_S4_PKiS4_PiS7_S7_PfP13__nv_bfloat16PhS8_SA_PK5uint2S7_S7_SA_PjSB_SB_SB_SB_SB_SA_S2_SB_SB_iilb'
ptxas info    : (C7519) warpgroup.arrive is injected in around line 126315 by compiler to allow use of registers in GMMA in function '_Z32tp4_megamoe_single_launch_kernelILi4ELi16EEv14CUtensorMap_stS0_S0_S0_PKhS2_PKfS2_S2_S4_S2_S4_PKiS4_PiS7_S7_PfP13__nv_bfloat16PhS8_SA_PK5uint2S7_S7_SA_PjSB_SB_SB_SB_SB_SA_S2_SB_SB_iilb'
ptxas info    : (C7519) warpgroup.arrive is injected in around line 126470 by compiler to allow use of registers in GMMA in function '_Z32tp4_megamoe_single_launch_kernelILi4ELi16EEv14CUtensorMap_stS0_S0_S0_PKhS2_PKfS2_S2_S4_S2_S4_PKiS4_PiS7_S7_PfP13__nv_bfloat16PhS8_SA_PK5uint2S7_S7_SA_PjSB_SB_SB_SB_SB_SA_S2_SB_SB_iilb'
ptxas info    : (C7519) warpgroup.arrive is injected in around line 126864 by compiler to allow use of registers in GMMA in function '_Z32tp4_megamoe_single_launch_kernelILi4ELi16EEv14CUtensorMap_stS0_S0_S0_PKhS2_PKfS2_S2_S4_S2_S4_PKiS4_PiS7_S7_PfP13__nv_bfloat16PhS8_SA_PK5uint2S7_S7_SA_PjSB_SB_SB_SB_SB_SA_S2_SB_SB_iilb'
ptxas info    : (C7519) warpgroup.arrive is injected in around line 127063 by compiler to allow use of registers in GMMA in function '_Z32tp4_megamoe_single_launch_kernelILi4ELi16EEv14CUtensorMap_stS0_S0_S0_PKhS2_PKfS2_S2_S4_S2_S4_PKiS4_PiS7_S7_PfP13__nv_bfloat16PhS8_SA_PK5uint2S7_S7_SA_PjSB_SB_SB_SB_SB_SA_S2_SB_SB_iilb'
ptxas info    : (C7519) warpgroup.arrive is injected in around line 127262 by compiler to allow use of registers in GMMA in function '_Z32tp4_megamoe_single_launch_kernelILi4ELi16EEv14CUtensorMap_stS0_S0_S0_PKhS2_PKfS2_S2_S4_S2_S4_PKiS4_PiS7_S7_PfP13__nv_bfloat16PhS8_SA_PK5uint2S7_S7_SA_PjSB_SB_SB_SB_SB_SA_S2_SB_SB_iilb'
ptxas info    : (C7519) warpgroup.arrive is injected in around line 127417 by compiler to allow use of registers in GMMA in function '_Z32tp4_megamoe_single_launch_kernelILi4ELi16EEv14CUtensorMap_stS0_S0_S0_PKhS2_PKfS2_S2_S4_S2_S4_PKiS4_PiS7_S7_PfP13__nv_bfloat16PhS8_SA_PK5uint2S7_S7_SA_PjSB_SB_SB_SB_SB_SA_S2_SB_SB_iilb'
ptxas info    : (C7520) Potential Performance Loss: wgmma.mma_async instructions are serialized due to program dependence on compiler-inserted WG.AR in divergent path in the function '_Z32tp4_megamoe_single_launch_kernelILi4ELi16EEv14CUtensorMap_stS0_S0_S0_PKhS2_PKfS2_S2_S4_S2_S4_PKiS4_PiS7_S7_PfP13__nv_bfloat16PhS8_SA_PK5uint2S7_S7_SA_PjSB_SB_SB_SB_SB_SA_S2_SB_SB_iilb'
ptxas info    : (C7519) warpgroup.arrive is injected in around line 118349 by compiler to allow use of registers in GMMA in function '_Z32tp4_megamoe_single_launch_kernelILi2ELi16EEv14CUtensorMap_stS0_S0_S0_PKhS2_PKfS2_S2_S4_S2_S4_PKiS4_PiS7_S7_PfP13__nv_bfloat16PhS8_SA_PK5uint2S7_S7_SA_PjSB_SB_SB_SB_SB_SA_S2_SB_SB_iilb'
ptxas info    : (C7519) warpgroup.arrive is injected in around line 118558 by compiler to allow use of registers in GMMA in function '_Z32tp4_megamoe_single_launch_kernelILi2ELi16EEv14CUtensorMap_stS0_S0_S0_PKhS2_PKfS2_S2_S4_S2_S4_PKiS4_PiS7_S7_PfP13__nv_bfloat16PhS8_SA_PK5uint2S7_S7_SA_PjSB_SB_SB_SB_SB_SA_S2_SB_SB_iilb'
ptxas info    : (C7519) warpgroup.arrive is injected in around line 118764 by compiler to allow use of registers in GMMA in function '_Z32tp4_megamoe_single_launch_kernelILi2ELi16EEv14CUtensorMap_stS0_S0_S0_PKhS2_PKfS2_S2_S4_S2_S4_PKiS4_PiS7_S7_PfP13__nv_bfloat16PhS8_SA_PK5uint2S7_S7_SA_PjSB_SB_SB_SB_SB_SA_S2_SB_SB_iilb'
ptxas info    : (C7519) warpgroup.arrive is injected in around line 118923 by compiler to allow use of registers in GMMA in function '_Z32tp4_megamoe_single_launch_kernelILi2ELi16EEv14CUtensorMap_stS0_S0_S0_PKhS2_PKfS2_S2_S4_S2_S4_PKiS4_PiS7_S7_PfP13__nv_bfloat16PhS8_SA_PK5uint2S7_S7_SA_PjSB_SB_SB_SB_SB_SA_S2_SB_SB_iilb'
ptxas info    : (C7519) warpgroup.arrive is injected in around line 119315 by compiler to allow use of registers in GMMA in function '_Z32tp4_megamoe_single_launch_kernelILi2ELi16EEv14CUtensorMap_stS0_S0_S0_PKhS2_PKfS2_S2_S4_S2_S4_PKiS4_PiS7_S7_PfP13__nv_bfloat16PhS8_SA_PK5uint2S7_S7_SA_PjSB_SB_SB_SB_SB_SA_S2_SB_SB_iilb'
ptxas info    : (C7519) warpgroup.arrive is injected in around line 119517 by compiler to allow use of registers in GMMA in function '_Z32tp4_megamoe_single_launch_kernelILi2ELi16EEv14CUtensorMap_stS0_S0_S0_PKhS2_PKfS2_S2_S4_S2_S4_PKiS4_PiS7_S7_PfP13__nv_bfloat16PhS8_SA_PK5uint2S7_S7_SA_PjSB_SB_SB_SB_SB_SA_S2_SB_SB_iilb'
ptxas info    : (C7519) warpgroup.arrive is injected in around line 119719 by compiler to allow use of registers in GMMA in function '_Z32tp4_megamoe_single_launch_kernelILi2ELi16EEv14CUtensorMap_stS0_S0_S0_PKhS2_PKfS2_S2_S4_S2_S4_PKiS4_PiS7_S7_PfP13__nv_bfloat16PhS8_SA_PK5uint2S7_S7_SA_PjSB_SB_SB_SB_SB_SA_S2_SB_SB_iilb'
ptxas info    : (C7519) warpgroup.arrive is injected in around line 119874 by compiler to allow use of registers in GMMA in function '_Z32tp4_megamoe_single_launch_kernelILi2ELi16EEv14CUtensorMap_stS0_S0_S0_PKhS2_PKfS2_S2_S4_S2_S4_PKiS4_PiS7_S7_PfP13__nv_bfloat16PhS8_SA_PK5uint2S7_S7_SA_PjSB_SB_SB_SB_SB_SA_S2_SB_SB_iilb'
ptxas info    : (C7519) warpgroup.arrive is injected in around line 120268 by compiler to allow use of registers in GMMA in function '_Z32tp4_megamoe_single_launch_kernelILi2ELi16EEv14CUtensorMap_stS0_S0_S0_PKhS2_PKfS2_S2_S4_S2_S4_PKiS4_PiS7_S7_PfP13__nv_bfloat16PhS8_SA_PK5uint2S7_S7_SA_PjSB_SB_SB_SB_SB_SA_S2_SB_SB_iilb'
ptxas info    : (C7519) warpgroup.arrive is injected in around line 120467 by compiler to allow use of registers in GMMA in function '_Z32tp4_megamoe_single_launch_kernelILi2ELi16EEv14CUtensorMap_stS0_S0_S0_PKhS2_PKfS2_S2_S4_S2_S4_PKiS4_PiS7_S7_PfP13__nv_bfloat16PhS8_SA_PK5uint2S7_S7_SA_PjSB_SB_SB_SB_SB_SA_S2_SB_SB_iilb'
ptxas info    : (C7519) warpgroup.arrive is injected in around line 120666 by compiler to allow use of registers in GMMA in function '_Z32tp4_megamoe_single_launch_kernelILi2ELi16EEv14CUtensorMap_stS0_S0_S0_PKhS2_PKfS2_S2_S4_S2_S4_PKiS4_PiS7_S7_PfP13__nv_bfloat16PhS8_SA_PK5uint2S7_S7_SA_PjSB_SB_SB_SB_SB_SA_S2_SB_SB_iilb'
ptxas info    : (C7519) warpgroup.arrive is injected in around line 120821 by compiler to allow use of registers in GMMA in function '_Z32tp4_megamoe_single_launch_kernelILi2ELi16EEv14CUtensorMap_stS0_S0_S0_PKhS2_PKfS2_S2_S4_S2_S4_PKiS4_PiS7_S7_PfP13__nv_bfloat16PhS8_SA_PK5uint2S7_S7_SA_PjSB_SB_SB_SB_SB_SA_S2_SB_SB_iilb'
ptxas info    : (C7520) Potential Performance Loss: wgmma.mma_async instructions are serialized due to program dependence on compiler-inserted WG.AR in divergent path in the function '_Z32tp4_megamoe_single_launch_kernelILi2ELi16EEv14CUtensorMap_stS0_S0_S0_PKhS2_PKfS2_S2_S4_S2_S4_PKiS4_PiS7_S7_PfP13__nv_bfloat16PhS8_SA_PK5uint2S7_S7_SA_PjSB_SB_SB_SB_SB_SA_S2_SB_SB_iilb'
ptxas info    : (C7519) warpgroup.arrive is injected in around line 111740 by compiler to allow use of registers in GMMA in function '_Z32tp4_megamoe_single_launch_kernelILi4ELi8EEv14CUtensorMap_stS0_S0_S0_PKhS2_PKfS2_S2_S4_S2_S4_PKiS4_PiS7_S7_PfP13__nv_bfloat16PhS8_SA_PK5uint2S7_S7_SA_PjSB_SB_SB_SB_SB_SA_S2_SB_SB_iilb'
ptxas info    : (C7519) warpgroup.arrive is injected in around line 111949 by compiler to allow use of registers in GMMA in function '_Z32tp4_megamoe_single_launch_kernelILi4ELi8EEv14CUtensorMap_stS0_S0_S0_PKhS2_PKfS2_S2_S4_S2_S4_PKiS4_PiS7_S7_PfP13__nv_bfloat16PhS8_SA_PK5uint2S7_S7_SA_PjSB_SB_SB_SB_SB_SA_S2_SB_SB_iilb'
ptxas info    : (C7519) warpgroup.arrive is injected in around line 112155 by compiler to allow use of registers in GMMA in function '_Z32tp4_megamoe_single_launch_kernelILi4ELi8EEv14CUtensorMap_stS0_S0_S0_PKhS2_PKfS2_S2_S4_S2_S4_PKiS4_PiS7_S7_PfP13__nv_bfloat16PhS8_SA_PK5uint2S7_S7_SA_PjSB_SB_SB_SB_SB_SA_S2_SB_SB_iilb'
ptxas info    : (C7519) warpgroup.arrive is injected in around line 112314 by compiler to allow use of registers in GMMA in function '_Z32tp4_megamoe_single_launch_kernelILi4ELi8EEv14CUtensorMap_stS0_S0_S0_PKhS2_PKfS2_S2_S4_S2_S4_PKiS4_PiS7_S7_PfP13__nv_bfloat16PhS8_SA_PK5uint2S7_S7_SA_PjSB_SB_SB_SB_SB_SA_S2_SB_SB_iilb'
ptxas info    : (C7519) warpgroup.arrive is injected in around line 112706 by compiler to allow use of registers in GMMA in function '_Z32tp4_megamoe_single_launch_kernelILi4ELi8EEv14CUtensorMap_stS0_S0_S0_PKhS2_PKfS2_S2_S4_S2_S4_PKiS4_PiS7_S7_PfP13__nv_bfloat16PhS8_SA_PK5uint2S7_S7_SA_PjSB_SB_SB_SB_SB_SA_S2_SB_SB_iilb'
ptxas info    : (C7519) warpgroup.arrive is injected in around line 112908 by compiler to allow use of registers in GMMA in function '_Z32tp4_megamoe_single_launch_kernelILi4ELi8EEv14CUtensorMap_stS0_S0_S0_PKhS2_PKfS2_S2_S4_S2_S4_PKiS4_PiS7_S7_PfP13__nv_bfloat16PhS8_SA_PK5uint2S7_S7_SA_PjSB_SB_SB_SB_SB_SA_S2_SB_SB_iilb'
ptxas info    : (C7519) warpgroup.arrive is injected in around line 113110 by compiler to allow use of registers in GMMA in function '_Z32tp4_megamoe_single_launch_kernelILi4ELi8EEv14CUtensorMap_stS0_S0_S0_PKhS2_PKfS2_S2_S4_S2_S4_PKiS4_PiS7_S7_PfP13__nv_bfloat16PhS8_SA_PK5uint2S7_S7_SA_PjSB_SB_SB_SB_SB_SA_S2_SB_SB_iilb'
ptxas info    : (C7519) warpgroup.arrive is injected in around line 113265 by compiler to allow use of registers in GMMA in function '_Z32tp4_megamoe_single_launch_kernelILi4ELi8EEv14CUtensorMap_stS0_S0_S0_PKhS2_PKfS2_S2_S4_S2_S4_PKiS4_PiS7_S7_PfP13__nv_bfloat16PhS8_SA_PK5uint2S7_S7_SA_PjSB_SB_SB_SB_SB_SA_S2_SB_SB_iilb'
ptxas info    : (C7519) warpgroup.arrive is injected in around line 113659 by compiler to allow use of registers in GMMA in function '_Z32tp4_megamoe_single_launch_kernelILi4ELi8EEv14CUtensorMap_stS0_S0_S0_PKhS2_PKfS2_S2_S4_S2_S4_PKiS4_PiS7_S7_PfP13__nv_bfloat16PhS8_SA_PK5uint2S7_S7_SA_PjSB_SB_SB_SB_SB_SA_S2_SB_SB_iilb'
ptxas info    : (C7519) warpgroup.arrive is injected in around line 113858 by compiler to allow use of registers in GMMA in function '_Z32tp4_megamoe_single_launch_kernelILi4ELi8EEv14CUtensorMap_stS0_S0_S0_PKhS2_PKfS2_S2_S4_S2_S4_PKiS4_PiS7_S7_PfP13__nv_bfloat16PhS8_SA_PK5uint2S7_S7_SA_PjSB_SB_SB_SB_SB_SA_S2_SB_SB_iilb'
ptxas info    : (C7519) warpgroup.arrive is injected in around line 114057 by compiler to allow use of registers in GMMA in function '_Z32tp4_megamoe_single_launch_kernelILi4ELi8EEv14CUtensorMap_stS0_S0_S0_PKhS2_PKfS2_S2_S4_S2_S4_PKiS4_PiS7_S7_PfP13__nv_bfloat16PhS8_SA_PK5uint2S7_S7_SA_PjSB_SB_SB_SB_SB_SA_S2_SB_SB_iilb'
ptxas info    : (C7519) warpgroup.arrive is injected in around line 114212 by compiler to allow use of registers in GMMA in function '_Z32tp4_megamoe_single_launch_kernelILi4ELi8EEv14CUtensorMap_stS0_S0_S0_PKhS2_PKfS2_S2_S4_S2_S4_PKiS4_PiS7_S7_PfP13__nv_bfloat16PhS8_SA_PK5uint2S7_S7_SA_PjSB_SB_SB_SB_SB_SA_S2_SB_SB_iilb'
ptxas info    : (C7520) Potential Performance Loss: wgmma.mma_async instructions are serialized due to program dependence on compiler-inserted WG.AR in divergent path in the function '_Z32tp4_megamoe_single_launch_kernelILi4ELi8EEv14CUtensorMap_stS0_S0_S0_PKhS2_PKfS2_S2_S4_S2_S4_PKiS4_PiS7_S7_PfP13__nv_bfloat16PhS8_SA_PK5uint2S7_S7_SA_PjSB_SB_SB_SB_SB_SA_S2_SB_SB_iilb'
ptxas info    : (C7519) warpgroup.arrive is injected in around line 105144 by compiler to allow use of registers in GMMA in function '_Z32tp4_megamoe_single_launch_kernelILi2ELi8EEv14CUtensorMap_stS0_S0_S0_PKhS2_PKfS2_S2_S4_S2_S4_PKiS4_PiS7_S7_PfP13__nv_bfloat16PhS8_SA_PK5uint2S7_S7_SA_PjSB_SB_SB_SB_SB_SA_S2_SB_SB_iilb'
ptxas info    : (C7519) warpgroup.arrive is injected in around line 105353 by compiler to allow use of registers in GMMA in function '_Z32tp4_megamoe_single_launch_kernelILi2ELi8EEv14CUtensorMap_stS0_S0_S0_PKhS2_PKfS2_S2_S4_S2_S4_PKiS4_PiS7_S7_PfP13__nv_bfloat16PhS8_SA_PK5uint2S7_S7_SA_PjSB_SB_SB_SB_SB_SA_S2_SB_SB_iilb'
ptxas info    : (C7519) warpgroup.arrive is injected in around line 105559 by compiler to allow use of registers in GMMA in function '_Z32tp4_megamoe_single_launch_kernelILi2ELi8EEv14CUtensorMap_stS0_S0_S0_PKhS2_PKfS2_S2_S4_S2_S4_PKiS4_PiS7_S7_PfP13__nv_bfloat16PhS8_SA_PK5uint2S7_S7_SA_PjSB_SB_SB_SB_SB_SA_S2_SB_SB_iilb'
ptxas info    : (C7519) warpgroup.arrive is injected in around line 105718 by compiler to allow use of registers in GMMA in function '_Z32tp4_megamoe_single_launch_kernelILi2ELi8EEv14CUtensorMap_stS0_S0_S0_PKhS2_PKfS2_S2_S4_S2_S4_PKiS4_PiS7_S7_PfP13__nv_bfloat16PhS8_SA_PK5uint2S7_S7_SA_PjSB_SB_SB_SB_SB_SA_S2_SB_SB_iilb'
ptxas info    : (C7519) warpgroup.arrive is injected in around line 106110 by compiler to allow use of registers in GMMA in function '_Z32tp4_megamoe_single_launch_kernelILi2ELi8EEv14CUtensorMap_stS0_S0_S0_PKhS2_PKfS2_S2_S4_S2_S4_PKiS4_PiS7_S7_PfP13__nv_bfloat16PhS8_SA_PK5uint2S7_S7_SA_PjSB_SB_SB_SB_SB_SA_S2_SB_SB_iilb'
ptxas info    : (C7519) warpgroup.arrive is injected in around line 106312 by compiler to allow use of registers in GMMA in function '_Z32tp4_megamoe_single_launch_kernelILi2ELi8EEv14CUtensorMap_stS0_S0_S0_PKhS2_PKfS2_S2_S4_S2_S4_PKiS4_PiS7_S7_PfP13__nv_bfloat16PhS8_SA_PK5uint2S7_S7_SA_PjSB_SB_SB_SB_SB_SA_S2_SB_SB_iilb'
ptxas info    : (C7519) warpgroup.arrive is injected in around line 106514 by compiler to allow use of registers in GMMA in function '_Z32tp4_megamoe_single_launch_kernelILi2ELi8EEv14CUtensorMap_stS0_S0_S0_PKhS2_PKfS2_S2_S4_S2_S4_PKiS4_PiS7_S7_PfP13__nv_bfloat16PhS8_SA_PK5uint2S7_S7_SA_PjSB_SB_SB_SB_SB_SA_S2_SB_SB_iilb'
ptxas info    : (C7519) warpgroup.arrive is injected in around line 106669 by compiler to allow use of registers in GMMA in function '_Z32tp4_megamoe_single_launch_kernelILi2ELi8EEv14CUtensorMap_stS0_S0_S0_PKhS2_PKfS2_S2_S4_S2_S4_PKiS4_PiS7_S7_PfP13__nv_bfloat16PhS8_SA_PK5uint2S7_S7_SA_PjSB_SB_SB_SB_SB_SA_S2_SB_SB_iilb'
ptxas info    : (C7519) warpgroup.arrive is injected in around line 107063 by compiler to allow use of registers in GMMA in function '_Z32tp4_megamoe_single_launch_kernelILi2ELi8EEv14CUtensorMap_stS0_S0_S0_PKhS2_PKfS2_S2_S4_S2_S4_PKiS4_PiS7_S7_PfP13__nv_bfloat16PhS8_SA_PK5uint2S7_S7_SA_PjSB_SB_SB_SB_SB_SA_S2_SB_SB_iilb'
ptxas info    : (C7519) warpgroup.arrive is injected in around line 107262 by compiler to allow use of registers in GMMA in function '_Z32tp4_megamoe_single_launch_kernelILi2ELi8EEv14CUtensorMap_stS0_S0_S0_PKhS2_PKfS2_S2_S4_S2_S4_PKiS4_PiS7_S7_PfP13__nv_bfloat16PhS8_SA_PK5uint2S7_S7_SA_PjSB_SB_SB_SB_SB_SA_S2_SB_SB_iilb'
ptxas info    : (C7519) warpgroup.arrive is injected in around line 107461 by compiler to allow use of registers in GMMA in function '_Z32tp4_megamoe_single_launch_kernelILi2ELi8EEv14CUtensorMap_stS0_S0_S0_PKhS2_PKfS2_S2_S4_S2_S4_PKiS4_PiS7_S7_PfP13__nv_bfloat16PhS8_SA_PK5uint2S7_S7_SA_PjSB_SB_SB_SB_SB_SA_S2_SB_SB_iilb'
ptxas info    : (C7519) warpgroup.arrive is injected in around line 107616 by compiler to allow use of registers in GMMA in function '_Z32tp4_megamoe_single_launch_kernelILi2ELi8EEv14CUtensorMap_stS0_S0_S0_PKhS2_PKfS2_S2_S4_S2_S4_PKiS4_PiS7_S7_PfP13__nv_bfloat16PhS8_SA_PK5uint2S7_S7_SA_PjSB_SB_SB_SB_SB_SA_S2_SB_SB_iilb'
ptxas info    : (C7520) Potential Performance Loss: wgmma.mma_async instructions are serialized due to program dependence on compiler-inserted WG.AR in divergent path in the function '_Z32tp4_megamoe_single_launch_kernelILi2ELi8EEv14CUtensorMap_stS0_S0_S0_PKhS2_PKfS2_S2_S4_S2_S4_PKiS4_PiS7_S7_PfP13__nv_bfloat16PhS8_SA_PK5uint2S7_S7_SA_PjSB_SB_SB_SB_SB_SA_S2_SB_SB_iilb'
ptxas info    : (C7519) warpgroup.arrive is injected in around line 99518 by compiler to allow use of registers in GMMA in function '_Z10route_gemmILi256ELi4096ELi1ELb0ELi4ELb0ELb0EEv14CUtensorMap_stS0_PKhS2_PKfS2_S4_PKiS6_S6_S4_PfPK5uint2Piii'
ptxas info    : (C7519) warpgroup.arrive is injected in around line 99725 by compiler to allow use of registers in GMMA in function '_Z10route_gemmILi256ELi4096ELi1ELb0ELi4ELb0ELb0EEv14CUtensorMap_stS0_PKhS2_PKfS2_S4_PKiS6_S6_S4_PfPK5uint2Piii'
ptxas info    : (C7519) warpgroup.arrive is injected in around line 99929 by compiler to allow use of registers in GMMA in function '_Z10route_gemmILi256ELi4096ELi1ELb0ELi4ELb0ELb0EEv14CUtensorMap_stS0_PKhS2_PKfS2_S4_PKiS6_S6_S4_PfPK5uint2Piii'
ptxas info    : (C7519) warpgroup.arrive is injected in around line 100088 by compiler to allow use of registers in GMMA in function '_Z10route_gemmILi256ELi4096ELi1ELb0ELi4ELb0ELb0EEv14CUtensorMap_stS0_PKhS2_PKfS2_S4_PKiS6_S6_S4_PfPK5uint2Piii'
ptxas info    : (C7519) warpgroup.arrive is injected in around line 100448 by compiler to allow use of registers in GMMA in function '_Z10route_gemmILi256ELi4096ELi1ELb0ELi4ELb0ELb0EEv14CUtensorMap_stS0_PKhS2_PKfS2_S4_PKiS6_S6_S4_PfPK5uint2Piii'
ptxas info    : (C7519) warpgroup.arrive is injected in around line 100656 by compiler to allow use of registers in GMMA in function '_Z10route_gemmILi256ELi4096ELi1ELb0ELi4ELb0ELb0EEv14CUtensorMap_stS0_PKhS2_PKfS2_S4_PKiS6_S6_S4_PfPK5uint2Piii'
ptxas info    : (C7519) warpgroup.arrive is injected in around line 100864 by compiler to allow use of registers in GMMA in function '_Z10route_gemmILi256ELi4096ELi1ELb0ELi4ELb0ELb0EEv14CUtensorMap_stS0_PKhS2_PKfS2_S4_PKiS6_S6_S4_PfPK5uint2Piii'
ptxas info    : (C7519) warpgroup.arrive is injected in around line 101019 by compiler to allow use of registers in GMMA in function '_Z10route_gemmILi256ELi4096ELi1ELb0ELi4ELb0ELb0EEv14CUtensorMap_stS0_PKhS2_PKfS2_S4_PKiS6_S6_S4_PfPK5uint2Piii'
ptxas info    : (C7519) warpgroup.arrive is injected in around line 97290 by compiler to allow use of registers in GMMA in function '_Z10route_gemmILi256ELi4096ELi1ELb0ELi8ELb0ELb0EEv14CUtensorMap_stS0_PKhS2_PKfS2_S4_PKiS6_S6_S4_PfPK5uint2Piii'
ptxas info    : (C7519) warpgroup.arrive is injected in around line 97497 by compiler to allow use of registers in GMMA in function '_Z10route_gemmILi256ELi4096ELi1ELb0ELi8ELb0ELb0EEv14CUtensorMap_stS0_PKhS2_PKfS2_S4_PKiS6_S6_S4_PfPK5uint2Piii'
ptxas info    : (C7519) warpgroup.arrive is injected in around line 97701 by compiler to allow use of registers in GMMA in function '_Z10route_gemmILi256ELi4096ELi1ELb0ELi8ELb0ELb0EEv14CUtensorMap_stS0_PKhS2_PKfS2_S4_PKiS6_S6_S4_PfPK5uint2Piii'
ptxas info    : (C7519) warpgroup.arrive is injected in around line 97860 by compiler to allow use of registers in GMMA in function '_Z10route_gemmILi256ELi4096ELi1ELb0ELi8ELb0ELb0EEv14CUtensorMap_stS0_PKhS2_PKfS2_S4_PKiS6_S6_S4_PfPK5uint2Piii'
ptxas info    : (C7519) warpgroup.arrive is injected in around line 98220 by compiler to allow use of registers in GMMA in function '_Z10route_gemmILi256ELi4096ELi1ELb0ELi8ELb0ELb0EEv14CUtensorMap_stS0_PKhS2_PKfS2_S4_PKiS6_S6_S4_PfPK5uint2Piii'
ptxas info    : (C7519) warpgroup.arrive is injected in around line 98428 by compiler to allow use of registers in GMMA in function '_Z10route_gemmILi256ELi4096ELi1ELb0ELi8ELb0ELb0EEv14CUtensorMap_stS0_PKhS2_PKfS2_S4_PKiS6_S6_S4_PfPK5uint2Piii'
ptxas info    : (C7519) warpgroup.arrive is injected in around line 98636 by compiler to allow use of registers in GMMA in function '_Z10route_gemmILi256ELi4096ELi1ELb0ELi8ELb0ELb0EEv14CUtensorMap_stS0_PKhS2_PKfS2_S4_PKiS6_S6_S4_PfPK5uint2Piii'
ptxas info    : (C7519) warpgroup.arrive is injected in around line 98791 by compiler to allow use of registers in GMMA in function '_Z10route_gemmILi256ELi4096ELi1ELb0ELi8ELb0ELb0EEv14CUtensorMap_stS0_PKhS2_PKfS2_S4_PKiS6_S6_S4_PfPK5uint2Piii'
ptxas info    : (C7519) warpgroup.arrive is injected in around line 95064 by compiler to allow use of registers in GMMA in function '_Z10route_gemmILi256ELi4096ELi1ELb0ELi16ELb0ELb0EEv14CUtensorMap_stS0_PKhS2_PKfS2_S4_PKiS6_S6_S4_PfPK5uint2Piii'
ptxas info    : (C7519) warpgroup.arrive is injected in around line 95271 by compiler to allow use of registers in GMMA in function '_Z10route_gemmILi256ELi4096ELi1ELb0ELi16ELb0ELb0EEv14CUtensorMap_stS0_PKhS2_PKfS2_S4_PKiS6_S6_S4_PfPK5uint2Piii'
ptxas info    : (C7519) warpgroup.arrive is injected in around line 95475 by compiler to allow use of registers in GMMA in function '_Z10route_gemmILi256ELi4096ELi1ELb0ELi16ELb0ELb0EEv14CUtensorMap_stS0_PKhS2_PKfS2_S4_PKiS6_S6_S4_PfPK5uint2Piii'
ptxas info    : (C7519) warpgroup.arrive is injected in around line 95634 by compiler to allow use of registers in GMMA in function '_Z10route_gemmILi256ELi4096ELi1ELb0ELi16ELb0ELb0EEv14CUtensorMap_stS0_PKhS2_PKfS2_S4_PKiS6_S6_S4_PfPK5uint2Piii'
ptxas info    : (C7519) warpgroup.arrive is injected in around line 95994 by compiler to allow use of registers in GMMA in function '_Z10route_gemmILi256ELi4096ELi1ELb0ELi16ELb0ELb0EEv14CUtensorMap_stS0_PKhS2_PKfS2_S4_PKiS6_S6_S4_PfPK5uint2Piii'
ptxas info    : (C7519) warpgroup.arrive is injected in around line 96202 by compiler to allow use of registers in GMMA in function '_Z10route_gemmILi256ELi4096ELi1ELb0ELi16ELb0ELb0EEv14CUtensorMap_stS0_PKhS2_PKfS2_S4_PKiS6_S6_S4_PfPK5uint2Piii'
ptxas info    : (C7519) warpgroup.arrive is injected in around line 96410 by compiler to allow use of registers in GMMA in function '_Z10route_gemmILi256ELi4096ELi1ELb0ELi16ELb0ELb0EEv14CUtensorMap_stS0_PKhS2_PKfS2_S4_PKiS6_S6_S4_PfPK5uint2Piii'
ptxas info    : (C7519) warpgroup.arrive is injected in around line 96565 by compiler to allow use of registers in GMMA in function '_Z10route_gemmILi256ELi4096ELi1ELb0ELi16ELb0ELb0EEv14CUtensorMap_stS0_PKhS2_PKfS2_S4_PKiS6_S6_S4_PfPK5uint2Piii'
ptxas info    : (C7519) warpgroup.arrive is injected in around line 90876 by compiler to allow use of registers in GMMA in function '_Z10route_gemmILi512ELi4096ELi1ELb0ELi4ELb0ELb0EEv14CUtensorMap_stS0_PKhS2_PKfS2_S4_PKiS6_S6_S4_PfPK5uint2Piii'
ptxas info    : (C7519) warpgroup.arrive is injected in around line 91083 by compiler to allow use of registers in GMMA in function '_Z10route_gemmILi512ELi4096ELi1ELb0ELi4ELb0ELb0EEv14CUtensorMap_stS0_PKhS2_PKfS2_S4_PKiS6_S6_S4_PfPK5uint2Piii'
ptxas info    : (C7519) warpgroup.arrive is injected in around line 91287 by compiler to allow use of registers in GMMA in function '_Z10route_gemmILi512ELi4096ELi1ELb0ELi4ELb0ELb0EEv14CUtensorMap_stS0_PKhS2_PKfS2_S4_PKiS6_S6_S4_PfPK5uint2Piii'
ptxas info    : (C7519) warpgroup.arrive is injected in around line 91446 by compiler to allow use of registers in GMMA in function '_Z10route_gemmILi512ELi4096ELi1ELb0ELi4ELb0ELb0EEv14CUtensorMap_stS0_PKhS2_PKfS2_S4_PKiS6_S6_S4_PfPK5uint2Piii'
ptxas info    : (C7519) warpgroup.arrive is injected in around line 91842 by compiler to allow use of registers in GMMA in function '_Z10route_gemmILi512ELi4096ELi1ELb0ELi4ELb0ELb0EEv14CUtensorMap_stS0_PKhS2_PKfS2_S4_PKiS6_S6_S4_PfPK5uint2Piii'
ptxas info    : (C7519) warpgroup.arrive is injected in around line 92050 by compiler to allow use of registers in GMMA in function '_Z10route_gemmILi512ELi4096ELi1ELb0ELi4ELb0ELb0EEv14CUtensorMap_stS0_PKhS2_PKfS2_S4_PKiS6_S6_S4_PfPK5uint2Piii'
ptxas info    : (C7519) warpgroup.arrive is injected in around line 92258 by compiler to allow use of registers in GMMA in function '_Z10route_gemmILi512ELi4096ELi1ELb0ELi4ELb0ELb0EEv14CUtensorMap_stS0_PKhS2_PKfS2_S4_PKiS6_S6_S4_PfPK5uint2Piii'
ptxas info    : (C7519) warpgroup.arrive is injected in around line 92413 by compiler to allow use of registers in GMMA in function '_Z10route_gemmILi512ELi4096ELi1ELb0ELi4ELb0ELb0EEv14CUtensorMap_stS0_PKhS2_PKfS2_S4_PKiS6_S6_S4_PfPK5uint2Piii'
ptxas info    : (C7519) warpgroup.arrive is injected in around line 92822 by compiler to allow use of registers in GMMA in function '_Z10route_gemmILi512ELi4096ELi1ELb0ELi4ELb0ELb0EEv14CUtensorMap_stS0_PKhS2_PKfS2_S4_PKiS6_S6_S4_PfPK5uint2Piii'
ptxas info    : (C7519) warpgroup.arrive is injected in around line 93025 by compiler to allow use of registers in GMMA in function '_Z10route_gemmILi512ELi4096ELi1ELb0ELi4ELb0ELb0EEv14CUtensorMap_stS0_PKhS2_PKfS2_S4_PKiS6_S6_S4_PfPK5uint2Piii'
ptxas info    : (C7519) warpgroup.arrive is injected in around line 93228 by compiler to allow use of registers in GMMA in function '_Z10route_gemmILi512ELi4096ELi1ELb0ELi4ELb0ELb0EEv14CUtensorMap_stS0_PKhS2_PKfS2_S4_PKiS6_S6_S4_PfPK5uint2Piii'
ptxas info    : (C7519) warpgroup.arrive is injected in around line 93383 by compiler to allow use of registers in GMMA in function '_Z10route_gemmILi512ELi4096ELi1ELb0ELi4ELb0ELb0EEv14CUtensorMap_stS0_PKhS2_PKfS2_S4_PKiS6_S6_S4_PfPK5uint2Piii'
ptxas info    : (C7519) warpgroup.arrive is injected in around line 93776 by compiler to allow use of registers in GMMA in function '_Z10route_gemmILi512ELi4096ELi1ELb0ELi4ELb0ELb0EEv14CUtensorMap_stS0_PKhS2_PKfS2_S4_PKiS6_S6_S4_PfPK5uint2Piii'
ptxas info    : (C7519) warpgroup.arrive is injected in around line 93979 by compiler to allow use of registers in GMMA in function '_Z10route_gemmILi512ELi4096ELi1ELb0ELi4ELb0ELb0EEv14CUtensorMap_stS0_PKhS2_PKfS2_S4_PKiS6_S6_S4_PfPK5uint2Piii'
ptxas info    : (C7519) warpgroup.arrive is injected in around line 94182 by compiler to allow use of registers in GMMA in function '_Z10route_gemmILi512ELi4096ELi1ELb0ELi4ELb0ELb0EEv14CUtensorMap_stS0_PKhS2_PKfS2_S4_PKiS6_S6_S4_PfPK5uint2Piii'
ptxas info    : (C7519) warpgroup.arrive is injected in around line 94337 by compiler to allow use of registers in GMMA in function '_Z10route_gemmILi512ELi4096ELi1ELb0ELi4ELb0ELb0EEv14CUtensorMap_stS0_PKhS2_PKfS2_S4_PKiS6_S6_S4_PfPK5uint2Piii'
ptxas info    : (C7519) warpgroup.arrive is injected in around line 86692 by compiler to allow use of registers in GMMA in function '_Z10route_gemmILi512ELi4096ELi1ELb0ELi8ELb0ELb0EEv14CUtensorMap_stS0_PKhS2_PKfS2_S4_PKiS6_S6_S4_PfPK5uint2Piii'
ptxas info    : (C7519) warpgroup.arrive is injected in around line 86899 by compiler to allow use of registers in GMMA in function '_Z10route_gemmILi512ELi4096ELi1ELb0ELi8ELb0ELb0EEv14CUtensorMap_stS0_PKhS2_PKfS2_S4_PKiS6_S6_S4_PfPK5uint2Piii'
ptxas info    : (C7519) warpgroup.arrive is injected in around line 87103 by compiler to allow use of registers in GMMA in function '_Z10route_gemmILi512ELi4096ELi1ELb0ELi8ELb0ELb0EEv14CUtensorMap_stS0_PKhS2_PKfS2_S4_PKiS6_S6_S4_PfPK5uint2Piii'
ptxas info    : (C7519) warpgroup.arrive is injected in around line 87262 by compiler to allow use of registers in GMMA in function '_Z10route_gemmILi512ELi4096ELi1ELb0ELi8ELb0ELb0EEv14CUtensorMap_stS0_PKhS2_PKfS2_S4_PKiS6_S6_S4_PfPK5uint2Piii'
ptxas info    : (C7519) warpgroup.arrive is injected in around line 87658 by compiler to allow use of registers in GMMA in function '_Z10route_gemmILi512ELi4096ELi1ELb0ELi8ELb0ELb0EEv14CUtensorMap_stS0_PKhS2_PKfS2_S4_PKiS6_S6_S4_PfPK5uint2Piii'
ptxas info    : (C7519) warpgroup.arrive is injected in around line 87866 by compiler to allow use of registers in GMMA in function '_Z10route_gemmILi512ELi4096ELi1ELb0ELi8ELb0ELb0EEv14CUtensorMap_stS0_PKhS2_PKfS2_S4_PKiS6_S6_S4_PfPK5uint2Piii'
ptxas info    : (C7519) warpgroup.arrive is injected in around line 88074 by compiler to allow use of registers in GMMA in function '_Z10route_gemmILi512ELi4096ELi1ELb0ELi8ELb0ELb0EEv14CUtensorMap_stS0_PKhS2_PKfS2_S4_PKiS6_S6_S4_PfPK5uint2Piii'
ptxas info    : (C7519) warpgroup.arrive is injected in around line 88229 by compiler to allow use of registers in GMMA in function '_Z10route_gemmILi512ELi4096ELi1ELb0ELi8ELb0ELb0EEv14CUtensorMap_stS0_PKhS2_PKfS2_S4_PKiS6_S6_S4_PfPK5uint2Piii'
ptxas info    : (C7519) warpgroup.arrive is injected in around line 88638 by compiler to allow use of registers in GMMA in function '_Z10route_gemmILi512ELi4096ELi1ELb0ELi8ELb0ELb0EEv14CUtensorMap_stS0_PKhS2_PKfS2_S4_PKiS6_S6_S4_PfPK5uint2Piii'
ptxas info    : (C7519) warpgroup.arrive is injected in around line 88841 by compiler to allow use of registers in GMMA in function '_Z10route_gemmILi512ELi4096ELi1ELb0ELi8ELb0ELb0EEv14CUtensorMap_stS0_PKhS2_PKfS2_S4_PKiS6_S6_S4_PfPK5uint2Piii'
ptxas info    : (C7519) warpgroup.arrive is injected in around line 89044 by compiler to allow use of registers in GMMA in function '_Z10route_gemmILi512ELi4096ELi1ELb0ELi8ELb0ELb0EEv14CUtensorMap_stS0_PKhS2_PKfS2_S4_PKiS6_S6_S4_PfPK5uint2Piii'
ptxas info    : (C7519) warpgroup.arrive is injected in around line 89199 by compiler to allow use of registers in GMMA in function '_Z10route_gemmILi512ELi4096ELi1ELb0ELi8ELb0ELb0EEv14CUtensorMap_stS0_PKhS2_PKfS2_S4_PKiS6_S6_S4_PfPK5uint2Piii'
ptxas info    : (C7519) warpgroup.arrive is injected in around line 89592 by compiler to allow use of registers in GMMA in function '_Z10route_gemmILi512ELi4096ELi1ELb0ELi8ELb0ELb0EEv14CUtensorMap_stS0_PKhS2_PKfS2_S4_PKiS6_S6_S4_PfPK5uint2Piii'
ptxas info    : (C7519) warpgroup.arrive is injected in around line 89795 by compiler to allow use of registers in GMMA in function '_Z10route_gemmILi512ELi4096ELi1ELb0ELi8ELb0ELb0EEv14CUtensorMap_stS0_PKhS2_PKfS2_S4_PKiS6_S6_S4_PfPK5uint2Piii'
ptxas info    : (C7519) warpgroup.arrive is injected in around line 89998 by compiler to allow use of registers in GMMA in function '_Z10route_gemmILi512ELi4096ELi1ELb0ELi8ELb0ELb0EEv14CUtensorMap_stS0_PKhS2_PKfS2_S4_PKiS6_S6_S4_PfPK5uint2Piii'
ptxas info    : (C7519) warpgroup.arrive is injected in around line 90153 by compiler to allow use of registers in GMMA in function '_Z10route_gemmILi512ELi4096ELi1ELb0ELi8ELb0ELb0EEv14CUtensorMap_stS0_PKhS2_PKfS2_S4_PKiS6_S6_S4_PfPK5uint2Piii'
ptxas info    : (C7519) warpgroup.arrive is injected in around line 82510 by compiler to allow use of registers in GMMA in function '_Z10route_gemmILi512ELi4096ELi1ELb0ELi16ELb0ELb0EEv14CUtensorMap_stS0_PKhS2_PKfS2_S4_PKiS6_S6_S4_PfPK5uint2Piii'
ptxas info    : (C7519) warpgroup.arrive is injected in around line 82717 by compiler to allow use of registers in GMMA in function '_Z10route_gemmILi512ELi4096ELi1ELb0ELi16ELb0ELb0EEv14CUtensorMap_stS0_PKhS2_PKfS2_S4_PKiS6_S6_S4_PfPK5uint2Piii'
ptxas info    : (C7519) warpgroup.arrive is injected in around line 82921 by compiler to allow use of registers in GMMA in function '_Z10route_gemmILi512ELi4096ELi1ELb0ELi16ELb0ELb0EEv14CUtensorMap_stS0_PKhS2_PKfS2_S4_PKiS6_S6_S4_PfPK5uint2Piii'
ptxas info    : (C7519) warpgroup.arrive is injected in around line 83080 by compiler to allow use of registers in GMMA in function '_Z10route_gemmILi512ELi4096ELi1ELb0ELi16ELb0ELb0EEv14CUtensorMap_stS0_PKhS2_PKfS2_S4_PKiS6_S6_S4_PfPK5uint2Piii'
ptxas info    : (C7519) warpgroup.arrive is injected in around line 83476 by compiler to allow use of registers in GMMA in function '_Z10route_gemmILi512ELi4096ELi1ELb0ELi16ELb0ELb0EEv14CUtensorMap_stS0_PKhS2_PKfS2_S4_PKiS6_S6_S4_PfPK5uint2Piii'
ptxas info    : (C7519) warpgroup.arrive is injected in around line 83684 by compiler to allow use of registers in GMMA in function '_Z10route_gemmILi512ELi4096ELi1ELb0ELi16ELb0ELb0EEv14CUtensorMap_stS0_PKhS2_PKfS2_S4_PKiS6_S6_S4_PfPK5uint2Piii'
ptxas info    : (C7519) warpgroup.arrive is injected in around line 83892 by compiler to allow use of registers in GMMA in function '_Z10route_gemmILi512ELi4096ELi1ELb0ELi16ELb0ELb0EEv14CUtensorMap_stS0_PKhS2_PKfS2_S4_PKiS6_S6_S4_PfPK5uint2Piii'
ptxas info    : (C7519) warpgroup.arrive is injected in around line 84047 by compiler to allow use of registers in GMMA in function '_Z10route_gemmILi512ELi4096ELi1ELb0ELi16ELb0ELb0EEv14CUtensorMap_stS0_PKhS2_PKfS2_S4_PKiS6_S6_S4_PfPK5uint2Piii'
ptxas info    : (C7519) warpgroup.arrive is injected in around line 84456 by compiler to allow use of registers in GMMA in function '_Z10route_gemmILi512ELi4096ELi1ELb0ELi16ELb0ELb0EEv14CUtensorMap_stS0_PKhS2_PKfS2_S4_PKiS6_S6_S4_PfPK5uint2Piii'
ptxas info    : (C7519) warpgroup.arrive is injected in around line 84659 by compiler to allow use of registers in GMMA in function '_Z10route_gemmILi512ELi4096ELi1ELb0ELi16ELb0ELb0EEv14CUtensorMap_stS0_PKhS2_PKfS2_S4_PKiS6_S6_S4_PfPK5uint2Piii'
ptxas info    : (C7519) warpgroup.arrive is injected in around line 84862 by compiler to allow use of registers in GMMA in function '_Z10route_gemmILi512ELi4096ELi1ELb0ELi16ELb0ELb0EEv14CUtensorMap_stS0_PKhS2_PKfS2_S4_PKiS6_S6_S4_PfPK5uint2Piii'
ptxas info    : (C7519) warpgroup.arrive is injected in around line 85017 by compiler to allow use of registers in GMMA in function '_Z10route_gemmILi512ELi4096ELi1ELb0ELi16ELb0ELb0EEv14CUtensorMap_stS0_PKhS2_PKfS2_S4_PKiS6_S6_S4_PfPK5uint2Piii'
ptxas info    : (C7519) warpgroup.arrive is injected in around line 85410 by compiler to allow use of registers in GMMA in function '_Z10route_gemmILi512ELi4096ELi1ELb0ELi16ELb0ELb0EEv14CUtensorMap_stS0_PKhS2_PKfS2_S4_PKiS6_S6_S4_PfPK5uint2Piii'
ptxas info    : (C7519) warpgroup.arrive is injected in around line 85613 by compiler to allow use of registers in GMMA in function '_Z10route_gemmILi512ELi4096ELi1ELb0ELi16ELb0ELb0EEv14CUtensorMap_stS0_PKhS2_PKfS2_S4_PKiS6_S6_S4_PfPK5uint2Piii'
ptxas info    : (C7519) warpgroup.arrive is injected in around line 85816 by compiler to allow use of registers in GMMA in function '_Z10route_gemmILi512ELi4096ELi1ELb0ELi16ELb0ELb0EEv14CUtensorMap_stS0_PKhS2_PKfS2_S4_PKiS6_S6_S4_PfPK5uint2Piii'
ptxas info    : (C7519) warpgroup.arrive is injected in around line 85971 by compiler to allow use of registers in GMMA in function '_Z10route_gemmILi512ELi4096ELi1ELb0ELi16ELb0ELb0EEv14CUtensorMap_stS0_PKhS2_PKfS2_S4_PKiS6_S6_S4_PfPK5uint2Piii'
ptxas info    : (C7519) warpgroup.arrive is injected in around line 78313 by compiler to allow use of registers in GMMA in function '_Z10route_gemmILi512ELi4096ELi1ELb0ELi0ELb1ELb0EEv14CUtensorMap_stS0_PKhS2_PKfS2_S4_PKiS6_S6_S4_PfPK5uint2Piii'
ptxas info    : (C7519) warpgroup.arrive is injected in around line 78520 by compiler to allow use of registers in GMMA in function '_Z10route_gemmILi512ELi4096ELi1ELb0ELi0ELb1ELb0EEv14CUtensorMap_stS0_PKhS2_PKfS2_S4_PKiS6_S6_S4_PfPK5uint2Piii'
ptxas info    : (C7519) warpgroup.arrive is injected in around line 78724 by compiler to allow use of registers in GMMA in function '_Z10route_gemmILi512ELi4096ELi1ELb0ELi0ELb1ELb0EEv14CUtensorMap_stS0_PKhS2_PKfS2_S4_PKiS6_S6_S4_PfPK5uint2Piii'
ptxas info    : (C7519) warpgroup.arrive is injected in around line 78883 by compiler to allow use of registers in GMMA in function '_Z10route_gemmILi512ELi4096ELi1ELb0ELi0ELb1ELb0EEv14CUtensorMap_stS0_PKhS2_PKfS2_S4_PKiS6_S6_S4_PfPK5uint2Piii'
ptxas info    : (C7519) warpgroup.arrive is injected in around line 79272 by compiler to allow use of registers in GMMA in function '_Z10route_gemmILi512ELi4096ELi1ELb0ELi0ELb1ELb0EEv14CUtensorMap_stS0_PKhS2_PKfS2_S4_PKiS6_S6_S4_PfPK5uint2Piii'
ptxas info    : (C7519) warpgroup.arrive is injected in around line 79480 by compiler to allow use of registers in GMMA in function '_Z10route_gemmILi512ELi4096ELi1ELb0ELi0ELb1ELb0EEv14CUtensorMap_stS0_PKhS2_PKfS2_S4_PKiS6_S6_S4_PfPK5uint2Piii'
ptxas info    : (C7519) warpgroup.arrive is injected in around line 79688 by compiler to allow use of registers in GMMA in function '_Z10route_gemmILi512ELi4096ELi1ELb0ELi0ELb1ELb0EEv14CUtensorMap_stS0_PKhS2_PKfS2_S4_PKiS6_S6_S4_PfPK5uint2Piii'
ptxas info    : (C7519) warpgroup.arrive is injected in around line 79843 by compiler to allow use of registers in GMMA in function '_Z10route_gemmILi512ELi4096ELi1ELb0ELi0ELb1ELb0EEv14CUtensorMap_stS0_PKhS2_PKfS2_S4_PKiS6_S6_S4_PfPK5uint2Piii'
ptxas info    : (C7519) warpgroup.arrive is injected in around line 80245 by compiler to allow use of registers in GMMA in function '_Z10route_gemmILi512ELi4096ELi1ELb0ELi0ELb1ELb0EEv14CUtensorMap_stS0_PKhS2_PKfS2_S4_PKiS6_S6_S4_PfPK5uint2Piii'
ptxas info    : (C7519) warpgroup.arrive is injected in around line 80448 by compiler to allow use of registers in GMMA in function '_Z10route_gemmILi512ELi4096ELi1ELb0ELi0ELb1ELb0EEv14CUtensorMap_stS0_PKhS2_PKfS2_S4_PKiS6_S6_S4_PfPK5uint2Piii'
ptxas info    : (C7519) warpgroup.arrive is injected in around line 80651 by compiler to allow use of registers in GMMA in function '_Z10route_gemmILi512ELi4096ELi1ELb0ELi0ELb1ELb0EEv14CUtensorMap_stS0_PKhS2_PKfS2_S4_PKiS6_S6_S4_PfPK5uint2Piii'
ptxas info    : (C7519) warpgroup.arrive is injected in around line 80806 by compiler to allow use of registers in GMMA in function '_Z10route_gemmILi512ELi4096ELi1ELb0ELi0ELb1ELb0EEv14CUtensorMap_stS0_PKhS2_PKfS2_S4_PKiS6_S6_S4_PfPK5uint2Piii'
ptxas info    : (C7519) warpgroup.arrive is injected in around line 81189 by compiler to allow use of registers in GMMA in function '_Z10route_gemmILi512ELi4096ELi1ELb0ELi0ELb1ELb0EEv14CUtensorMap_stS0_PKhS2_PKfS2_S4_PKiS6_S6_S4_PfPK5uint2Piii'
ptxas info    : (C7519) warpgroup.arrive is injected in around line 81392 by compiler to allow use of registers in GMMA in function '_Z10route_gemmILi512ELi4096ELi1ELb0ELi0ELb1ELb0EEv14CUtensorMap_stS0_PKhS2_PKfS2_S4_PKiS6_S6_S4_PfPK5uint2Piii'
ptxas info    : (C7519) warpgroup.arrive is injected in around line 81595 by compiler to allow use of registers in GMMA in function '_Z10route_gemmILi512ELi4096ELi1ELb0ELi0ELb1ELb0EEv14CUtensorMap_stS0_PKhS2_PKfS2_S4_PKiS6_S6_S4_PfPK5uint2Piii'
ptxas info    : (C7519) warpgroup.arrive is injected in around line 81750 by compiler to allow use of registers in GMMA in function '_Z10route_gemmILi512ELi4096ELi1ELb0ELi0ELb1ELb0EEv14CUtensorMap_stS0_PKhS2_PKfS2_S4_PKiS6_S6_S4_PfPK5uint2Piii'
ptxas info    : (C7519) warpgroup.arrive is injected in around line 76101 by compiler to allow use of registers in GMMA in function '_Z10route_gemmILi256ELi4096ELi1ELb0ELi0ELb0ELb0EEv14CUtensorMap_stS0_PKhS2_PKfS2_S4_PKiS6_S6_S4_PfPK5uint2Piii'
ptxas info    : (C7519) warpgroup.arrive is injected in around line 76308 by compiler to allow use of registers in GMMA in function '_Z10route_gemmILi256ELi4096ELi1ELb0ELi0ELb0ELb0EEv14CUtensorMap_stS0_PKhS2_PKfS2_S4_PKiS6_S6_S4_PfPK5uint2Piii'
ptxas info    : (C7519) warpgroup.arrive is injected in around line 76512 by compiler to allow use of registers in GMMA in function '_Z10route_gemmILi256ELi4096ELi1ELb0ELi0ELb0ELb0EEv14CUtensorMap_stS0_PKhS2_PKfS2_S4_PKiS6_S6_S4_PfPK5uint2Piii'
ptxas info    : (C7519) warpgroup.arrive is injected in around line 76671 by compiler to allow use of registers in GMMA in function '_Z10route_gemmILi256ELi4096ELi1ELb0ELi0ELb0ELb0EEv14CUtensorMap_stS0_PKhS2_PKfS2_S4_PKiS6_S6_S4_PfPK5uint2Piii'
ptxas info    : (C7519) warpgroup.arrive is injected in around line 77031 by compiler to allow use of registers in GMMA in function '_Z10route_gemmILi256ELi4096ELi1ELb0ELi0ELb0ELb0EEv14CUtensorMap_stS0_PKhS2_PKfS2_S4_PKiS6_S6_S4_PfPK5uint2Piii'
ptxas info    : (C7519) warpgroup.arrive is injected in around line 77239 by compiler to allow use of registers in GMMA in function '_Z10route_gemmILi256ELi4096ELi1ELb0ELi0ELb0ELb0EEv14CUtensorMap_stS0_PKhS2_PKfS2_S4_PKiS6_S6_S4_PfPK5uint2Piii'
ptxas info    : (C7519) warpgroup.arrive is injected in around line 77447 by compiler to allow use of registers in GMMA in function '_Z10route_gemmILi256ELi4096ELi1ELb0ELi0ELb0ELb0EEv14CUtensorMap_stS0_PKhS2_PKfS2_S4_PKiS6_S6_S4_PfPK5uint2Piii'
ptxas info    : (C7519) warpgroup.arrive is injected in around line 77602 by compiler to allow use of registers in GMMA in function '_Z10route_gemmILi256ELi4096ELi1ELb0ELi0ELb0ELb0EEv14CUtensorMap_stS0_PKhS2_PKfS2_S4_PKiS6_S6_S4_PfPK5uint2Piii'
ptxas info    : (C7519) warpgroup.arrive is injected in around line 71935 by compiler to allow use of registers in GMMA in function '_Z10route_gemmILi512ELi4096ELi1ELb0ELi0ELb0ELb0EEv14CUtensorMap_stS0_PKhS2_PKfS2_S4_PKiS6_S6_S4_PfPK5uint2Piii'
ptxas info    : (C7519) warpgroup.arrive is injected in around line 72142 by compiler to allow use of registers in GMMA in function '_Z10route_gemmILi512ELi4096ELi1ELb0ELi0ELb0ELb0EEv14CUtensorMap_stS0_PKhS2_PKfS2_S4_PKiS6_S6_S4_PfPK5uint2Piii'
ptxas info    : (C7519) warpgroup.arrive is injected in around line 72346 by compiler to allow use of registers in GMMA in function '_Z10route_gemmILi512ELi4096ELi1ELb0ELi0ELb0ELb0EEv14CUtensorMap_stS0_PKhS2_PKfS2_S4_PKiS6_S6_S4_PfPK5uint2Piii'
ptxas info    : (C7519) warpgroup.arrive is injected in around line 72505 by compiler to allow use of registers in GMMA in function '_Z10route_gemmILi512ELi4096ELi1ELb0ELi0ELb0ELb0EEv14CUtensorMap_stS0_PKhS2_PKfS2_S4_PKiS6_S6_S4_PfPK5uint2Piii'
ptxas info    : (C7519) warpgroup.arrive is injected in around line 72899 by compiler to allow use of registers in GMMA in function '_Z10route_gemmILi512ELi4096ELi1ELb0ELi0ELb0ELb0EEv14CUtensorMap_stS0_PKhS2_PKfS2_S4_PKiS6_S6_S4_PfPK5uint2Piii'
ptxas info    : (C7519) warpgroup.arrive is injected in around line 73107 by compiler to allow use of registers in GMMA in function '_Z10route_gemmILi512ELi4096ELi1ELb0ELi0ELb0ELb0EEv14CUtensorMap_stS0_PKhS2_PKfS2_S4_PKiS6_S6_S4_PfPK5uint2Piii'
ptxas info    : (C7519) warpgroup.arrive is injected in around line 73315 by compiler to allow use of registers in GMMA in function '_Z10route_gemmILi512ELi4096ELi1ELb0ELi0ELb0ELb0EEv14CUtensorMap_stS0_PKhS2_PKfS2_S4_PKiS6_S6_S4_PfPK5uint2Piii'
ptxas info    : (C7519) warpgroup.arrive is injected in around line 73470 by compiler to allow use of registers in GMMA in function '_Z10route_gemmILi512ELi4096ELi1ELb0ELi0ELb0ELb0EEv14CUtensorMap_stS0_PKhS2_PKfS2_S4_PKiS6_S6_S4_PfPK5uint2Piii'
ptxas info    : (C7519) warpgroup.arrive is injected in around line 73877 by compiler to allow use of registers in GMMA in function '_Z10route_gemmILi512ELi4096ELi1ELb0ELi0ELb0ELb0EEv14CUtensorMap_stS0_PKhS2_PKfS2_S4_PKiS6_S6_S4_PfPK5uint2Piii'
ptxas info    : (C7519) warpgroup.arrive is injected in around line 74080 by compiler to allow use of registers in GMMA in function '_Z10route_gemmILi512ELi4096ELi1ELb0ELi0ELb0ELb0EEv14CUtensorMap_stS0_PKhS2_PKfS2_S4_PKiS6_S6_S4_PfPK5uint2Piii'
ptxas info    : (C7519) warpgroup.arrive is injected in around line 74283 by compiler to allow use of registers in GMMA in function '_Z10route_gemmILi512ELi4096ELi1ELb0ELi0ELb0ELb0EEv14CUtensorMap_stS0_PKhS2_PKfS2_S4_PKiS6_S6_S4_PfPK5uint2Piii'
ptxas info    : (C7519) warpgroup.arrive is injected in around line 74438 by compiler to allow use of registers in GMMA in function '_Z10route_gemmILi512ELi4096ELi1ELb0ELi0ELb0ELb0EEv14CUtensorMap_stS0_PKhS2_PKfS2_S4_PKiS6_S6_S4_PfPK5uint2Piii'
ptxas info    : (C7519) warpgroup.arrive is injected in around line 74826 by compiler to allow use of registers in GMMA in function '_Z10route_gemmILi512ELi4096ELi1ELb0ELi0ELb0ELb0EEv14CUtensorMap_stS0_PKhS2_PKfS2_S4_PKiS6_S6_S4_PfPK5uint2Piii'
ptxas info    : (C7519) warpgroup.arrive is injected in around line 75029 by compiler to allow use of registers in GMMA in function '_Z10route_gemmILi512ELi4096ELi1ELb0ELi0ELb0ELb0EEv14CUtensorMap_stS0_PKhS2_PKfS2_S4_PKiS6_S6_S4_PfPK5uint2Piii'
ptxas info    : (C7519) warpgroup.arrive is injected in around line 75232 by compiler to allow use of registers in GMMA in function '_Z10route_gemmILi512ELi4096ELi1ELb0ELi0ELb0ELb0EEv14CUtensorMap_stS0_PKhS2_PKfS2_S4_PKiS6_S6_S4_PfPK5uint2Piii'
ptxas info    : (C7519) warpgroup.arrive is injected in around line 75387 by compiler to allow use of registers in GMMA in function '_Z10route_gemmILi512ELi4096ELi1ELb0ELi0ELb0ELb0EEv14CUtensorMap_stS0_PKhS2_PKfS2_S4_PKiS6_S6_S4_PfPK5uint2Piii'
ptxas info    : (C7519) warpgroup.arrive is injected in around line 67909 by compiler to allow use of registers in GMMA in function '_Z10route_gemmILi4096ELi512ELi1ELb1ELi0ELb0ELb0EEv14CUtensorMap_stS0_PKhS2_PKfS2_S4_PKiS6_S6_S4_PfPK5uint2Piii'
ptxas info    : (C7519) warpgroup.arrive is injected in around line 68118 by compiler to allow use of registers in GMMA in function '_Z10route_gemmILi4096ELi512ELi1ELb1ELi0ELb0ELb0EEv14CUtensorMap_stS0_PKhS2_PKfS2_S4_PKiS6_S6_S4_PfPK5uint2Piii'
ptxas info    : (C7519) warpgroup.arrive is injected in around line 68324 by compiler to allow use of registers in GMMA in function '_Z10route_gemmILi4096ELi512ELi1ELb1ELi0ELb0ELb0EEv14CUtensorMap_stS0_PKhS2_PKfS2_S4_PKiS6_S6_S4_PfPK5uint2Piii'
ptxas info    : (C7519) warpgroup.arrive is injected in around line 68483 by compiler to allow use of registers in GMMA in function '_Z10route_gemmILi4096ELi512ELi1ELb1ELi0ELb0ELb0EEv14CUtensorMap_stS0_PKhS2_PKfS2_S4_PKiS6_S6_S4_PfPK5uint2Piii'
ptxas info    : (C7520) Potential Performance Loss: wgmma.mma_async instructions are serialized due to program dependence on compiler-inserted WG.AR in divergent path in the function '_Z10route_gemmILi4096ELi512ELi1ELb1ELi0ELb0ELb0EEv14CUtensorMap_stS0_PKhS2_PKfS2_S4_PKiS6_S6_S4_PfPK5uint2Piii'
ptxas info    : (C7519) warpgroup.arrive is injected in around line 63811 by compiler to allow use of registers in GMMA in function '_Z10route_gemmILi4096ELi512ELi2ELb1ELi0ELb0ELb0EEv14CUtensorMap_stS0_PKhS2_PKfS2_S4_PKiS6_S6_S4_PfPK5uint2Piii'
ptxas info    : (C7519) warpgroup.arrive is injected in around line 64017 by compiler to allow use of registers in GMMA in function '_Z10route_gemmILi4096ELi512ELi2ELb1ELi0ELb0ELb0EEv14CUtensorMap_stS0_PKhS2_PKfS2_S4_PKiS6_S6_S4_PfPK5uint2Piii'
ptxas info    : (C7519) warpgroup.arrive is injected in around line 64220 by compiler to allow use of registers in GMMA in function '_Z10route_gemmILi4096ELi512ELi2ELb1ELi0ELb0ELb0EEv14CUtensorMap_stS0_PKhS2_PKfS2_S4_PKiS6_S6_S4_PfPK5uint2Piii'
ptxas info    : (C7519) warpgroup.arrive is injected in around line 64379 by compiler to allow use of registers in GMMA in function '_Z10route_gemmILi4096ELi512ELi2ELb1ELi0ELb0ELb0EEv14CUtensorMap_stS0_PKhS2_PKfS2_S4_PKiS6_S6_S4_PfPK5uint2Piii'
ptxas info    : (C7520) Potential Performance Loss: wgmma.mma_async instructions are serialized due to program dependence on compiler-inserted WG.AR in divergent path in the function '_Z10route_gemmILi4096ELi512ELi2ELb1ELi0ELb0ELb0EEv14CUtensorMap_stS0_PKhS2_PKfS2_S4_PKiS6_S6_S4_PfPK5uint2Piii'
ptxas info    : (C7519) warpgroup.arrive is injected in around line 59676 by compiler to allow use of registers in GMMA in function '_Z10route_gemmILi4096ELi512ELi4ELb1ELi0ELb0ELb0EEv14CUtensorMap_stS0_PKhS2_PKfS2_S4_PKiS6_S6_S4_PfPK5uint2Piii'
ptxas info    : (C7519) warpgroup.arrive is injected in around line 59882 by compiler to allow use of registers in GMMA in function '_Z10route_gemmILi4096ELi512ELi4ELb1ELi0ELb0ELb0EEv14CUtensorMap_stS0_PKhS2_PKfS2_S4_PKiS6_S6_S4_PfPK5uint2Piii'
ptxas info    : (C7519) warpgroup.arrive is injected in around line 60085 by compiler to allow use of registers in GMMA in function '_Z10route_gemmILi4096ELi512ELi4ELb1ELi0ELb0ELb0EEv14CUtensorMap_stS0_PKhS2_PKfS2_S4_PKiS6_S6_S4_PfPK5uint2Piii'
ptxas info    : (C7519) warpgroup.arrive is injected in around line 60244 by compiler to allow use of registers in GMMA in function '_Z10route_gemmILi4096ELi512ELi4ELb1ELi0ELb0ELb0EEv14CUtensorMap_stS0_PKhS2_PKfS2_S4_PKiS6_S6_S4_PfPK5uint2Piii'
ptxas info    : (C7520) Potential Performance Loss: wgmma.mma_async instructions are serialized due to program dependence on compiler-inserted WG.AR in divergent path in the function '_Z10route_gemmILi4096ELi512ELi4ELb1ELi0ELb0ELb0EEv14CUtensorMap_stS0_PKhS2_PKfS2_S4_PKiS6_S6_S4_PfPK5uint2Piii'
ptxas info    : (C7519) warpgroup.arrive is injected in around line 55568 by compiler to allow use of registers in GMMA in function '_Z10route_gemmILi4096ELi1024ELi1ELb1ELi0ELb0ELb0EEv14CUtensorMap_stS0_PKhS2_PKfS2_S4_PKiS6_S6_S4_PfPK5uint2Piii'
ptxas info    : (C7519) warpgroup.arrive is injected in around line 55777 by compiler to allow use of registers in GMMA in function '_Z10route_gemmILi4096ELi1024ELi1ELb1ELi0ELb0ELb0EEv14CUtensorMap_stS0_PKhS2_PKfS2_S4_PKiS6_S6_S4_PfPK5uint2Piii'
ptxas info    : (C7519) warpgroup.arrive is injected in around line 55983 by compiler to allow use of registers in GMMA in function '_Z10route_gemmILi4096ELi1024ELi1ELb1ELi0ELb0ELb0EEv14CUtensorMap_stS0_PKhS2_PKfS2_S4_PKiS6_S6_S4_PfPK5uint2Piii'
ptxas info    : (C7519) warpgroup.arrive is injected in around line 56142 by compiler to allow use of registers in GMMA in function '_Z10route_gemmILi4096ELi1024ELi1ELb1ELi0ELb0ELb0EEv14CUtensorMap_stS0_PKhS2_PKfS2_S4_PKiS6_S6_S4_PfPK5uint2Piii'
ptxas info    : (C7520) Potential Performance Loss: wgmma.mma_async instructions are serialized due to program dependence on compiler-inserted WG.AR in divergent path in the function '_Z10route_gemmILi4096ELi1024ELi1ELb1ELi0ELb0ELb0EEv14CUtensorMap_stS0_PKhS2_PKfS2_S4_PKiS6_S6_S4_PfPK5uint2Piii'
ptxas info    : (C7519) warpgroup.arrive is injected in around line 51472 by compiler to allow use of registers in GMMA in function '_Z10route_gemmILi4096ELi1024ELi2ELb1ELi0ELb0ELb0EEv14CUtensorMap_stS0_PKhS2_PKfS2_S4_PKiS6_S6_S4_PfPK5uint2Piii'
ptxas info    : (C7519) warpgroup.arrive is injected in around line 51678 by compiler to allow use of registers in GMMA in function '_Z10route_gemmILi4096ELi1024ELi2ELb1ELi0ELb0ELb0EEv14CUtensorMap_stS0_PKhS2_PKfS2_S4_PKiS6_S6_S4_PfPK5uint2Piii'
ptxas info    : (C7519) warpgroup.arrive is injected in around line 51881 by compiler to allow use of registers in GMMA in function '_Z10route_gemmILi4096ELi1024ELi2ELb1ELi0ELb0ELb0EEv14CUtensorMap_stS0_PKhS2_PKfS2_S4_PKiS6_S6_S4_PfPK5uint2Piii'
ptxas info    : (C7519) warpgroup.arrive is injected in around line 52040 by compiler to allow use of registers in GMMA in function '_Z10route_gemmILi4096ELi1024ELi2ELb1ELi0ELb0ELb0EEv14CUtensorMap_stS0_PKhS2_PKfS2_S4_PKiS6_S6_S4_PfPK5uint2Piii'
ptxas info    : (C7520) Potential Performance Loss: wgmma.mma_async instructions are serialized due to program dependence on compiler-inserted WG.AR in divergent path in the function '_Z10route_gemmILi4096ELi1024ELi2ELb1ELi0ELb0ELb0EEv14CUtensorMap_stS0_PKhS2_PKfS2_S4_PKiS6_S6_S4_PfPK5uint2Piii'
ptxas info    : (C7519) warpgroup.arrive is injected in around line 47337 by compiler to allow use of registers in GMMA in function '_Z10route_gemmILi4096ELi1024ELi4ELb1ELi0ELb0ELb0EEv14CUtensorMap_stS0_PKhS2_PKfS2_S4_PKiS6_S6_S4_PfPK5uint2Piii'
ptxas info    : (C7519) warpgroup.arrive is injected in around line 47543 by compiler to allow use of registers in GMMA in function '_Z10route_gemmILi4096ELi1024ELi4ELb1ELi0ELb0ELb0EEv14CUtensorMap_stS0_PKhS2_PKfS2_S4_PKiS6_S6_S4_PfPK5uint2Piii'
ptxas info    : (C7519) warpgroup.arrive is injected in around line 47746 by compiler to allow use of registers in GMMA in function '_Z10route_gemmILi4096ELi1024ELi4ELb1ELi0ELb0ELb0EEv14CUtensorMap_stS0_PKhS2_PKfS2_S4_PKiS6_S6_S4_PfPK5uint2Piii'
ptxas info    : (C7519) warpgroup.arrive is injected in around line 47905 by compiler to allow use of registers in GMMA in function '_Z10route_gemmILi4096ELi1024ELi4ELb1ELi0ELb0ELb0EEv14CUtensorMap_stS0_PKhS2_PKfS2_S4_PKiS6_S6_S4_PfPK5uint2Piii'
ptxas info    : (C7520) Potential Performance Loss: wgmma.mma_async instructions are serialized due to program dependence on compiler-inserted WG.AR in divergent path in the function '_Z10route_gemmILi4096ELi1024ELi4ELb1ELi0ELb0ELb0EEv14CUtensorMap_stS0_PKhS2_PKfS2_S4_PKiS6_S6_S4_PfPK5uint2Piii'
ptxas info    : (C7520) Potential Performance Loss: wgmma.mma_async instructions are serialized due to program dependence on compiler-inserted WG.AR in divergent path in the function '_Z23paired_w13_fused_kernelILi256EEvPKhPKfS1_S3_PKiS5_S5_PfP13__nv_bfloat16PhS6_i'
ptxas info    : (C7520) Potential Performance Loss: wgmma.mma_async instructions are serialized due to program dependence on compiler-inserted WG.AR in divergent path in the function '_Z23paired_w13_fused_kernelILi512EEvPKhPKfS1_S3_PKiS5_S5_PfP13__nv_bfloat16PhS6_i'
ptxas info    : (C7520) Potential Performance Loss: wgmma.mma_async instructions are serialized due to program dependence on compiler-inserted WG.AR in divergent path in the function '_Z28single_launch_wg_dag_w2_taskPK14CUtensorMap_stS1_PKhS3_PKfS3_S5_PKiS7_S7_S5_P13__nv_bfloat16PK5uint2iii'
ptxas info    : (C7519) warpgroup.arrive is injected in around line 792 by compiler to allow use of registers in GMMA in function '_Z26single_launch_w2_gemm_taskPK14CUtensorMap_stS1_PKhS3_PKfS3_S5_PKiS7_S7_S5_P13__nv_bfloat16PK5uint2ii'
ptxas info    : (C7519) warpgroup.arrive is injected in around line 999 by compiler to allow use of registers in GMMA in function '_Z26single_launch_w2_gemm_taskPK14CUtensorMap_stS1_PKhS3_PKfS3_S5_PKiS7_S7_S5_P13__nv_bfloat16PK5uint2ii'
ptxas info    : (C7519) warpgroup.arrive is injected in around line 1203 by compiler to allow use of registers in GMMA in function '_Z26single_launch_w2_gemm_taskPK14CUtensorMap_stS1_PKhS3_PKfS3_S5_PKiS7_S7_S5_P13__nv_bfloat16PK5uint2ii'
ptxas info    : (C7519) warpgroup.arrive is injected in around line 1362 by compiler to allow use of registers in GMMA in function '_Z26single_launch_w2_gemm_taskPK14CUtensorMap_stS1_PKhS3_PKfS3_S5_PKiS7_S7_S5_P13__nv_bfloat16PK5uint2ii'
ptxas info    : (C7519) warpgroup.arrive is injected in around line 1748 by compiler to allow use of registers in GMMA in function '_Z26single_launch_w2_gemm_taskPK14CUtensorMap_stS1_PKhS3_PKfS3_S5_PKiS7_S7_S5_P13__nv_bfloat16PK5uint2ii'
ptxas info    : (C7519) warpgroup.arrive is injected in around line 1955 by compiler to allow use of registers in GMMA in function '_Z26single_launch_w2_gemm_taskPK14CUtensorMap_stS1_PKhS3_PKfS3_S5_PKiS7_S7_S5_P13__nv_bfloat16PK5uint2ii'
ptxas info    : (C7519) warpgroup.arrive is injected in around line 2162 by compiler to allow use of registers in GMMA in function '_Z26single_launch_w2_gemm_taskPK14CUtensorMap_stS1_PKhS3_PKfS3_S5_PKiS7_S7_S5_P13__nv_bfloat16PK5uint2ii'
ptxas info    : (C7519) warpgroup.arrive is injected in around line 2317 by compiler to allow use of registers in GMMA in function '_Z26single_launch_w2_gemm_taskPK14CUtensorMap_stS1_PKhS3_PKfS3_S5_PKiS7_S7_S5_P13__nv_bfloat16PK5uint2ii'
ptxas info    : (C7519) warpgroup.arrive is injected in around line 2715 by compiler to allow use of registers in GMMA in function '_Z26single_launch_w2_gemm_taskPK14CUtensorMap_stS1_PKhS3_PKfS3_S5_PKiS7_S7_S5_P13__nv_bfloat16PK5uint2ii'
ptxas info    : (C7519) warpgroup.arrive is injected in around line 2918 by compiler to allow use of registers in GMMA in function '_Z26single_launch_w2_gemm_taskPK14CUtensorMap_stS1_PKhS3_PKfS3_S5_PKiS7_S7_S5_P13__nv_bfloat16PK5uint2ii'
ptxas info    : (C7519) warpgroup.arrive is injected in around line 3121 by compiler to allow use of registers in GMMA in function '_Z26single_launch_w2_gemm_taskPK14CUtensorMap_stS1_PKhS3_PKfS3_S5_PKiS7_S7_S5_P13__nv_bfloat16PK5uint2ii'
ptxas info    : (C7519) warpgroup.arrive is injected in around line 3276 by compiler to allow use of registers in GMMA in function '_Z26single_launch_w2_gemm_taskPK14CUtensorMap_stS1_PKhS3_PKfS3_S5_PKiS7_S7_S5_P13__nv_bfloat16PK5uint2ii'
ptxas info    : (C7519) warpgroup.arrive is injected in around line 3654 by compiler to allow use of registers in GMMA in function '_Z26single_launch_w2_gemm_taskPK14CUtensorMap_stS1_PKhS3_PKfS3_S5_PKiS7_S7_S5_P13__nv_bfloat16PK5uint2ii'
ptxas info    : (C7519) warpgroup.arrive is injected in around line 3857 by compiler to allow use of registers in GMMA in function '_Z26single_launch_w2_gemm_taskPK14CUtensorMap_stS1_PKhS3_PKfS3_S5_PKiS7_S7_S5_P13__nv_bfloat16PK5uint2ii'
ptxas info    : (C7519) warpgroup.arrive is injected in around line 4060 by compiler to allow use of registers in GMMA in function '_Z26single_launch_w2_gemm_taskPK14CUtensorMap_stS1_PKhS3_PKfS3_S5_PKiS7_S7_S5_P13__nv_bfloat16PK5uint2ii'
ptxas info    : (C7519) warpgroup.arrive is injected in around line 4215 by compiler to allow use of registers in GMMA in function '_Z26single_launch_w2_gemm_taskPK14CUtensorMap_stS1_PKhS3_PKfS3_S5_PKiS7_S7_S5_P13__nv_bfloat16PK5uint2ii'
ptxas error   : Entry function '_Z32tp4_megamoe_single_launch_kernelILi2ELi64EEv14CUtensorMap_stS0_S0_S0_PKhS2_PKfS2_S2_S4_S2_S4_PKiS4_PiS7_S7_PfP13__nv_bfloat16PhS8_SA_PK5uint2S7_S7_SA_PjSB_SB_SB_SB_SB_SA_S2_SB_SB_iilb' with max regcount of 64 calls function '_Z27single_launch_w2_gemm_phaseILb1EEvPK14CUtensorMap_stS2_PKhS4_PKfS4_S6_PKiS8_S8_S6_P13__nv_bfloat16PK5uint2iiii' with regcount of 195
ptxas error   : Entry function '_Z32tp4_megamoe_single_launch_kernelILi4ELi64EEv14CUtensorMap_stS0_S0_S0_PKhS2_PKfS2_S2_S4_S2_S4_PKiS4_PiS7_S7_PfP13__nv_bfloat16PhS8_SA_PK5uint2S7_S7_SA_PjSB_SB_SB_SB_SB_SA_S2_SB_SB_iilb' with max regcount of 64 calls function '_Z27single_launch_w2_gemm_phaseILb1EEvPK14CUtensorMap_stS2_PKhS4_PKfS4_S6_PKiS8_S8_S6_P13__nv_bfloat16PK5uint2iiii' with regcount of 195
ptxas error   : Entry function '_Z32tp4_megamoe_single_launch_kernelILi4ELi32EEv14CUtensorMap_stS0_S0_S0_PKhS2_PKfS2_S2_S4_S2_S4_PKiS4_PiS7_S7_PfP13__nv_bfloat16PhS8_SA_PK5uint2S7_S7_SA_PjSB_SB_SB_SB_SB_SA_S2_SB_SB_iilb' with max regcount of 64 calls function '_Z27single_launch_w2_gemm_phaseILb1EEvPK14CUtensorMap_stS2_PKhS4_PKfS4_S6_PKiS8_S8_S6_P13__nv_bfloat16PK5uint2iiii' with regcount of 195
ptxas error   : Entry function '_Z32tp4_megamoe_single_launch_kernelILi2ELi32EEv14CUtensorMap_stS0_S0_S0_PKhS2_PKfS2_S2_S4_S2_S4_PKiS4_PiS7_S7_PfP13__nv_bfloat16PhS8_SA_PK5uint2S7_S7_SA_PjSB_SB_SB_SB_SB_SA_S2_SB_SB_iilb' with max regcount of 64 calls function '_Z27single_launch_w2_gemm_phaseILb1EEvPK14CUtensorMap_stS2_PKhS4_PKfS4_S6_PKiS8_S8_S6_P13__nv_bfloat16PK5uint2iiii' with regcount of 195
ptxas error   : Entry function '_Z32tp4_megamoe_single_launch_kernelILi4ELi16EEv14CUtensorMap_stS0_S0_S0_PKhS2_PKfS2_S2_S4_S2_S4_PKiS4_PiS7_S7_PfP13__nv_bfloat16PhS8_SA_PK5uint2S7_S7_SA_PjSB_SB_SB_SB_SB_SA_S2_SB_SB_iilb' with max regcount of 64 calls function '_Z27single_launch_w2_gemm_phaseILb1EEvPK14CUtensorMap_stS2_PKhS4_PKfS4_S6_PKiS8_S8_S6_P13__nv_bfloat16PK5uint2iiii' with regcount of 195
ptxas error   : Entry function '_Z32tp4_megamoe_single_launch_kernelILi2ELi16EEv14CUtensorMap_stS0_S0_S0_PKhS2_PKfS2_S2_S4_S2_S4_PKiS4_PiS7_S7_PfP13__nv_bfloat16PhS8_SA_PK5uint2S7_S7_SA_PjSB_SB_SB_SB_SB_SA_S2_SB_SB_iilb' with max regcount of 64 calls function '_Z27single_launch_w2_gemm_phaseILb1EEvPK14CUtensorMap_stS2_PKhS4_PKfS4_S6_PKiS8_S8_S6_P13__nv_bfloat16PK5uint2iiii' with regcount of 195
ptxas error   : Entry function '_Z32tp4_megamoe_single_launch_kernelILi4ELi8EEv14CUtensorMap_stS0_S0_S0_PKhS2_PKfS2_S2_S4_S2_S4_PKiS4_PiS7_S7_PfP13__nv_bfloat16PhS8_SA_PK5uint2S7_S7_SA_PjSB_SB_SB_SB_SB_SA_S2_SB_SB_iilb' with max regcount of 64 calls function '_Z27single_launch_w2_gemm_phaseILb1EEvPK14CUtensorMap_stS2_PKhS4_PKfS4_S6_PKiS8_S8_S6_P13__nv_bfloat16PK5uint2iiii' with regcount of 195
ptxas error   : Entry function '_Z32tp4_megamoe_single_launch_kernelILi2ELi8EEv14CUtensorMap_stS0_S0_S0_PKhS2_PKfS2_S2_S4_S2_S4_PKiS4_PiS7_S7_PfP13__nv_bfloat16PhS8_SA_PK5uint2S7_S7_SA_PjSB_SB_SB_SB_SB_SA_S2_SB_SB_iilb' with max regcount of 64 calls function '_Z27single_launch_w2_gemm_phaseILb1EEvPK14CUtensorMap_stS2_PKhS4_PKfS4_S6_PKiS8_S8_S6_P13__nv_bfloat16PK5uint2iiii' with regcount of 195
ptxas error   : Entry function '_Z32tp8_megamoe_single_launch_kernelILi4ELi8EEv14CUtensorMap_stS0_S0_S0_PKhS2_PKfS2_S2_S4_S2_S4_PKiS4_PiS7_S7_PfP13__nv_bfloat16PhS8_SA_PK5uint2S7_S7_SA_PjSB_SB_SB_SB_SB_SB_SB_SB_SB_SA_S2_SB_SB_iilb' with max regcount of 64 calls function '_Z35fused_k6_multicast_push_ar_tp8_taskILi8EEvPK13__nv_bfloat16PKfPS0_PjPhS7_S7_S7_S7_S7_S7_S7_S7_ilii' with regcount of 134
ptxas error   : Entry function '_Z32tp8_megamoe_single_launch_kernelILi2ELi8EEv14CUtensorMap_stS0_S0_S0_PKhS2_PKfS2_S2_S4_S2_S4_PKiS4_PiS7_S7_PfP13__nv_bfloat16PhS8_SA_PK5uint2S7_S7_SA_PjSB_SB_SB_SB_SB_SB_SB_SB_SB_SA_S2_SB_SB_iilb' with max regcount of 64 calls function '_Z35fused_k6_multicast_push_ar_tp8_taskILi8EEvPK13__nv_bfloat16PKfPS0_PjPhS7_S7_S7_S7_S7_S7_S7_S7_ilii' with regcount of 134
ptxas error   : Entry function '_Z32tp8_megamoe_single_launch_kernelILi4ELi16EEv14CUtensorMap_stS0_S0_S0_PKhS2_PKfS2_S2_S4_S2_S4_PKiS4_PiS7_S7_PfP13__nv_bfloat16PhS8_SA_PK5uint2S7_S7_SA_PjSB_SB_SB_SB_SB_SB_SB_SB_SB_SA_S2_SB_SB_iilb' with max regcount of 64 calls function '_Z35fused_k6_multicast_push_ar_tp8_taskILi16EEvPK13__nv_bfloat16PKfPS0_PjPhS7_S7_S7_S7_S7_S7_S7_S7_ilii' with regcount of 134
ptxas error   : Entry function '_Z32tp8_megamoe_single_launch_kernelILi2ELi16EEv14CUtensorMap_stS0_S0_S0_PKhS2_PKfS2_S2_S4_S2_S4_PKiS4_PiS7_S7_PfP13__nv_bfloat16PhS8_SA_PK5uint2S7_S7_SA_PjSB_SB_SB_SB_SB_SB_SB_SB_SB_SA_S2_SB_SB_iilb' with max regcount of 64 calls function '_Z35fused_k6_multicast_push_ar_tp8_taskILi16EEvPK13__nv_bfloat16PKfPS0_PjPhS7_S7_S7_S7_S7_S7_S7_S7_ilii' with regcount of 134
ptxas error   : Entry function '_Z32tp8_megamoe_single_launch_kernelILi4ELi32EEv14CUtensorMap_stS0_S0_S0_PKhS2_PKfS2_S2_S4_S2_S4_PKiS4_PiS7_S7_PfP13__nv_bfloat16PhS8_SA_PK5uint2S7_S7_SA_PjSB_SB_SB_SB_SB_SB_SB_SB_SB_SA_S2_SB_SB_iilb' with max regcount of 64 calls function '_Z27fused_k6_nvls_pull_tp8_taskILi32EEvPK13__nv_bfloat16PKfPS0_PKhS5_PhS8_ii' with regcount of 100
ptxas error   : Entry function '_Z32tp8_megamoe_single_launch_kernelILi2ELi32EEv14CUtensorMap_stS0_S0_S0_PKhS2_PKfS2_S2_S4_S2_S4_PKiS4_PiS7_S7_PfP13__nv_bfloat16PhS8_SA_PK5uint2S7_S7_SA_PjSB_SB_SB_SB_SB_SB_SB_SB_SB_SA_S2_SB_SB_iilb' with max regcount of 64 calls function '_Z27fused_k6_nvls_pull_tp8_taskILi32EEvPK13__nv_bfloat16PKfPS0_PKhS5_PhS8_ii' with regcount of 100
ptxas error   : Entry function '_Z32tp8_megamoe_single_launch_kernelILi4ELi64EEv14CUtensorMap_stS0_S0_S0_PKhS2_PKfS2_S2_S4_S2_S4_PKiS4_PiS7_S7_PfP13__nv_bfloat16PhS8_SA_PK5uint2S7_S7_SA_PjSB_SB_SB_SB_SB_SB_SB_SB_SB_SA_S2_SB_SB_iilb' with max regcount of 64 calls function '_Z27fused_k6_nvls_pull_tp8_taskILi64EEvPK13__nv_bfloat16PKfPS0_PKhS5_PhS8_ii' with regcount of 100
ptxas error   : Entry function '_Z32tp8_megamoe_single_launch_kernelILi2ELi64EEv14CUtensorMap_stS0_S0_S0_PKhS2_PKfS2_S2_S4_S2_S4_PKiS4_PiS7_S7_PfP13__nv_bfloat16PhS8_SA_PK5uint2S7_S7_SA_PjSB_SB_SB_SB_SB_SB_SB_SB_SB_SA_S2_SB_SB_iilb' with max regcount of 64 calls function '_Z27fused_k6_nvls_pull_tp8_taskILi64EEvPK13__nv_bfloat16PKfPS0_PKhS5_PhS8_ii' with regcount of 100
ptxas error   : Entry function '_Z32tp8_megamoe_single_launch_kernelILi4ELi128EEv14CUtensorMap_stS0_S0_S0_PKhS2_PKfS2_S2_S4_S2_S4_PKiS4_PiS7_S7_PfP13__nv_bfloat16PhS8_SA_PK5uint2S7_S7_SA_PjSB_SB_SB_SB_SB_SB_SB_SB_SB_SA_S2_SB_SB_iilb' with max regcount of 64 calls function '_Z27fused_k6_nvls_pull_tp8_taskILi128EEvPK13__nv_bfloat16PKfPS0_PKhS5_PhS8_ii' with regcount of 100
ptxas error   : Entry function '_Z32tp8_megamoe_single_launch_kernelILi2ELi128EEv14CUtensorMap_stS0_S0_S0_PKhS2_PKfS2_S2_S4_S2_S4_PKiS4_PiS7_S7_PfP13__nv_bfloat16PhS8_SA_PK5uint2S7_S7_SA_PjSB_SB_SB_SB_SB_SB_SB_SB_SB_SA_S2_SB_SB_iilb' with max regcount of 64 calls function '_Z27fused_k6_nvls_pull_tp8_taskILi128EEvPK13__nv_bfloat16PKfPS0_PKhS5_PhS8_ii' with regcount of 100
ninja: build stopped: subcommand failed.
