[333412] python3.12@127.0.0.1
  void v4_flash_tp4_native_megamoe_impl<512, 16, 4>(void *, int *, unsigned int, SymBuffer<1>, CUtensorMap_st, CUtensorMap_st, CUtensorMap_st, CUtensorMap_st, CUtensorMap_st, CUtensorMap_st, CUtensorMap_st, CUtensorMap_st, CUtensorMap_st, const float *, const float *, float *, __nv_bfloat16 *, unsigned int *, unsigned char *, unsigned char *, unsigned char *, unsigned char *, unsigned char *, unsigned char *, unsigned char *, unsigned char *, unsigned char *, __nv_bfloat16 *, const unsigned char *, unsigned char *, unsigned char *, int, long, bool) (156, 1, 1)x(384, 1, 1), Context 1, Stream 7, Device 0, CC 9.0
    Warning: Data collection happened without fixed GPU frequencies. Profiling results may be inconsistent.
    Section: GPU Speed Of Light Throughput
    ----------------------- ----------- ------------
    Metric Name             Metric Unit Metric Value
    ----------------------- ----------- ------------
    DRAM Frequency                  Ghz         3.20
    SM Frequency                    Ghz         1.70
    Elapsed Cycles                cycle       773724
    Memory Throughput                 %        67.91
    DRAM Throughput                   %        52.38
    Duration                         us       450.34
    L1/TEX Cache Throughput           %        38.30
    Waves Per SM                                   1
    L2 Cache Throughput               %        73.84
    SM Active Cycles              cycle    769286.86
    Compute (SM) Throughput           %        54.91
    ----------------------- ----------- ------------

    GPU Throughput Chart
    Table Name : GPU Throughput
    ---------------- ----------- ------------
    Metric Name      Metric Unit Metric Value
    ---------------- ----------- ------------
    Memory [%]                 %        67.91
    Compute (SM) [%]           %        54.91
    ---------------- ----------- ------------

    GPU Throughput Breakdown
    Table Name : Compute Throughput Breakdown
    ------------------------------------------------------------------------- ----------- ------------
    Metric Name                                                               Metric Unit Metric Value
    ------------------------------------------------------------------------- ----------- ------------
    SM: Issue Active                                                                    %        54.91
    SM: Inst Executed                                                                   %        54.88
    SM: Pipe Alu Cycles Active                                                          %        45.17
    SM: Inst Executed Pipe Lsu                                                          %        30.90
    SM: Pipe Fmaheavy Cycles Active                                                     %        26.44
    SM: Pipe Tensor Type Hmma Hgmma Qgmma Imma Igmma Bmma Bgmma Cycles Active           %        20.92
    SM: Mio Inst Issued                                                                 %        17.06
    SM: Pipe Fma Cycles Active                                                          %        14.60
    SM: Mio2rf Writeback Active                                                         %         9.88
    SM: Inst Executed Pipe Uniform                                                      %         6.48
    SM: Inst Executed Pipe Adu                                                          %         6.05
    SM: Pipe Shared Cycles Active                                                       %         5.23
    SM: Pipe Tensor Cycles Active                                                       %         5.23
    SM: Inst Executed Pipe Cbu Pred On Any                                              %         4.54
    SM: Mio Pq Write Cycles Active                                                      %         4.29
    SM: Mio Pq Read Cycles Active                                                       %         4.26
    SM: Inst Executed Pipe Xu                                                           %         0.90
    SM: Pipe Tma Cycles Active                                                          %         0.39
    IDC: Request Cycles Active                                                          %         0.16
    SM: Inst Executed Pipe Tex                                                          %         0.01
    SM: Inst Executed Pipe Ipa                                                          %            0
    SM: Instruction Throughput Internal Activity                                        %            0
    SM: Memory Throughput Internal Activity                                             %            0
    SM: Pipe Fp64 Cycles Active                                                         %            0
    SM: Pipe Tensor Op Dmma Cycles Active                                               %            0
    ------------------------------------------------------------------------- ----------- ------------

    Table Name : Memory Throughput Breakdown
    -------------------------------------------------------- ----------- ------------
    Metric Name                                              Metric Unit Metric Value
    -------------------------------------------------------- ----------- ------------
    L2: T Tag Requests                                                 %        67.91
    GPU: Compute Memory Access Throughput Internal Activity            %        65.45
    DRAM: Cycles Active                                                %        52.38
    DRAM: Dram Sectors                                                 %        50.10
    L2: D Sectors Fill Device                                          %        47.55
    L2: D Sectors                                                      %        40.96
    L1: Data Pipe Lsu Wavefronts                                       %        38.22
    L2: Xbar2lts Cycles Active                                         %        37.13
    L1: Lsuin Requests                                                 %        36.14
    L2: T Sectors                                                      %        35.63
    L1: M L1tex2xbar Req Cycles Active                                 %        35.49
    L1: Lsu Writeback Active                                           %        31.59
    L2: Lts2xbar Cycles Active                                         %        29.17
    L1: M Xbar2l1tex Read Sectors                                      %        18.19
    L1: Data Bank Reads                                                %         8.72
    L1: Data Bank Writes                                               %         7.48
    L1: Tmain Requests                                                 %         0.20
    L1: Texin Sm2tex Req Cycles Active                                 %         0.01
    L2: D Atomic Input Cycles Active                                   %         0.01
    GPU: Compute Memory Request Throughput Internal Activity           %            0
    L1: Data Pipe Tex Wavefronts                                       %            0
    L1: F Wavefronts                                                   %            0
    L1: M Xbar2l1tex Read Sectors Mem Dshared                          %            0
    L1: Tex Writeback Active                                           %            0
    L2: D Sectors Fill Sysmem                                          %            0
    -------------------------------------------------------- ----------- ------------

    OPT   Memory is more heavily utilized than Compute: Look at the Memory Workload Analysis section to identify the L2 
          bottleneck. Check memory replay (coalescing) metrics to make sure you're efficiently utilizing the bytes      
          transferred. Also consider whether it is possible to do more work per memory access (kernel fusion) or        
          whether there are values you can (re)compute.                                                                 

    Section: GPU Speed Of Light Roofline Chart
    ----------------------------------------------------------- ----------- ------------
    Metric Name                                                 Metric Unit Metric Value
    ----------------------------------------------------------- ----------- ------------
    Theoretical Predicated-On DFMA Thread Instructions Executed  inst/cycle          156
    Theoretical Predicated-On FFMA Thread Instructions Executed  inst/cycle         9984
    Predicated-On DFMA Thread Instructions Executed Per Cycle    inst/cycle            0
    Predicated-On FFMA Thread Instructions Executed Per Cycle    inst/cycle        53.05
    ----------------------------------------------------------- ----------- ------------

    GPU Throughput Rooflines
    Table Name : Floating Point Operations Roofline
    Single Precision Roofline
    Peak Work
    ----------------------------------------- ----------- ------------
    Metric Name                               Metric Unit Metric Value
    ----------------------------------------- ----------- ------------
    Theoretical Predicated-On FFMA Operations        inst        19968
    SM Frequency                                      Ghz         1.71
    ----------------------------------------- ----------- ------------

    Peak Traffic
    --------------------------------- ----------- ------------
    Metric Name                       Metric Unit Metric Value
    --------------------------------- ----------- ------------
    Theoretical DRAM Bytes Accessible Kbyte/cycle         1.54
    DRAM Frequency                            Ghz         3.20
    --------------------------------- ----------- ------------

    Double Precision Roofline
    Peak Work
    ----------------------------------------- ----------- ------------
    Metric Name                               Metric Unit Metric Value
    ----------------------------------------- ----------- ------------
    Theoretical Predicated-On DFMA Operations        inst          312
    SM Frequency                                      Ghz         1.71
    ----------------------------------------- ----------- ------------

    Peak Traffic
    --------------------------------- ----------- ------------
    Metric Name                       Metric Unit Metric Value
    --------------------------------- ----------- ------------
    Theoretical DRAM Bytes Accessible Kbyte/cycle         1.54
    DRAM Frequency                            Ghz         3.20
    --------------------------------- ----------- ------------

    Single Precision Achieved Value
    Achieved Work
    --------------------------------------------------------- ----------- ------------
    Metric Name                                               Metric Unit Metric Value
    --------------------------------------------------------- ----------- ------------
    Predicated-On FFMA Operations Per Cycle                          inst       106.11
    SM Frequency                                                      Ghz         1.71
    Predicated-On FADD Thread Instructions Executed Per Cycle  inst/cycle        16.84
    Predicated-On FMUL Thread Instructions Executed Per Cycle  inst/cycle        30.62
    --------------------------------------------------------- ----------- ------------

    Achieved Traffic
    -------------- ----------- ------------
    Metric Name    Metric Unit Metric Value
    -------------- ----------- ------------
    DRAM Bandwidth     Tbyte/s         2.57
    -------------- ----------- ------------

    Double Precision Achieved Value
    Achieved Work
    --------------------------------------------------------- ----------- ------------
    Metric Name                                               Metric Unit Metric Value
    --------------------------------------------------------- ----------- ------------
    Predicated-On DFMA Operations Per Cycle                          inst            0
    SM Frequency                                                      Ghz         1.71
    Predicated-On DADD Thread Instructions Executed Per Cycle  inst/cycle            0
    Predicated-On DMUL Thread Instructions Executed Per Cycle  inst/cycle            0
    --------------------------------------------------------- ----------- ------------

    Achieved Traffic
    -------------- ----------- ------------
    Metric Name    Metric Unit Metric Value
    -------------- ----------- ------------
    DRAM Bandwidth     Tbyte/s         2.57
    -------------- ----------- ------------

    INF   The ratio of peak float (fp32) to double (fp64) performance on this device is 64:1. The workload achieved     
          close to 1% of this device's fp32 peak performance and 0% of its fp64 peak performance. See the Kernel        
          Profiling Guide (https://docs.nvidia.com/nsight-compute/ProfilingGuide/index.html#roofline) for more details  
          on roofline analysis.                                                                                         

    Section: GPU Speed Of Light Hierarchical Roofline Chart (Double Precision)
    ----------------------------------------------------------- ----------- ------------
    Metric Name                                                 Metric Unit Metric Value
    ----------------------------------------------------------- ----------- ------------
    L1/TEX peak local/global writeback cycles                                         78
    L1/TEX active local/global writeback cycles per second              Ghz         6.39
    L2 peak writeback cycles                                                         188
    L2 active writeback cycles per second                               Ghz        93.67
    Theoretical Predicated-On DFMA Thread Instructions Executed  inst/cycle          156
    Predicated-On DFMA Thread Instructions Executed Per Cycle    inst/cycle            0
    ----------------------------------------------------------- ----------- ------------

    Roofline Double Precision
    Table Name : Floating Point Operations Roofline (Double Precision)
    DRAM Roofline
    Peak Work
    ----------------------------------------- ----------- ------------
    Metric Name                               Metric Unit Metric Value
    ----------------------------------------- ----------- ------------
    Theoretical Predicated-On DFMA Operations        inst          312
    SM Frequency                                      Ghz         1.71
    ----------------------------------------- ----------- ------------

    Peak Traffic
    --------------------------------- ----------- ------------
    Metric Name                       Metric Unit Metric Value
    --------------------------------- ----------- ------------
    Theoretical DRAM Bytes Accessible Kbyte/cycle         1.54
    DRAM Frequency                            Ghz         3.20
    --------------------------------- ----------- ------------

    L2 Roofline
    Peak Work
    ----------------------------------------- ----------- ------------
    Metric Name                               Metric Unit Metric Value
    ----------------------------------------- ----------- ------------
    Theoretical Predicated-On DFMA Operations        inst          312
    SM Frequency                                      Ghz         1.71
    ----------------------------------------- ----------- ------------

    Peak Traffic
    ------------------------------------- ----------- ------------
    Metric Name                           Metric Unit Metric Value
    ------------------------------------- ----------- ------------
    Theoretical L2 Cache Bytes Accessible       Kbyte         6.02
    L2 Cache Frequency                            Ghz         1.71
    ------------------------------------- ----------- ------------

    L1 Roofline (Global/Local)
    Peak Work
    ----------------------------------------- ----------- ------------
    Metric Name                               Metric Unit Metric Value
    ----------------------------------------- ----------- ------------
    Theoretical Predicated-On DFMA Operations        inst          312
    SM Frequency                                      Ghz         1.71
    ----------------------------------------- ----------- ------------

    Peak Traffic
    ----------------------------------------- ----------- ------------
    Metric Name                               Metric Unit Metric Value
    ----------------------------------------- ----------- ------------
    Theoretical L1/TEX Cache Bytes Accessible                     9984
    L1/TEX Cache Frequency                            Ghz         1.71
    ----------------------------------------- ----------- ------------

    DRAM Achieved Value
    Achieved Work
    --------------------------------------------------------- ----------- ------------
    Metric Name                                               Metric Unit Metric Value
    --------------------------------------------------------- ----------- ------------
    Predicated-On DFMA Operations Per Cycle                          inst            0
    SM Frequency                                                      Ghz         1.71
    Predicated-On DADD Thread Instructions Executed Per Cycle  inst/cycle            0
    Predicated-On DMUL Thread Instructions Executed Per Cycle  inst/cycle            0
    --------------------------------------------------------- ----------- ------------

    Achieved Traffic
    -------------- ----------- ------------
    Metric Name    Metric Unit Metric Value
    -------------- ----------- ------------
    DRAM Bandwidth     Tbyte/s         2.57
    -------------- ----------- ------------

    L2 Achieved Value
    Achieved Work
    --------------------------------------------------------- ----------- ------------
    Metric Name                                               Metric Unit Metric Value
    --------------------------------------------------------- ----------- ------------
    Predicated-On DFMA Operations Per Cycle                          inst            0
    SM Frequency                                                      Ghz         1.71
    Predicated-On DADD Thread Instructions Executed Per Cycle  inst/cycle            0
    Predicated-On DMUL Thread Instructions Executed Per Cycle  inst/cycle            0
    --------------------------------------------------------- ----------- ------------

    Achieved Traffic
    ------------------ ----------- ------------
    Metric Name        Metric Unit Metric Value
    ------------------ ----------- ------------
    L2 Cache Bandwidth       Tbyte         3.00
    ------------------ ----------- ------------

    L1 Achieved Value (Global/Local)
    Achieved Work
    --------------------------------------------------------- ----------- ------------
    Metric Name                                               Metric Unit Metric Value
    --------------------------------------------------------- ----------- ------------
    Predicated-On DFMA Operations Per Cycle                          inst            0
    SM Frequency                                                      Ghz         1.71
    Predicated-On DADD Thread Instructions Executed Per Cycle  inst/cycle            0
    Predicated-On DMUL Thread Instructions Executed Per Cycle  inst/cycle            0
    --------------------------------------------------------- ----------- ------------

    Achieved Traffic
    --------------------------------- ----------- ---------------
    Metric Name                       Metric Unit    Metric Value
    --------------------------------- ----------- ---------------
    L1 Cache Bandwidth (Global/Local)             818176081858.88
    --------------------------------- ----------- ---------------

    Section: GPU Speed Of Light Hierarchical Roofline Chart (Half Precision)
    ----------------------------------------------------------- ----------- ------------
    Metric Name                                                 Metric Unit Metric Value
    ----------------------------------------------------------- ----------- ------------
    L1/TEX peak local/global writeback cycles                                         78
    L1/TEX active local/global writeback cycles per second              Ghz         6.39
    L2 peak writeback cycles                                                         188
    L2 active writeback cycles per second                               Ghz        93.67
    Theoretical Predicated-On HFMA Thread Instructions Executed  inst/cycle         9984
    Predicated-On HFMA Thread Instructions Executed Per Cycle    inst/cycle            0
    ----------------------------------------------------------- ----------- ------------

    Roofline Half Precision
    Table Name : Floating Point Operations Roofline (Half Precision)
    DRAM Roofline
    Peak Work
    ----------------------------------------- ----------- ------------
    Metric Name                               Metric Unit Metric Value
    ----------------------------------------- ----------- ------------
    Theoretical Predicated-On HFMA Operations        inst        39936
    SM Frequency                                      Ghz         1.71
    ----------------------------------------- ----------- ------------

    Peak Traffic
    --------------------------------- ----------- ------------
    Metric Name                       Metric Unit Metric Value
    --------------------------------- ----------- ------------
    Theoretical DRAM Bytes Accessible Kbyte/cycle         1.54
    DRAM Frequency                            Ghz         3.20
    --------------------------------- ----------- ------------

    L2 Roofline
    Peak Work
    ----------------------------------------- ----------- ------------
    Metric Name                               Metric Unit Metric Value
    ----------------------------------------- ----------- ------------
    Theoretical Predicated-On HFMA Operations        inst        39936
    SM Frequency                                      Ghz         1.71
    ----------------------------------------- ----------- ------------

    Peak Traffic
    ------------------------------------- ----------- ------------
    Metric Name                           Metric Unit Metric Value
    ------------------------------------- ----------- ------------
    Theoretical L2 Cache Bytes Accessible       Kbyte         6.02
    L2 Cache Frequency                            Ghz         1.71
    ------------------------------------- ----------- ------------

    L1 Roofline (Global/Local)
    Peak Work
    ----------------------------------------- ----------- ------------
    Metric Name                               Metric Unit Metric Value
    ----------------------------------------- ----------- ------------
    Theoretical Predicated-On HFMA Operations        inst        39936
    SM Frequency                                      Ghz         1.71
    ----------------------------------------- ----------- ------------

    Peak Traffic
    ----------------------------------------- ----------- ------------
    Metric Name                               Metric Unit Metric Value
    ----------------------------------------- ----------- ------------
    Theoretical L1/TEX Cache Bytes Accessible                     9984
    L1/TEX Cache Frequency                            Ghz         1.71
    ----------------------------------------- ----------- ------------

    DRAM Achieved Value
    Achieved Work
    --------------------------------------------------------- ----------- ------------
    Metric Name                                               Metric Unit Metric Value
    --------------------------------------------------------- ----------- ------------
    Predicated-On HADD Thread Instructions Executed Per Cycle        inst      no data
    Predicated-On HFMA Operations Per Cycle                          inst            0
    Predicated-On HMUL Thread Instructions Executed Per Cycle        inst      no data
    SM Frequency                                                      Ghz         1.71
    --------------------------------------------------------- ----------- ------------

    Achieved Traffic
    -------------- ----------- ------------
    Metric Name    Metric Unit Metric Value
    -------------- ----------- ------------
    DRAM Bandwidth     Tbyte/s         2.57
    -------------- ----------- ------------

    L2 Achieved Value
    Achieved Work
    --------------------------------------------------------- ----------- ------------
    Metric Name                                               Metric Unit Metric Value
    --------------------------------------------------------- ----------- ------------
    Predicated-On HADD Thread Instructions Executed Per Cycle        inst      no data
    Predicated-On HFMA Operations Per Cycle                          inst            0
    Predicated-On HMUL Thread Instructions Executed Per Cycle        inst      no data
    SM Frequency                                                      Ghz         1.71
    --------------------------------------------------------- ----------- ------------

    Achieved Traffic
    ------------------ ----------- ------------
    Metric Name        Metric Unit Metric Value
    ------------------ ----------- ------------
    L2 Cache Bandwidth       Tbyte         3.00
    ------------------ ----------- ------------

    L1 Achieved Value (Global/Local)
    Achieved Work
    --------------------------------------------------------- ----------- ------------
    Metric Name                                               Metric Unit Metric Value
    --------------------------------------------------------- ----------- ------------
    Predicated-On HADD Thread Instructions Executed Per Cycle        inst      no data
    Predicated-On HFMA Operations Per Cycle                          inst            0
    Predicated-On HMUL Thread Instructions Executed Per Cycle        inst      no data
    SM Frequency                                                      Ghz         1.71
    --------------------------------------------------------- ----------- ------------

    Achieved Traffic
    --------------------------------- ----------- ---------------
    Metric Name                       Metric Unit    Metric Value
    --------------------------------- ----------- ---------------
    L1 Cache Bandwidth (Global/Local)             818176081858.88
    --------------------------------- ----------- ---------------

    Section: GPU Speed Of Light Hierarchical Roofline Chart (Single Precision)
    ----------------------------------------------------------- ----------- ------------
    Metric Name                                                 Metric Unit Metric Value
    ----------------------------------------------------------- ----------- ------------
    L1/TEX peak local/global writeback cycles                                         78
    L1/TEX active local/global writeback cycles per second              Ghz         6.39
    L2 peak writeback cycles                                                         188
    L2 active writeback cycles per second                               Ghz        93.67
    Theoretical Predicated-On FFMA Thread Instructions Executed  inst/cycle         9984
    Predicated-On FFMA Thread Instructions Executed Per Cycle    inst/cycle        53.05
    ----------------------------------------------------------- ----------- ------------

    Roofline Single Precision
    Table Name : Floating Point Operations Roofline (Single Precision)
    DRAM Roofline
    Peak Work
    ----------------------------------------- ----------- ------------
    Metric Name                               Metric Unit Metric Value
    ----------------------------------------- ----------- ------------
    Theoretical Predicated-On FFMA Operations        inst        19968
    SM Frequency                                      Ghz         1.71
    ----------------------------------------- ----------- ------------

    Peak Traffic
    --------------------------------- ----------- ------------
    Metric Name                       Metric Unit Metric Value
    --------------------------------- ----------- ------------
    Theoretical DRAM Bytes Accessible Kbyte/cycle         1.54
    DRAM Frequency                            Ghz         3.20
    --------------------------------- ----------- ------------

    L2 Roofline
    Peak Work
    ----------------------------------------- ----------- ------------
    Metric Name                               Metric Unit Metric Value
    ----------------------------------------- ----------- ------------
    Theoretical Predicated-On FFMA Operations        inst        19968
    SM Frequency                                      Ghz         1.71
    ----------------------------------------- ----------- ------------

    Peak Traffic
    ------------------------------------- ----------- ------------
    Metric Name                           Metric Unit Metric Value
    ------------------------------------- ----------- ------------
    Theoretical L2 Cache Bytes Accessible       Kbyte         6.02
    L2 Cache Frequency                            Ghz         1.71
    ------------------------------------- ----------- ------------

    L1 Roofline (Global/Local)
    Peak Work
    ----------------------------------------- ----------- ------------
    Metric Name                               Metric Unit Metric Value
    ----------------------------------------- ----------- ------------
    Theoretical Predicated-On FFMA Operations        inst        19968
    SM Frequency                                      Ghz         1.71
    ----------------------------------------- ----------- ------------

    Peak Traffic
    ----------------------------------------- ----------- ------------
    Metric Name                               Metric Unit Metric Value
    ----------------------------------------- ----------- ------------
    Theoretical L1/TEX Cache Bytes Accessible                     9984
    L1/TEX Cache Frequency                            Ghz         1.71
    ----------------------------------------- ----------- ------------

    DRAM Achieved Value
    Achieved Work
    --------------------------------------------------------- ----------- ------------
    Metric Name                                               Metric Unit Metric Value
    --------------------------------------------------------- ----------- ------------
    Predicated-On FFMA Operations Per Cycle                          inst       106.11
    SM Frequency                                                      Ghz         1.71
    Predicated-On FADD Thread Instructions Executed Per Cycle  inst/cycle        16.84
    Predicated-On FMUL Thread Instructions Executed Per Cycle  inst/cycle        30.62
    --------------------------------------------------------- ----------- ------------

    Achieved Traffic
    -------------- ----------- ------------
    Metric Name    Metric Unit Metric Value
    -------------- ----------- ------------
    DRAM Bandwidth     Tbyte/s         2.57
    -------------- ----------- ------------

    L2 Achieved Value
    Achieved Work
    --------------------------------------------------------- ----------- ------------
    Metric Name                                               Metric Unit Metric Value
    --------------------------------------------------------- ----------- ------------
    Predicated-On FFMA Operations Per Cycle                          inst       106.11
    SM Frequency                                                      Ghz         1.71
    Predicated-On FADD Thread Instructions Executed Per Cycle  inst/cycle        16.84
    Predicated-On FMUL Thread Instructions Executed Per Cycle  inst/cycle        30.62
    --------------------------------------------------------- ----------- ------------

    Achieved Traffic
    ------------------ ----------- ------------
    Metric Name        Metric Unit Metric Value
    ------------------ ----------- ------------
    L2 Cache Bandwidth       Tbyte         3.00
    ------------------ ----------- ------------

    L1 Achieved Value (Global/Local)
    Achieved Work
    --------------------------------------------------------- ----------- ------------
    Metric Name                                               Metric Unit Metric Value
    --------------------------------------------------------- ----------- ------------
    Predicated-On FFMA Operations Per Cycle                          inst       106.11
    SM Frequency                                                      Ghz         1.71
    Predicated-On FADD Thread Instructions Executed Per Cycle  inst/cycle        16.84
    Predicated-On FMUL Thread Instructions Executed Per Cycle  inst/cycle        30.62
    --------------------------------------------------------- ----------- ------------

    Achieved Traffic
    --------------------------------- ----------- ---------------
    Metric Name                       Metric Unit    Metric Value
    --------------------------------- ----------- ---------------
    L1 Cache Bandwidth (Global/Local)             818176081858.88
    --------------------------------- ----------- ---------------

    Section: GPU Speed Of Light Hierarchical Roofline Chart (Tensor Core)
    ------------------------------------------------------ ----------- ------------
    Metric Name                                            Metric Unit Metric Value
    ------------------------------------------------------ ----------- ------------
    L1/TEX peak local/global writeback cycles                                    78
    L1/TEX active local/global writeback cycles per second         Ghz         6.39
    L2 peak writeback cycles                                                    188
    L2 active writeback cycles per second                          Ghz        93.67
    ------------------------------------------------------ ----------- ------------

    Roofline Tensor Core
    Table Name : Tensor Core Operations Roofline
    DRAM Roofline (Op:bgmma Src:int1)
    Peak Work
    ----------------------------- ----------- ------------
    Metric Name                   Metric Unit Metric Value
    ----------------------------- ----------- ------------
    SM Frequency                          Ghz         1.71
    Theoretical Tensor Operations     1/cycle      1277952
    ----------------------------- ----------- ------------

    Peak Traffic
    --------------------------------- ----------- ------------
    Metric Name                       Metric Unit Metric Value
    --------------------------------- ----------- ------------
    Theoretical DRAM Bytes Accessible Kbyte/cycle         1.54
    DRAM Frequency                            Ghz         3.20
    --------------------------------- ----------- ------------

    L2 Cache Roofline (Op:bgmma Src:int1)
    Peak Work
    ----------------------------- ----------- ------------
    Metric Name                   Metric Unit Metric Value
    ----------------------------- ----------- ------------
    SM Frequency                          Ghz         1.71
    Theoretical Tensor Operations     1/cycle      1277952
    ----------------------------- ----------- ------------

    Peak Traffic
    ------------------------------------- ----------- ------------
    Metric Name                           Metric Unit Metric Value
    ------------------------------------- ----------- ------------
    Theoretical L2 Cache Bytes Accessible       Kbyte         6.02
    L2 Cache Frequency                            Ghz         1.71
    ------------------------------------- ----------- ------------

    L1/TEX Cache Roofline (Op:bgmma Src:int1)
    Peak Work
    ----------------------------- ----------- ------------
    Metric Name                   Metric Unit Metric Value
    ----------------------------- ----------- ------------
    SM Frequency                          Ghz         1.71
    Theoretical Tensor Operations     1/cycle      1277952
    ----------------------------- ----------- ------------

    Peak Traffic
    ----------------------------------------- ----------- ------------
    Metric Name                               Metric Unit Metric Value
    ----------------------------------------- ----------- ------------
    Theoretical L1/TEX Cache Bytes Accessible                     9984
    L1/TEX Cache Frequency                            Ghz         1.71
    ----------------------------------------- ----------- ------------

    DRAM Roofline (Op:bmma Src:int1)
    Peak Work
    ----------------------------- ----------- ------------
    Metric Name                   Metric Unit Metric Value
    ----------------------------- ----------- ------------
    SM Frequency                          Ghz         1.71
    Theoretical Tensor Operations     1/cycle       851968
    ----------------------------- ----------- ------------

    Peak Traffic
    --------------------------------- ----------- ------------
    Metric Name                       Metric Unit Metric Value
    --------------------------------- ----------- ------------
    Theoretical DRAM Bytes Accessible Kbyte/cycle         1.54
    DRAM Frequency                            Ghz         3.20
    --------------------------------- ----------- ------------

    L2 Cache Roofline (Op:bmma Src:int1)
    Peak Work
    ----------------------------- ----------- ------------
    Metric Name                   Metric Unit Metric Value
    ----------------------------- ----------- ------------
    SM Frequency                          Ghz         1.71
    Theoretical Tensor Operations     1/cycle       851968
    ----------------------------- ----------- ------------

    Peak Traffic
    ------------------------------------- ----------- ------------
    Metric Name                           Metric Unit Metric Value
    ------------------------------------- ----------- ------------
    Theoretical L2 Cache Bytes Accessible       Kbyte         6.02
    L2 Cache Frequency                            Ghz         1.71
    ------------------------------------- ----------- ------------

    L1/TEX Cache Roofline (Op:bmma Src:int1)
    Peak Work
    ----------------------------- ----------- ------------
    Metric Name                   Metric Unit Metric Value
    ----------------------------- ----------- ------------
    SM Frequency                          Ghz         1.71
    Theoretical Tensor Operations     1/cycle       851968
    ----------------------------- ----------- ------------

    Peak Traffic
    ----------------------------------------- ----------- ------------
    Metric Name                               Metric Unit Metric Value
    ----------------------------------------- ----------- ------------
    Theoretical L1/TEX Cache Bytes Accessible                     9984
    L1/TEX Cache Frequency                            Ghz         1.71
    ----------------------------------------- ----------- ------------

    DRAM Roofline (Op:hgmma Src:bf16 Dst:fp32 Sparsity:off)
    Peak Work
    ----------------------------- ----------- ------------
    Metric Name                   Metric Unit Metric Value
    ----------------------------- ----------- ------------
    SM Frequency                          Ghz         1.71
    Theoretical Tensor Operations     1/cycle        79872
    ----------------------------- ----------- ------------

    Peak Traffic
    --------------------------------- ----------- ------------
    Metric Name                       Metric Unit Metric Value
    --------------------------------- ----------- ------------
    Theoretical DRAM Bytes Accessible Kbyte/cycle         1.54
    DRAM Frequency                            Ghz         3.20
    --------------------------------- ----------- ------------

    L2 Cache Roofline (Op:hgmma Src:bf16 Dst:fp32 Sparsity:off)
    Peak Work
    ----------------------------- ----------- ------------
    Metric Name                   Metric Unit Metric Value
    ----------------------------- ----------- ------------
    SM Frequency                          Ghz         1.71
    Theoretical Tensor Operations     1/cycle        79872
    ----------------------------- ----------- ------------

    Peak Traffic
    ------------------------------------- ----------- ------------
    Metric Name                           Metric Unit Metric Value
    ------------------------------------- ----------- ------------
    Theoretical L2 Cache Bytes Accessible       Kbyte         6.02
    L2 Cache Frequency                            Ghz         1.71
    ------------------------------------- ----------- ------------

    L1/TEX Cache Roofline (Op:hgmma Src:bf16 Dst:fp32 Sparsity:off)
    Peak Work
    ----------------------------- ----------- ------------
    Metric Name                   Metric Unit Metric Value
    ----------------------------- ----------- ------------
    SM Frequency                          Ghz         1.71
    Theoretical Tensor Operations     1/cycle        79872
    ----------------------------- ----------- ------------

    Peak Traffic
    ----------------------------------------- ----------- ------------
    Metric Name                               Metric Unit Metric Value
    ----------------------------------------- ----------- ------------
    Theoretical L1/TEX Cache Bytes Accessible                     9984
    L1/TEX Cache Frequency                            Ghz         1.71
    ----------------------------------------- ----------- ------------

    DRAM Roofline (Op:hgmma Src:bf16 Dst:fp32 Sparsity:on)
    Peak Work
    ----------------------------- ----------- ------------
    Metric Name                   Metric Unit Metric Value
    ----------------------------- ----------- ------------
    SM Frequency                          Ghz         1.71
    Theoretical Tensor Operations     1/cycle       159744
    ----------------------------- ----------- ------------

    Peak Traffic
    --------------------------------- ----------- ------------
    Metric Name                       Metric Unit Metric Value
    --------------------------------- ----------- ------------
    Theoretical DRAM Bytes Accessible Kbyte/cycle         1.54
    DRAM Frequency                            Ghz         3.20
    --------------------------------- ----------- ------------

    L2 Cache Roofline (Op:hgmma Src:bf16 Dst:fp32 Sparsity:on)
    Peak Work
    ----------------------------- ----------- ------------
    Metric Name                   Metric Unit Metric Value
    ----------------------------- ----------- ------------
    SM Frequency                          Ghz         1.71
    Theoretical Tensor Operations     1/cycle       159744
    ----------------------------- ----------- ------------

    Peak Traffic
    ------------------------------------- ----------- ------------
    Metric Name                           Metric Unit Metric Value
    ------------------------------------- ----------- ------------
    Theoretical L2 Cache Bytes Accessible       Kbyte         6.02
    L2 Cache Frequency                            Ghz         1.71
    ------------------------------------- ----------- ------------

    L1/TEX Cache Roofline (Op:hgmma Src:bf16 Dst:fp32 Sparsity:on)
    Peak Work
    ----------------------------- ----------- ------------
    Metric Name                   Metric Unit Metric Value
    ----------------------------- ----------- ------------
    SM Frequency                          Ghz         1.71
    Theoretical Tensor Operations     1/cycle       159744
    ----------------------------- ----------- ------------

    Peak Traffic
    ----------------------------------------- ----------- ------------
    Metric Name                               Metric Unit Metric Value
    ----------------------------------------- ----------- ------------
    Theoretical L1/TEX Cache Bytes Accessible                     9984
    L1/TEX Cache Frequency                            Ghz         1.71
    ----------------------------------------- ----------- ------------

    DRAM Roofline (Op:hgmma Src:fp16 Sparsity:off)
    Peak Work
    ----------------------------- ----------- ------------
    Metric Name                   Metric Unit Metric Value
    ----------------------------- ----------- ------------
    SM Frequency                          Ghz         1.71
    Theoretical Tensor Operations     1/cycle        79872
    ----------------------------- ----------- ------------

    Peak Traffic
    --------------------------------- ----------- ------------
    Metric Name                       Metric Unit Metric Value
    --------------------------------- ----------- ------------
    Theoretical DRAM Bytes Accessible Kbyte/cycle         1.54
    DRAM Frequency                            Ghz         3.20
    --------------------------------- ----------- ------------

    L2 Cache Roofline (Op:hgmma Src:fp16 Sparsity:off)
    Peak Work
    ----------------------------- ----------- ------------
    Metric Name                   Metric Unit Metric Value
    ----------------------------- ----------- ------------
    SM Frequency                          Ghz         1.71
    Theoretical Tensor Operations     1/cycle        79872
    ----------------------------- ----------- ------------

    Peak Traffic
    ------------------------------------- ----------- ------------
    Metric Name                           Metric Unit Metric Value
    ------------------------------------- ----------- ------------
    Theoretical L2 Cache Bytes Accessible       Kbyte         6.02
    L2 Cache Frequency                            Ghz         1.71
    ------------------------------------- ----------- ------------

    L1/TEX Cache Roofline (Op:hgmma Src:fp16 Sparsity:off)
    Peak Work
    ----------------------------- ----------- ------------
    Metric Name                   Metric Unit Metric Value
    ----------------------------- ----------- ------------
    SM Frequency                          Ghz         1.71
    Theoretical Tensor Operations     1/cycle        79872
    ----------------------------- ----------- ------------

    Peak Traffic
    ----------------------------------------- ----------- ------------
    Metric Name                               Metric Unit Metric Value
    ----------------------------------------- ----------- ------------
    Theoretical L1/TEX Cache Bytes Accessible                     9984
    L1/TEX Cache Frequency                            Ghz         1.71
    ----------------------------------------- ----------- ------------

    DRAM Roofline (Op:hgmma Src:fp16 Sparsity:on)
    Peak Work
    ----------------------------- ----------- ------------
    Metric Name                   Metric Unit Metric Value
    ----------------------------- ----------- ------------
    SM Frequency                          Ghz         1.71
    Theoretical Tensor Operations     1/cycle       159744
    ----------------------------- ----------- ------------

    Peak Traffic
    --------------------------------- ----------- ------------
    Metric Name                       Metric Unit Metric Value
    --------------------------------- ----------- ------------
    Theoretical DRAM Bytes Accessible Kbyte/cycle         1.54
    DRAM Frequency                            Ghz         3.20
    --------------------------------- ----------- ------------

    L2 Cache Roofline (Op:hgmma Src:fp16 Sparsity:on)
    Peak Work
    ----------------------------- ----------- ------------
    Metric Name                   Metric Unit Metric Value
    ----------------------------- ----------- ------------
    SM Frequency                          Ghz         1.71
    Theoretical Tensor Operations     1/cycle       159744
    ----------------------------- ----------- ------------

    Peak Traffic
    ------------------------------------- ----------- ------------
    Metric Name                           Metric Unit Metric Value
    ------------------------------------- ----------- ------------
    Theoretical L2 Cache Bytes Accessible       Kbyte         6.02
    L2 Cache Frequency                            Ghz         1.71
    ------------------------------------- ----------- ------------

    L1/TEX Cache Roofline (Op:hgmma Src:fp16 Sparsity:on)
    Peak Work
    ----------------------------- ----------- ------------
    Metric Name                   Metric Unit Metric Value
    ----------------------------- ----------- ------------
    SM Frequency                          Ghz         1.71
    Theoretical Tensor Operations     1/cycle       159744
    ----------------------------- ----------- ------------

    Peak Traffic
    ----------------------------------------- ----------- ------------
    Metric Name                               Metric Unit Metric Value
    ----------------------------------------- ----------- ------------
    Theoretical L1/TEX Cache Bytes Accessible                     9984
    L1/TEX Cache Frequency                            Ghz         1.71
    ----------------------------------------- ----------- ------------

    DRAM Roofline (Op:hgmma Src:tf32 Dst:fp32 Sparsity:off)
    Peak Work
    ----------------------------- ----------- ------------
    Metric Name                   Metric Unit Metric Value
    ----------------------------- ----------- ------------
    SM Frequency                          Ghz         1.71
    Theoretical Tensor Operations     1/cycle        39936
    ----------------------------- ----------- ------------

    Peak Traffic
    --------------------------------- ----------- ------------
    Metric Name                       Metric Unit Metric Value
    --------------------------------- ----------- ------------
    Theoretical DRAM Bytes Accessible Kbyte/cycle         1.54
    DRAM Frequency                            Ghz         3.20
    --------------------------------- ----------- ------------

    L2 Cache Roofline (Op:hgmma Src:tf32 Dst:fp32 Sparsity:off)
    Peak Work
    ----------------------------- ----------- ------------
    Metric Name                   Metric Unit Metric Value
    ----------------------------- ----------- ------------
    SM Frequency                          Ghz         1.71
    Theoretical Tensor Operations     1/cycle        39936
    ----------------------------- ----------- ------------

    Peak Traffic
    ------------------------------------- ----------- ------------
    Metric Name                           Metric Unit Metric Value
    ------------------------------------- ----------- ------------
    Theoretical L2 Cache Bytes Accessible       Kbyte         6.02
    L2 Cache Frequency                            Ghz         1.71
    ------------------------------------- ----------- ------------

    L1/TEX Cache Roofline (Op:hgmma Src:tf32 Dst:fp32 Sparsity:off)
    Peak Work
    ----------------------------- ----------- ------------
    Metric Name                   Metric Unit Metric Value
    ----------------------------- ----------- ------------
    SM Frequency                          Ghz         1.71
    Theoretical Tensor Operations     1/cycle        39936
    ----------------------------- ----------- ------------

    Peak Traffic
    ----------------------------------------- ----------- ------------
    Metric Name                               Metric Unit Metric Value
    ----------------------------------------- ----------- ------------
    Theoretical L1/TEX Cache Bytes Accessible                     9984
    L1/TEX Cache Frequency                            Ghz         1.71
    ----------------------------------------- ----------- ------------

    DRAM Roofline (Op:hgmma Src:tf32 Dst:fp32 Sparsity:on)
    Peak Work
    ----------------------------- ----------- ------------
    Metric Name                   Metric Unit Metric Value
    ----------------------------- ----------- ------------
    SM Frequency                          Ghz         1.71
    Theoretical Tensor Operations     1/cycle        79872
    ----------------------------- ----------- ------------

    Peak Traffic
    --------------------------------- ----------- ------------
    Metric Name                       Metric Unit Metric Value
    --------------------------------- ----------- ------------
    Theoretical DRAM Bytes Accessible Kbyte/cycle         1.54
    DRAM Frequency                            Ghz         3.20
    --------------------------------- ----------- ------------

    L2 Cache Roofline (Op:hgmma Src:tf32 Dst:fp32 Sparsity:on)
    Peak Work
    ----------------------------- ----------- ------------
    Metric Name                   Metric Unit Metric Value
    ----------------------------- ----------- ------------
    SM Frequency                          Ghz         1.71
    Theoretical Tensor Operations     1/cycle        79872
    ----------------------------- ----------- ------------

    Peak Traffic
    ------------------------------------- ----------- ------------
    Metric Name                           Metric Unit Metric Value
    ------------------------------------- ----------- ------------
    Theoretical L2 Cache Bytes Accessible       Kbyte         6.02
    L2 Cache Frequency                            Ghz         1.71
    ------------------------------------- ----------- ------------

    L1/TEX Cache Roofline (Op:hgmma Src:tf32 Dst:fp32 Sparsity:on)
    Peak Work
    ----------------------------- ----------- ------------
    Metric Name                   Metric Unit Metric Value
    ----------------------------- ----------- ------------
    SM Frequency                          Ghz         1.71
    Theoretical Tensor Operations     1/cycle        79872
    ----------------------------- ----------- ------------

    Peak Traffic
    ----------------------------------------- ----------- ------------
    Metric Name                               Metric Unit Metric Value
    ----------------------------------------- ----------- ------------
    Theoretical L1/TEX Cache Bytes Accessible                     9984
    L1/TEX Cache Frequency                            Ghz         1.71
    ----------------------------------------- ----------- ------------

    DRAM Roofline (Op:hmma Src:bf16 Dst:fp32 Sparsity:off)
    Peak Work
    ----------------------------- ----------- ------------
    Metric Name                   Metric Unit Metric Value
    ----------------------------- ----------- ------------
    SM Frequency                          Ghz         1.71
    Theoretical Tensor Operations     1/cycle        53248
    ----------------------------- ----------- ------------

    Peak Traffic
    --------------------------------- ----------- ------------
    Metric Name                       Metric Unit Metric Value
    --------------------------------- ----------- ------------
    Theoretical DRAM Bytes Accessible Kbyte/cycle         1.54
    DRAM Frequency                            Ghz         3.20
    --------------------------------- ----------- ------------

    L2 Cache Roofline (Op:hmma Src:bf16 Dst:fp32 Sparsity:off)
    Peak Work
    ----------------------------- ----------- ------------
    Metric Name                   Metric Unit Metric Value
    ----------------------------- ----------- ------------
    SM Frequency                          Ghz         1.71
    Theoretical Tensor Operations     1/cycle        53248
    ----------------------------- ----------- ------------

    Peak Traffic
    ------------------------------------- ----------- ------------
    Metric Name                           Metric Unit Metric Value
    ------------------------------------- ----------- ------------
    Theoretical L2 Cache Bytes Accessible       Kbyte         6.02
    L2 Cache Frequency                            Ghz         1.71
    ------------------------------------- ----------- ------------

    L1/TEX Cache Roofline (Op:hmma Src:bf16 Dst:fp32 Sparsity:off)
    Peak Work
    ----------------------------- ----------- ------------
    Metric Name                   Metric Unit Metric Value
    ----------------------------- ----------- ------------
    SM Frequency                          Ghz         1.71
    Theoretical Tensor Operations     1/cycle        53248
    ----------------------------- ----------- ------------

    Peak Traffic
    ----------------------------------------- ----------- ------------
    Metric Name                               Metric Unit Metric Value
    ----------------------------------------- ----------- ------------
    Theoretical L1/TEX Cache Bytes Accessible                     9984
    L1/TEX Cache Frequency                            Ghz         1.71
    ----------------------------------------- ----------- ------------

    DRAM Roofline (Op:hmma Src:bf16 Dst:fp32 Sparsity:on)
    Peak Work
    ----------------------------- ----------- ------------
    Metric Name                   Metric Unit Metric Value
    ----------------------------- ----------- ------------
    SM Frequency                          Ghz         1.71
    Theoretical Tensor Operations     1/cycle        79872
    ----------------------------- ----------- ------------

    Peak Traffic
    --------------------------------- ----------- ------------
    Metric Name                       Metric Unit Metric Value
    --------------------------------- ----------- ------------
    Theoretical DRAM Bytes Accessible Kbyte/cycle         1.54
    DRAM Frequency                            Ghz         3.20
    --------------------------------- ----------- ------------

    L2 Cache Roofline (Op:hmma Src:bf16 Dst:fp32 Sparsity:on)
    Peak Work
    ----------------------------- ----------- ------------
    Metric Name                   Metric Unit Metric Value
    ----------------------------- ----------- ------------
    SM Frequency                          Ghz         1.71
    Theoretical Tensor Operations     1/cycle        79872
    ----------------------------- ----------- ------------

    Peak Traffic
    ------------------------------------- ----------- ------------
    Metric Name                           Metric Unit Metric Value
    ------------------------------------- ----------- ------------
    Theoretical L2 Cache Bytes Accessible       Kbyte         6.02
    L2 Cache Frequency                            Ghz         1.71
    ------------------------------------- ----------- ------------

    L1/TEX Cache Roofline (Op:hmma Src:bf16 Dst:fp32 Sparsity:on)
    Peak Work
    ----------------------------- ----------- ------------
    Metric Name                   Metric Unit Metric Value
    ----------------------------- ----------- ------------
    SM Frequency                          Ghz         1.71
    Theoretical Tensor Operations     1/cycle        79872
    ----------------------------- ----------- ------------

    Peak Traffic
    ----------------------------------------- ----------- ------------
    Metric Name                               Metric Unit Metric Value
    ----------------------------------------- ----------- ------------
    Theoretical L1/TEX Cache Bytes Accessible                     9984
    L1/TEX Cache Frequency                            Ghz         1.71
    ----------------------------------------- ----------- ------------

    DRAM Roofline (Op:hmma Src:fp16 Dst:fp16 Sparsity:off)
    Peak Work
    ----------------------------- ----------- ------------
    Metric Name                   Metric Unit Metric Value
    ----------------------------- ----------- ------------
    SM Frequency                          Ghz         1.71
    Theoretical Tensor Operations     1/cycle        53248
    ----------------------------- ----------- ------------

    Peak Traffic
    --------------------------------- ----------- ------------
    Metric Name                       Metric Unit Metric Value
    --------------------------------- ----------- ------------
    Theoretical DRAM Bytes Accessible Kbyte/cycle         1.54
    DRAM Frequency                            Ghz         3.20
    --------------------------------- ----------- ------------

    L2 Cache Roofline (Op:hmma Src:fp16 Dst:fp16 Sparsity:off)
    Peak Work
    ----------------------------- ----------- ------------
    Metric Name                   Metric Unit Metric Value
    ----------------------------- ----------- ------------
    SM Frequency                          Ghz         1.71
    Theoretical Tensor Operations     1/cycle        53248
    ----------------------------- ----------- ------------

    Peak Traffic
    ------------------------------------- ----------- ------------
    Metric Name                           Metric Unit Metric Value
    ------------------------------------- ----------- ------------
    Theoretical L2 Cache Bytes Accessible       Kbyte         6.02
    L2 Cache Frequency                            Ghz         1.71
    ------------------------------------- ----------- ------------

    L1/TEX Cache Roofline (Op:hmma Src:fp16 Dst:fp16 Sparsity:off)
    Peak Work
    ----------------------------- ----------- ------------
    Metric Name                   Metric Unit Metric Value
    ----------------------------- ----------- ------------
    SM Frequency                          Ghz         1.71
    Theoretical Tensor Operations     1/cycle        53248
    ----------------------------- ----------- ------------

    Peak Traffic
    ----------------------------------------- ----------- ------------
    Metric Name                               Metric Unit Metric Value
    ----------------------------------------- ----------- ------------
    Theoretical L1/TEX Cache Bytes Accessible                     9984
    L1/TEX Cache Frequency                            Ghz         1.71
    ----------------------------------------- ----------- ------------

    DRAM Roofline (Op:hmma Src:fp16 Dst:fp16 Sparsity:on)
    Peak Work
    ----------------------------- ----------- ------------
    Metric Name                   Metric Unit Metric Value
    ----------------------------- ----------- ------------
    SM Frequency                          Ghz         1.71
    Theoretical Tensor Operations     1/cycle        79872
    ----------------------------- ----------- ------------

    Peak Traffic
    --------------------------------- ----------- ------------
    Metric Name                       Metric Unit Metric Value
    --------------------------------- ----------- ------------
    Theoretical DRAM Bytes Accessible Kbyte/cycle         1.54
    DRAM Frequency                            Ghz         3.20
    --------------------------------- ----------- ------------

    L2 Cache Roofline (Op:hmma Src:fp16 Dst:fp16 Sparsity:on)
    Peak Work
    ----------------------------- ----------- ------------
    Metric Name                   Metric Unit Metric Value
    ----------------------------- ----------- ------------
    SM Frequency                          Ghz         1.71
    Theoretical Tensor Operations     1/cycle        79872
    ----------------------------- ----------- ------------

    Peak Traffic
    ------------------------------------- ----------- ------------
    Metric Name                           Metric Unit Metric Value
    ------------------------------------- ----------- ------------
    Theoretical L2 Cache Bytes Accessible       Kbyte         6.02
    L2 Cache Frequency                            Ghz         1.71
    ------------------------------------- ----------- ------------

    L1/TEX Cache Roofline (Op:hmma Src:fp16 Dst:fp16 Sparsity:on)
    Peak Work
    ----------------------------- ----------- ------------
    Metric Name                   Metric Unit Metric Value
    ----------------------------- ----------- ------------
    SM Frequency                          Ghz         1.71
    Theoretical Tensor Operations     1/cycle        79872
    ----------------------------- ----------- ------------

    Peak Traffic
    ----------------------------------------- ----------- ------------
    Metric Name                               Metric Unit Metric Value
    ----------------------------------------- ----------- ------------
    Theoretical L1/TEX Cache Bytes Accessible                     9984
    L1/TEX Cache Frequency                            Ghz         1.71
    ----------------------------------------- ----------- ------------

    DRAM Roofline (Op:hmma Src:fp16 Dst:fp32 Sparsity:off)
    Peak Work
    ----------------------------- ----------- ------------
    Metric Name                   Metric Unit Metric Value
    ----------------------------- ----------- ------------
    SM Frequency                          Ghz         1.71
    Theoretical Tensor Operations     1/cycle        53248
    ----------------------------- ----------- ------------

    Peak Traffic
    --------------------------------- ----------- ------------
    Metric Name                       Metric Unit Metric Value
    --------------------------------- ----------- ------------
    Theoretical DRAM Bytes Accessible Kbyte/cycle         1.54
    DRAM Frequency                            Ghz         3.20
    --------------------------------- ----------- ------------

    L2 Cache Roofline (Op:hmma Src:fp16 Dst:fp32 Sparsity:off)
    Peak Work
    ----------------------------- ----------- ------------
    Metric Name                   Metric Unit Metric Value
    ----------------------------- ----------- ------------
    SM Frequency                          Ghz         1.71
    Theoretical Tensor Operations     1/cycle        53248
    ----------------------------- ----------- ------------

    Peak Traffic
    ------------------------------------- ----------- ------------
    Metric Name                           Metric Unit Metric Value
    ------------------------------------- ----------- ------------
    Theoretical L2 Cache Bytes Accessible       Kbyte         6.02
    L2 Cache Frequency                            Ghz         1.71
    ------------------------------------- ----------- ------------

    L1/TEX Cache Roofline (Op:hmma Src:fp16 Dst:fp32 Sparsity:off)
    Peak Work
    ----------------------------- ----------- ------------
    Metric Name                   Metric Unit Metric Value
    ----------------------------- ----------- ------------
    SM Frequency                          Ghz         1.71
    Theoretical Tensor Operations     1/cycle        53248
    ----------------------------- ----------- ------------

    Peak Traffic
    ----------------------------------------- ----------- ------------
    Metric Name                               Metric Unit Metric Value
    ----------------------------------------- ----------- ------------
    Theoretical L1/TEX Cache Bytes Accessible                     9984
    L1/TEX Cache Frequency                            Ghz         1.71
    ----------------------------------------- ----------- ------------

    DRAM Roofline (Op:hmma Src:fp16 Dst:fp32 Sparsity:on)
    Peak Work
    ----------------------------- ----------- ------------
    Metric Name                   Metric Unit Metric Value
    ----------------------------- ----------- ------------
    SM Frequency                          Ghz         1.71
    Theoretical Tensor Operations     1/cycle        79872
    ----------------------------- ----------- ------------

    Peak Traffic
    --------------------------------- ----------- ------------
    Metric Name                       Metric Unit Metric Value
    --------------------------------- ----------- ------------
    Theoretical DRAM Bytes Accessible Kbyte/cycle         1.54
    DRAM Frequency                            Ghz         3.20
    --------------------------------- ----------- ------------

    L2 Cache Roofline (Op:hmma Src:fp16 Dst:fp32 Sparsity:on)
    Peak Work
    ----------------------------- ----------- ------------
    Metric Name                   Metric Unit Metric Value
    ----------------------------- ----------- ------------
    SM Frequency                          Ghz         1.71
    Theoretical Tensor Operations     1/cycle        79872
    ----------------------------- ----------- ------------

    Peak Traffic
    ------------------------------------- ----------- ------------
    Metric Name                           Metric Unit Metric Value
    ------------------------------------- ----------- ------------
    Theoretical L2 Cache Bytes Accessible       Kbyte         6.02
    L2 Cache Frequency                            Ghz         1.71
    ------------------------------------- ----------- ------------

    L1/TEX Cache Roofline (Op:hmma Src:fp16 Dst:fp32 Sparsity:on)
    Peak Work
    ----------------------------- ----------- ------------
    Metric Name                   Metric Unit Metric Value
    ----------------------------- ----------- ------------
    SM Frequency                          Ghz         1.71
    Theoretical Tensor Operations     1/cycle        79872
    ----------------------------- ----------- ------------

    Peak Traffic
    ----------------------------------------- ----------- ------------
    Metric Name                               Metric Unit Metric Value
    ----------------------------------------- ----------- ------------
    Theoretical L1/TEX Cache Bytes Accessible                     9984
    L1/TEX Cache Frequency                            Ghz         1.71
    ----------------------------------------- ----------- ------------

    DRAM Roofline (Op:hmma Src:tf32 Dst:fp32 Sparsity:off)
    Peak Work
    ----------------------------- ----------- ------------
    Metric Name                   Metric Unit Metric Value
    ----------------------------- ----------- ------------
    SM Frequency                          Ghz         1.71
    Theoretical Tensor Operations     1/cycle        26624
    ----------------------------- ----------- ------------

    Peak Traffic
    --------------------------------- ----------- ------------
    Metric Name                       Metric Unit Metric Value
    --------------------------------- ----------- ------------
    Theoretical DRAM Bytes Accessible Kbyte/cycle         1.54
    DRAM Frequency                            Ghz         3.20
    --------------------------------- ----------- ------------

    L2 Cache Roofline (Op:hmma Src:tf32 Dst:fp32 Sparsity:off)
    Peak Work
    ----------------------------- ----------- ------------
    Metric Name                   Metric Unit Metric Value
    ----------------------------- ----------- ------------
    SM Frequency                          Ghz         1.71
    Theoretical Tensor Operations     1/cycle        26624
    ----------------------------- ----------- ------------

    Peak Traffic
    ------------------------------------- ----------- ------------
    Metric Name                           Metric Unit Metric Value
    ------------------------------------- ----------- ------------
    Theoretical L2 Cache Bytes Accessible       Kbyte         6.02
    L2 Cache Frequency                            Ghz         1.71
    ------------------------------------- ----------- ------------

    L1/TEX Cache Roofline (Op:hmma Src:tf32 Dst:fp32 Sparsity:off)
    Peak Work
    ----------------------------- ----------- ------------
    Metric Name                   Metric Unit Metric Value
    ----------------------------- ----------- ------------
    SM Frequency                          Ghz         1.71
    Theoretical Tensor Operations     1/cycle        26624
    ----------------------------- ----------- ------------

    Peak Traffic
    ----------------------------------------- ----------- ------------
    Metric Name                               Metric Unit Metric Value
    ----------------------------------------- ----------- ------------
    Theoretical L1/TEX Cache Bytes Accessible                     9984
    L1/TEX Cache Frequency                            Ghz         1.71
    ----------------------------------------- ----------- ------------

    DRAM Roofline (Op:hmma Src:tf32 Dst:fp32 Sparsity:on)
    Peak Work
    ----------------------------- ----------- ------------
    Metric Name                   Metric Unit Metric Value
    ----------------------------- ----------- ------------
    SM Frequency                          Ghz         1.71
    Theoretical Tensor Operations     1/cycle        39936
    ----------------------------- ----------- ------------

    Peak Traffic
    --------------------------------- ----------- ------------
    Metric Name                       Metric Unit Metric Value
    --------------------------------- ----------- ------------
    Theoretical DRAM Bytes Accessible Kbyte/cycle         1.54
    DRAM Frequency                            Ghz         3.20
    --------------------------------- ----------- ------------

    L2 Cache Roofline (Op:hmma Src:tf32 Dst:fp32 Sparsity:on)
    Peak Work
    ----------------------------- ----------- ------------
    Metric Name                   Metric Unit Metric Value
    ----------------------------- ----------- ------------
    SM Frequency                          Ghz         1.71
    Theoretical Tensor Operations     1/cycle        39936
    ----------------------------- ----------- ------------

    Peak Traffic
    ------------------------------------- ----------- ------------
    Metric Name                           Metric Unit Metric Value
    ------------------------------------- ----------- ------------
    Theoretical L2 Cache Bytes Accessible       Kbyte         6.02
    L2 Cache Frequency                            Ghz         1.71
    ------------------------------------- ----------- ------------

    L1/TEX Cache Roofline (Op:hmma Src:tf32 Dst:fp32 Sparsity:on)
    Peak Work
    ----------------------------- ----------- ------------
    Metric Name                   Metric Unit Metric Value
    ----------------------------- ----------- ------------
    SM Frequency                          Ghz         1.71
    Theoretical Tensor Operations     1/cycle        39936
    ----------------------------- ----------- ------------

    Peak Traffic
    ----------------------------------------- ----------- ------------
    Metric Name                               Metric Unit Metric Value
    ----------------------------------------- ----------- ------------
    Theoretical L1/TEX Cache Bytes Accessible                     9984
    L1/TEX Cache Frequency                            Ghz         1.71
    ----------------------------------------- ----------- ------------

    DRAM Roofline (Op:igmma Src:int8 Sparsity:off)
    Peak Work
    ----------------------------- ----------- ------------
    Metric Name                   Metric Unit Metric Value
    ----------------------------- ----------- ------------
    SM Frequency                          Ghz         1.71
    Theoretical Tensor Operations     1/cycle       159744
    ----------------------------- ----------- ------------

    Peak Traffic
    --------------------------------- ----------- ------------
    Metric Name                       Metric Unit Metric Value
    --------------------------------- ----------- ------------
    Theoretical DRAM Bytes Accessible Kbyte/cycle         1.54
    DRAM Frequency                            Ghz         3.20
    --------------------------------- ----------- ------------

    L2 Cache Roofline (Op:igmma Src:int8 Sparsity:off)
    Peak Work
    ----------------------------- ----------- ------------
    Metric Name                   Metric Unit Metric Value
    ----------------------------- ----------- ------------
    SM Frequency                          Ghz         1.71
    Theoretical Tensor Operations     1/cycle       159744
    ----------------------------- ----------- ------------

    Peak Traffic
    ------------------------------------- ----------- ------------
    Metric Name                           Metric Unit Metric Value
    ------------------------------------- ----------- ------------
    Theoretical L2 Cache Bytes Accessible       Kbyte         6.02
    L2 Cache Frequency                            Ghz         1.71
    ------------------------------------- ----------- ------------

    L1/TEX Cache Roofline (Op:igmma Src:int8 Sparsity:off)
    Peak Work
    ----------------------------- ----------- ------------
    Metric Name                   Metric Unit Metric Value
    ----------------------------- ----------- ------------
    SM Frequency                          Ghz         1.71
    Theoretical Tensor Operations     1/cycle       159744
    ----------------------------- ----------- ------------

    Peak Traffic
    ----------------------------------------- ----------- ------------
    Metric Name                               Metric Unit Metric Value
    ----------------------------------------- ----------- ------------
    Theoretical L1/TEX Cache Bytes Accessible                     9984
    L1/TEX Cache Frequency                            Ghz         1.71
    ----------------------------------------- ----------- ------------

    DRAM Roofline (Op:igmma Src:int8 Sparsity:on)
    Peak Work
    ----------------------------- ----------- ------------
    Metric Name                   Metric Unit Metric Value
    ----------------------------- ----------- ------------
    SM Frequency                          Ghz         1.71
    Theoretical Tensor Operations     1/cycle       319488
    ----------------------------- ----------- ------------

    Peak Traffic
    --------------------------------- ----------- ------------
    Metric Name                       Metric Unit Metric Value
    --------------------------------- ----------- ------------
    Theoretical DRAM Bytes Accessible Kbyte/cycle         1.54
    DRAM Frequency                            Ghz         3.20
    --------------------------------- ----------- ------------

    L2 Cache Roofline (Op:igmma Src:int8 Sparsity:on)
    Peak Work
    ----------------------------- ----------- ------------
    Metric Name                   Metric Unit Metric Value
    ----------------------------- ----------- ------------
    SM Frequency                          Ghz         1.71
    Theoretical Tensor Operations     1/cycle       319488
    ----------------------------- ----------- ------------

    Peak Traffic
    ------------------------------------- ----------- ------------
    Metric Name                           Metric Unit Metric Value
    ------------------------------------- ----------- ------------
    Theoretical L2 Cache Bytes Accessible       Kbyte         6.02
    L2 Cache Frequency                            Ghz         1.71
    ------------------------------------- ----------- ------------

    L1/TEX Cache Roofline (Op:igmma Src:int8 Sparsity:on)
    Peak Work
    ----------------------------- ----------- ------------
    Metric Name                   Metric Unit Metric Value
    ----------------------------- ----------- ------------
    SM Frequency                          Ghz         1.71
    Theoretical Tensor Operations     1/cycle       319488
    ----------------------------- ----------- ------------

    Peak Traffic
    ----------------------------------------- ----------- ------------
    Metric Name                               Metric Unit Metric Value
    ----------------------------------------- ----------- ------------
    Theoretical L1/TEX Cache Bytes Accessible                     9984
    L1/TEX Cache Frequency                            Ghz         1.71
    ----------------------------------------- ----------- ------------

    DRAM Roofline (Op:imma Src:int8 Sparsity:off)
    Peak Work
    ----------------------------- ----------- ------------
    Metric Name                   Metric Unit Metric Value
    ----------------------------- ----------- ------------
    SM Frequency                          Ghz         1.71
    Theoretical Tensor Operations     1/cycle       106496
    ----------------------------- ----------- ------------

    Peak Traffic
    --------------------------------- ----------- ------------
    Metric Name                       Metric Unit Metric Value
    --------------------------------- ----------- ------------
    Theoretical DRAM Bytes Accessible Kbyte/cycle         1.54
    DRAM Frequency                            Ghz         3.20
    --------------------------------- ----------- ------------

    L2 Cache Roofline (Op:imma Src:int8 Sparsity:off)
    Peak Work
    ----------------------------- ----------- ------------
    Metric Name                   Metric Unit Metric Value
    ----------------------------- ----------- ------------
    SM Frequency                          Ghz         1.71
    Theoretical Tensor Operations     1/cycle       106496
    ----------------------------- ----------- ------------

    Peak Traffic
    ------------------------------------- ----------- ------------
    Metric Name                           Metric Unit Metric Value
    ------------------------------------- ----------- ------------
    Theoretical L2 Cache Bytes Accessible       Kbyte         6.02
    L2 Cache Frequency                            Ghz         1.71
    ------------------------------------- ----------- ------------

    L1/TEX Cache Roofline (Op:imma Src:int8 Sparsity:off)
    Peak Work
    ----------------------------- ----------- ------------
    Metric Name                   Metric Unit Metric Value
    ----------------------------- ----------- ------------
    SM Frequency                          Ghz         1.71
    Theoretical Tensor Operations     1/cycle       106496
    ----------------------------- ----------- ------------

    Peak Traffic
    ----------------------------------------- ----------- ------------
    Metric Name                               Metric Unit Metric Value
    ----------------------------------------- ----------- ------------
    Theoretical L1/TEX Cache Bytes Accessible                     9984
    L1/TEX Cache Frequency                            Ghz         1.71
    ----------------------------------------- ----------- ------------

    DRAM Roofline (Op:imma Src:int8 Sparsity:on)
    Peak Work
    ----------------------------- ----------- ------------
    Metric Name                   Metric Unit Metric Value
    ----------------------------- ----------- ------------
    SM Frequency                          Ghz         1.71
    Theoretical Tensor Operations     1/cycle       159744
    ----------------------------- ----------- ------------

    Peak Traffic
    --------------------------------- ----------- ------------
    Metric Name                       Metric Unit Metric Value
    --------------------------------- ----------- ------------
    Theoretical DRAM Bytes Accessible Kbyte/cycle         1.54
    DRAM Frequency                            Ghz         3.20
    --------------------------------- ----------- ------------

    L2 Cache Roofline (Op:imma Src:int8 Sparsity:on)
    Peak Work
    ----------------------------- ----------- ------------
    Metric Name                   Metric Unit Metric Value
    ----------------------------- ----------- ------------
    SM Frequency                          Ghz         1.71
    Theoretical Tensor Operations     1/cycle       159744
    ----------------------------- ----------- ------------

    Peak Traffic
    ------------------------------------- ----------- ------------
    Metric Name                           Metric Unit Metric Value
    ------------------------------------- ----------- ------------
    Theoretical L2 Cache Bytes Accessible       Kbyte         6.02
    L2 Cache Frequency                            Ghz         1.71
    ------------------------------------- ----------- ------------

    L1/TEX Cache Roofline (Op:imma Src:int8 Sparsity:on)
    Peak Work
    ----------------------------- ----------- ------------
    Metric Name                   Metric Unit Metric Value
    ----------------------------- ----------- ------------
    SM Frequency                          Ghz         1.71
    Theoretical Tensor Operations     1/cycle       159744
    ----------------------------- ----------- ------------

    Peak Traffic
    ----------------------------------------- ----------- ------------
    Metric Name                               Metric Unit Metric Value
    ----------------------------------------- ----------- ------------
    Theoretical L1/TEX Cache Bytes Accessible                     9984
    L1/TEX Cache Frequency                            Ghz         1.71
    ----------------------------------------- ----------- ------------

    DRAM Roofline (Src:bf16 Dst:fp32)
    Peak Work
    ----------------------------- ----------- ------------
    Metric Name                   Metric Unit Metric Value
    ----------------------------- ----------- ------------
    SM Frequency                          Ghz         1.71
    Theoretical Tensor Operations     1/cycle       159744
    ----------------------------- ----------- ------------

    Peak Traffic
    --------------------------------- ----------- ------------
    Metric Name                       Metric Unit Metric Value
    --------------------------------- ----------- ------------
    Theoretical DRAM Bytes Accessible Kbyte/cycle         1.54
    DRAM Frequency                            Ghz         3.20
    --------------------------------- ----------- ------------

    L2 Cache Roofline (Src:bf16 Dst:fp32)
    Peak Work
    ----------------------------- ----------- ------------
    Metric Name                   Metric Unit Metric Value
    ----------------------------- ----------- ------------
    SM Frequency                          Ghz         1.71
    Theoretical Tensor Operations     1/cycle       159744
    ----------------------------- ----------- ------------

    Peak Traffic
    ------------------------------------- ----------- ------------
    Metric Name                           Metric Unit Metric Value
    ------------------------------------- ----------- ------------
    Theoretical L2 Cache Bytes Accessible       Kbyte         6.02
    L2 Cache Frequency                            Ghz         1.71
    ------------------------------------- ----------- ------------

    L1/TEX Cache Roofline (Src:bf16 Dst:fp32)
    Peak Work
    ----------------------------- ----------- ------------
    Metric Name                   Metric Unit Metric Value
    ----------------------------- ----------- ------------
    SM Frequency                          Ghz         1.71
    Theoretical Tensor Operations     1/cycle       159744
    ----------------------------- ----------- ------------

    Peak Traffic
    ----------------------------------------- ----------- ------------
    Metric Name                               Metric Unit Metric Value
    ----------------------------------------- ----------- ------------
    Theoretical L1/TEX Cache Bytes Accessible                     9984
    L1/TEX Cache Frequency                            Ghz         1.71
    ----------------------------------------- ----------- ------------

    DRAM Roofline (Src:fp16)
    Peak Work
    ----------------------------- ----------- ------------
    Metric Name                   Metric Unit Metric Value
    ----------------------------- ----------- ------------
    SM Frequency                          Ghz         1.71
    Theoretical Tensor Operations     1/cycle       159744
    ----------------------------- ----------- ------------

    Peak Traffic
    --------------------------------- ----------- ------------
    Metric Name                       Metric Unit Metric Value
    --------------------------------- ----------- ------------
    Theoretical DRAM Bytes Accessible Kbyte/cycle         1.54
    DRAM Frequency                            Ghz         3.20
    --------------------------------- ----------- ------------

    L2 Cache Roofline (Src:fp16)
    Peak Work
    ----------------------------- ----------- ------------
    Metric Name                   Metric Unit Metric Value
    ----------------------------- ----------- ------------
    SM Frequency                          Ghz         1.71
    Theoretical Tensor Operations     1/cycle       159744
    ----------------------------- ----------- ------------

    Peak Traffic
    ------------------------------------- ----------- ------------
    Metric Name                           Metric Unit Metric Value
    ------------------------------------- ----------- ------------
    Theoretical L2 Cache Bytes Accessible       Kbyte         6.02
    L2 Cache Frequency                            Ghz         1.71
    ------------------------------------- ----------- ------------

    L1/TEX Cache Roofline (Src:fp16)
    Peak Work
    ----------------------------- ----------- ------------
    Metric Name                   Metric Unit Metric Value
    ----------------------------- ----------- ------------
    SM Frequency                          Ghz         1.71
    Theoretical Tensor Operations     1/cycle       159744
    ----------------------------- ----------- ------------

    Peak Traffic
    ----------------------------------------- ----------- ------------
    Metric Name                               Metric Unit Metric Value
    ----------------------------------------- ----------- ------------
    Theoretical L1/TEX Cache Bytes Accessible                     9984
    L1/TEX Cache Frequency                            Ghz         1.71
    ----------------------------------------- ----------- ------------

    DRAM Roofline (Src:fp64)
    Peak Work
    ----------------------------- ----------- ------------
    Metric Name                   Metric Unit Metric Value
    ----------------------------- ----------- ------------
    SM Frequency                          Ghz         1.71
    Theoretical Tensor Operations     1/cycle          312
    ----------------------------- ----------- ------------

    Peak Traffic
    --------------------------------- ----------- ------------
    Metric Name                       Metric Unit Metric Value
    --------------------------------- ----------- ------------
    Theoretical DRAM Bytes Accessible Kbyte/cycle         1.54
    DRAM Frequency                            Ghz         3.20
    --------------------------------- ----------- ------------

    L2 Cache Roofline (Src:fp64)
    Peak Work
    ----------------------------- ----------- ------------
    Metric Name                   Metric Unit Metric Value
    ----------------------------- ----------- ------------
    SM Frequency                          Ghz         1.71
    Theoretical Tensor Operations     1/cycle          312
    ----------------------------- ----------- ------------

    Peak Traffic
    ------------------------------------- ----------- ------------
    Metric Name                           Metric Unit Metric Value
    ------------------------------------- ----------- ------------
    Theoretical L2 Cache Bytes Accessible       Kbyte         6.02
    L2 Cache Frequency                            Ghz         1.71
    ------------------------------------- ----------- ------------

    L1/TEX Cache Roofline (Src:fp64)
    Peak Work
    ----------------------------- ----------- ------------
    Metric Name                   Metric Unit Metric Value
    ----------------------------- ----------- ------------
    SM Frequency                          Ghz         1.71
    Theoretical Tensor Operations     1/cycle          312
    ----------------------------- ----------- ------------

    Peak Traffic
    ----------------------------------------- ----------- ------------
    Metric Name                               Metric Unit Metric Value
    ----------------------------------------- ----------- ------------
    Theoretical L1/TEX Cache Bytes Accessible                     9984
    L1/TEX Cache Frequency                            Ghz         1.71
    ----------------------------------------- ----------- ------------

    DRAM Roofline (Src:fp8 Sparsity:off)
    Peak Work
    ----------------------------- ----------- ------------
    Metric Name                   Metric Unit Metric Value
    ----------------------------- ----------- ------------
    SM Frequency                          Ghz         1.71
    Theoretical Tensor Operations     1/cycle       159744
    ----------------------------- ----------- ------------

    Peak Traffic
    --------------------------------- ----------- ------------
    Metric Name                       Metric Unit Metric Value
    --------------------------------- ----------- ------------
    Theoretical DRAM Bytes Accessible Kbyte/cycle         1.54
    DRAM Frequency                            Ghz         3.20
    --------------------------------- ----------- ------------

    L2 Cache Roofline (Src:fp8 Sparsity:off)
    Peak Work
    ----------------------------- ----------- ------------
    Metric Name                   Metric Unit Metric Value
    ----------------------------- ----------- ------------
    SM Frequency                          Ghz         1.71
    Theoretical Tensor Operations     1/cycle       159744
    ----------------------------- ----------- ------------

    Peak Traffic
    ------------------------------------- ----------- ------------
    Metric Name                           Metric Unit Metric Value
    ------------------------------------- ----------- ------------
    Theoretical L2 Cache Bytes Accessible       Kbyte         6.02
    L2 Cache Frequency                            Ghz         1.71
    ------------------------------------- ----------- ------------

    L1/TEX Cache Roofline (Src:fp8 Sparsity:off)
    Peak Work
    ----------------------------- ----------- ------------
    Metric Name                   Metric Unit Metric Value
    ----------------------------- ----------- ------------
    SM Frequency                          Ghz         1.71
    Theoretical Tensor Operations     1/cycle       159744
    ----------------------------- ----------- ------------

    Peak Traffic
    ----------------------------------------- ----------- ------------
    Metric Name                               Metric Unit Metric Value
    ----------------------------------------- ----------- ------------
    Theoretical L1/TEX Cache Bytes Accessible                     9984
    L1/TEX Cache Frequency                            Ghz         1.71
    ----------------------------------------- ----------- ------------

    DRAM Roofline (Src:fp8 Sparsity:on)
    Peak Work
    ----------------------------- ----------- ------------
    Metric Name                   Metric Unit Metric Value
    ----------------------------- ----------- ------------
    SM Frequency                          Ghz         1.71
    Theoretical Tensor Operations     1/cycle       319488
    ----------------------------- ----------- ------------

    Peak Traffic
    --------------------------------- ----------- ------------
    Metric Name                       Metric Unit Metric Value
    --------------------------------- ----------- ------------
    Theoretical DRAM Bytes Accessible Kbyte/cycle         1.54
    DRAM Frequency                            Ghz         3.20
    --------------------------------- ----------- ------------

    L2 Cache Roofline (Src:fp8 Sparsity:on)
    Peak Work
    ----------------------------- ----------- ------------
    Metric Name                   Metric Unit Metric Value
    ----------------------------- ----------- ------------
    SM Frequency                          Ghz         1.71
    Theoretical Tensor Operations     1/cycle       319488
    ----------------------------- ----------- ------------

    Peak Traffic
    ------------------------------------- ----------- ------------
    Metric Name                           Metric Unit Metric Value
    ------------------------------------- ----------- ------------
    Theoretical L2 Cache Bytes Accessible       Kbyte         6.02
    L2 Cache Frequency                            Ghz         1.71
    ------------------------------------- ----------- ------------

    L1/TEX Cache Roofline (Src:fp8 Sparsity:on)
    Peak Work
    ----------------------------- ----------- ------------
    Metric Name                   Metric Unit Metric Value
    ----------------------------- ----------- ------------
    SM Frequency                          Ghz         1.71
    Theoretical Tensor Operations     1/cycle       319488
    ----------------------------- ----------- ------------

    Peak Traffic
    ----------------------------------------- ----------- ------------
    Metric Name                               Metric Unit Metric Value
    ----------------------------------------- ----------- ------------
    Theoretical L1/TEX Cache Bytes Accessible                     9984
    L1/TEX Cache Frequency                            Ghz         1.71
    ----------------------------------------- ----------- ------------

    DRAM Roofline (Src:int1)
    Peak Work
    ----------------------------- ----------- ------------
    Metric Name                   Metric Unit Metric Value
    ----------------------------- ----------- ------------
    SM Frequency                          Ghz         1.71
    Theoretical Tensor Operations     1/cycle      1277952
    ----------------------------- ----------- ------------

    Peak Traffic
    --------------------------------- ----------- ------------
    Metric Name                       Metric Unit Metric Value
    --------------------------------- ----------- ------------
    Theoretical DRAM Bytes Accessible Kbyte/cycle         1.54
    DRAM Frequency                            Ghz         3.20
    --------------------------------- ----------- ------------

    L2 Cache Roofline (Src:int1)
    Peak Work
    ----------------------------- ----------- ------------
    Metric Name                   Metric Unit Metric Value
    ----------------------------- ----------- ------------
    SM Frequency                          Ghz         1.71
    Theoretical Tensor Operations     1/cycle      1277952
    ----------------------------- ----------- ------------

    Peak Traffic
    ------------------------------------- ----------- ------------
    Metric Name                           Metric Unit Metric Value
    ------------------------------------- ----------- ------------
    Theoretical L2 Cache Bytes Accessible       Kbyte         6.02
    L2 Cache Frequency                            Ghz         1.71
    ------------------------------------- ----------- ------------

    L1/TEX Cache Roofline (Src:int1)
    Peak Work
    ----------------------------- ----------- ------------
    Metric Name                   Metric Unit Metric Value
    ----------------------------- ----------- ------------
    SM Frequency                          Ghz         1.71
    Theoretical Tensor Operations     1/cycle      1277952
    ----------------------------- ----------- ------------

    Peak Traffic
    ----------------------------------------- ----------- ------------
    Metric Name                               Metric Unit Metric Value
    ----------------------------------------- ----------- ------------
    Theoretical L1/TEX Cache Bytes Accessible                     9984
    L1/TEX Cache Frequency                            Ghz         1.71
    ----------------------------------------- ----------- ------------

    DRAM Roofline (Src:int8)
    Peak Work
    ----------------------------- ----------- ------------
    Metric Name                   Metric Unit Metric Value
    ----------------------------- ----------- ------------
    SM Frequency                          Ghz         1.71
    Theoretical Tensor Operations     1/cycle       319488
    ----------------------------- ----------- ------------

    Peak Traffic
    --------------------------------- ----------- ------------
    Metric Name                       Metric Unit Metric Value
    --------------------------------- ----------- ------------
    Theoretical DRAM Bytes Accessible Kbyte/cycle         1.54
    DRAM Frequency                            Ghz         3.20
    --------------------------------- ----------- ------------

    L2 Cache Roofline (Src:int8)
    Peak Work
    ----------------------------- ----------- ------------
    Metric Name                   Metric Unit Metric Value
    ----------------------------- ----------- ------------
    SM Frequency                          Ghz         1.71
    Theoretical Tensor Operations     1/cycle       319488
    ----------------------------- ----------- ------------

    Peak Traffic
    ------------------------------------- ----------- ------------
    Metric Name                           Metric Unit Metric Value
    ------------------------------------- ----------- ------------
    Theoretical L2 Cache Bytes Accessible       Kbyte         6.02
    L2 Cache Frequency                            Ghz         1.71
    ------------------------------------- ----------- ------------

    L1/TEX Cache Roofline (Src:int8)
    Peak Work
    ----------------------------- ----------- ------------
    Metric Name                   Metric Unit Metric Value
    ----------------------------- ----------- ------------
    SM Frequency                          Ghz         1.71
    Theoretical Tensor Operations     1/cycle       319488
    ----------------------------- ----------- ------------

    Peak Traffic
    ----------------------------------------- ----------- ------------
    Metric Name                               Metric Unit Metric Value
    ----------------------------------------- ----------- ------------
    Theoretical L1/TEX Cache Bytes Accessible                     9984
    L1/TEX Cache Frequency                            Ghz         1.71
    ----------------------------------------- ----------- ------------

    DRAM Roofline (Src:tf32 Dst:fp32)
    Peak Work
    ----------------------------- ----------- ------------
    Metric Name                   Metric Unit Metric Value
    ----------------------------- ----------- ------------
    SM Frequency                          Ghz         1.71
    Theoretical Tensor Operations     1/cycle        79872
    ----------------------------- ----------- ------------

    Peak Traffic
    --------------------------------- ----------- ------------
    Metric Name                       Metric Unit Metric Value
    --------------------------------- ----------- ------------
    Theoretical DRAM Bytes Accessible Kbyte/cycle         1.54
    DRAM Frequency                            Ghz         3.20
    --------------------------------- ----------- ------------

    L2 Cache Roofline (Src:tf32 Dst:fp32)
    Peak Work
    ----------------------------- ----------- ------------
    Metric Name                   Metric Unit Metric Value
    ----------------------------- ----------- ------------
    SM Frequency                          Ghz         1.71
    Theoretical Tensor Operations     1/cycle        79872
    ----------------------------- ----------- ------------

    Peak Traffic
    ------------------------------------- ----------- ------------
    Metric Name                           Metric Unit Metric Value
    ------------------------------------- ----------- ------------
    Theoretical L2 Cache Bytes Accessible       Kbyte         6.02
    L2 Cache Frequency                            Ghz         1.71
    ------------------------------------- ----------- ------------

    L1/TEX Cache Roofline (Src:tf32 Dst:fp32)
    Peak Work
    ----------------------------- ----------- ------------
    Metric Name                   Metric Unit Metric Value
    ----------------------------- ----------- ------------
    SM Frequency                          Ghz         1.71
    Theoretical Tensor Operations     1/cycle        79872
    ----------------------------- ----------- ------------

    Peak Traffic
    ----------------------------------------- ----------- ------------
    Metric Name                               Metric Unit Metric Value
    ----------------------------------------- ----------- ------------
    Theoretical L1/TEX Cache Bytes Accessible                     9984
    L1/TEX Cache Frequency                            Ghz         1.71
    ----------------------------------------- ----------- ------------

    DRAM Achieved Value (Op:bgmma Src:int1)
    Achieved Work
    --------------------------- ----------- ------------
    Metric Name                 Metric Unit Metric Value
    --------------------------- ----------- ------------
    SM Frequency                        Ghz         1.71
    Tensor Operations Per Cycle     1/cycle            0
    --------------------------- ----------- ------------

    Achieved Traffic
    -------------- ----------- ------------
    Metric Name    Metric Unit Metric Value
    -------------- ----------- ------------
    DRAM Bandwidth     Tbyte/s         2.57
    -------------- ----------- ------------

    L2 Cache Achieved Value (Op:bgmma Src:int1)
    Achieved Work
    --------------------------- ----------- ------------
    Metric Name                 Metric Unit Metric Value
    --------------------------- ----------- ------------
    SM Frequency                        Ghz         1.71
    Tensor Operations Per Cycle     1/cycle            0
    --------------------------- ----------- ------------

    Achieved Traffic
    ------------------ ----------- ------------
    Metric Name        Metric Unit Metric Value
    ------------------ ----------- ------------
    L2 Cache Bandwidth       Tbyte         3.00
    ------------------ ----------- ------------

    L1/TEX Cache Achieved Value (Op:bgmma Src:int1)
    Achieved Work
    --------------------------- ----------- ------------
    Metric Name                 Metric Unit Metric Value
    --------------------------- ----------- ------------
    SM Frequency                        Ghz         1.71
    Tensor Operations Per Cycle     1/cycle            0
    --------------------------- ----------- ------------

    Achieved Traffic
    ---------------------- ----------- ---------------
    Metric Name            Metric Unit    Metric Value
    ---------------------- ----------- ---------------
    L1/TEX Cache Bandwidth             818176081858.88
    ---------------------- ----------- ---------------

    DRAM Achieved Value (Op:bmma Src:int1)
    Achieved Work
    --------------------------- ----------- ------------
    Metric Name                 Metric Unit Metric Value
    --------------------------- ----------- ------------
    SM Frequency                        Ghz         1.71
    Tensor Operations Per Cycle     1/cycle            0
    --------------------------- ----------- ------------

    Achieved Traffic
    -------------- ----------- ------------
    Metric Name    Metric Unit Metric Value
    -------------- ----------- ------------
    DRAM Bandwidth     Tbyte/s         2.57
    -------------- ----------- ------------

    L2 Cache Achieved Value (Op:bmma Src:int1)
    Achieved Work
    --------------------------- ----------- ------------
    Metric Name                 Metric Unit Metric Value
    --------------------------- ----------- ------------
    SM Frequency                        Ghz         1.71
    Tensor Operations Per Cycle     1/cycle            0
    --------------------------- ----------- ------------

    Achieved Traffic
    ------------------ ----------- ------------
    Metric Name        Metric Unit Metric Value
    ------------------ ----------- ------------
    L2 Cache Bandwidth       Tbyte         3.00
    ------------------ ----------- ------------

    L1/TEX Cache Achieved Value (Op:bmma Src:int1)
    Achieved Work
    --------------------------- ----------- ------------
    Metric Name                 Metric Unit Metric Value
    --------------------------- ----------- ------------
    SM Frequency                        Ghz         1.71
    Tensor Operations Per Cycle     1/cycle            0
    --------------------------- ----------- ------------

    Achieved Traffic
    ---------------------- ----------- ---------------
    Metric Name            Metric Unit    Metric Value
    ---------------------- ----------- ---------------
    L1/TEX Cache Bandwidth             818176081858.88
    ---------------------- ----------- ---------------

    DRAM Achieved Value (Op:hgmma Src:bf16 Dst:fp32 Sparsity:off)
    Achieved Work
    --------------------------- ----------- ------------
    Metric Name                 Metric Unit Metric Value
    --------------------------- ----------- ------------
    SM Frequency                        Ghz         1.71
    Tensor Operations Per Cycle     1/cycle            0
    --------------------------- ----------- ------------

    Achieved Traffic
    -------------- ----------- ------------
    Metric Name    Metric Unit Metric Value
    -------------- ----------- ------------
    DRAM Bandwidth     Tbyte/s         2.57
    -------------- ----------- ------------

    L2 Cache Achieved Value (Op:hgmma Src:bf16 Dst:fp32 Sparsity:off)
    Achieved Work
    --------------------------- ----------- ------------
    Metric Name                 Metric Unit Metric Value
    --------------------------- ----------- ------------
    SM Frequency                        Ghz         1.71
    Tensor Operations Per Cycle     1/cycle            0
    --------------------------- ----------- ------------

    Achieved Traffic
    ------------------ ----------- ------------
    Metric Name        Metric Unit Metric Value
    ------------------ ----------- ------------
    L2 Cache Bandwidth       Tbyte         3.00
    ------------------ ----------- ------------

    L1/TEX Cache Achieved Value (Op:hgmma Src:bf16 Dst:fp32 Sparsity:off)
    Achieved Work
    --------------------------- ----------- ------------
    Metric Name                 Metric Unit Metric Value
    --------------------------- ----------- ------------
    SM Frequency                        Ghz         1.71
    Tensor Operations Per Cycle     1/cycle            0
    --------------------------- ----------- ------------

    Achieved Traffic
    ---------------------- ----------- ---------------
    Metric Name            Metric Unit    Metric Value
    ---------------------- ----------- ---------------
    L1/TEX Cache Bandwidth             818176081858.88
    ---------------------- ----------- ---------------

    DRAM Achieved Value (Op:hgmma Src:bf16 Dst:fp32 Sparsity:on)
    Achieved Work
    --------------------------- ----------- ------------
    Metric Name                 Metric Unit Metric Value
    --------------------------- ----------- ------------
    SM Frequency                        Ghz         1.71
    Tensor Operations Per Cycle     1/cycle            0
    --------------------------- ----------- ------------

    Achieved Traffic
    -------------- ----------- ------------
    Metric Name    Metric Unit Metric Value
    -------------- ----------- ------------
    DRAM Bandwidth     Tbyte/s         2.57
    -------------- ----------- ------------

    L2 Cache Achieved Value (Op:hgmma Src:bf16 Dst:fp32 Sparsity:on)
    Achieved Work
    --------------------------- ----------- ------------
    Metric Name                 Metric Unit Metric Value
    --------------------------- ----------- ------------
    SM Frequency                        Ghz         1.71
    Tensor Operations Per Cycle     1/cycle            0
    --------------------------- ----------- ------------

    Achieved Traffic
    ------------------ ----------- ------------
    Metric Name        Metric Unit Metric Value
    ------------------ ----------- ------------
    L2 Cache Bandwidth       Tbyte         3.00
    ------------------ ----------- ------------

    L1/TEX Cache Achieved Value (Op:hgmma Src:bf16 Dst:fp32 Sparsity:on)
    Achieved Work
    --------------------------- ----------- ------------
    Metric Name                 Metric Unit Metric Value
    --------------------------- ----------- ------------
    SM Frequency                        Ghz         1.71
    Tensor Operations Per Cycle     1/cycle            0
    --------------------------- ----------- ------------

    Achieved Traffic
    ---------------------- ----------- ---------------
    Metric Name            Metric Unit    Metric Value
    ---------------------- ----------- ---------------
    L1/TEX Cache Bandwidth             818176081858.88
    ---------------------- ----------- ---------------

    DRAM Achieved Value (Op:hgmma Src:fp16 Sparsity:off)
    Achieved Work
    --------------------------- ----------- ------------
    Metric Name                 Metric Unit Metric Value
    --------------------------- ----------- ------------
    SM Frequency                        Ghz         1.71
    Tensor Operations Per Cycle     1/cycle            0
    --------------------------- ----------- ------------

    Achieved Traffic
    -------------- ----------- ------------
    Metric Name    Metric Unit Metric Value
    -------------- ----------- ------------
    DRAM Bandwidth     Tbyte/s         2.57
    -------------- ----------- ------------

    L2 Cache Achieved Value (Op:hgmma Src:fp16 Sparsity:off)
    Achieved Work
    --------------------------- ----------- ------------
    Metric Name                 Metric Unit Metric Value
    --------------------------- ----------- ------------
    SM Frequency                        Ghz         1.71
    Tensor Operations Per Cycle     1/cycle            0
    --------------------------- ----------- ------------

    Achieved Traffic
    ------------------ ----------- ------------
    Metric Name        Metric Unit Metric Value
    ------------------ ----------- ------------
    L2 Cache Bandwidth       Tbyte         3.00
    ------------------ ----------- ------------

    L1/TEX Cache Achieved Value (Op:hgmma Src:fp16 Sparsity:off)
    Achieved Work
    --------------------------- ----------- ------------
    Metric Name                 Metric Unit Metric Value
    --------------------------- ----------- ------------
    SM Frequency                        Ghz         1.71
    Tensor Operations Per Cycle     1/cycle            0
    --------------------------- ----------- ------------

    Achieved Traffic
    ---------------------- ----------- ---------------
    Metric Name            Metric Unit    Metric Value
    ---------------------- ----------- ---------------
    L1/TEX Cache Bandwidth             818176081858.88
    ---------------------- ----------- ---------------

    DRAM Achieved Value (Op:hgmma Src:fp16 Sparsity:on)
    Achieved Work
    --------------------------- ----------- ------------
    Metric Name                 Metric Unit Metric Value
    --------------------------- ----------- ------------
    SM Frequency                        Ghz         1.71
    Tensor Operations Per Cycle     1/cycle            0
    --------------------------- ----------- ------------

    Achieved Traffic
    -------------- ----------- ------------
    Metric Name    Metric Unit Metric Value
    -------------- ----------- ------------
    DRAM Bandwidth     Tbyte/s         2.57
    -------------- ----------- ------------

    L2 Cache Achieved Value (Op:hgmma Src:fp16 Sparsity:on)
    Achieved Work
    --------------------------- ----------- ------------
    Metric Name                 Metric Unit Metric Value
    --------------------------- ----------- ------------
    SM Frequency                        Ghz         1.71
    Tensor Operations Per Cycle     1/cycle            0
    --------------------------- ----------- ------------

    Achieved Traffic
    ------------------ ----------- ------------
    Metric Name        Metric Unit Metric Value
    ------------------ ----------- ------------
    L2 Cache Bandwidth       Tbyte         3.00
    ------------------ ----------- ------------

    L1/TEX Cache Achieved Value (Op:hgmma Src:fp16 Sparsity:on)
    Achieved Work
    --------------------------- ----------- ------------
    Metric Name                 Metric Unit Metric Value
    --------------------------- ----------- ------------
    SM Frequency                        Ghz         1.71
    Tensor Operations Per Cycle     1/cycle            0
    --------------------------- ----------- ------------

    Achieved Traffic
    ---------------------- ----------- ---------------
    Metric Name            Metric Unit    Metric Value
    ---------------------- ----------- ---------------
    L1/TEX Cache Bandwidth             818176081858.88
    ---------------------- ----------- ---------------

    DRAM Achieved Value (Op:hgmma Src:tf32 Dst:fp32 Sparsity:off)
    Achieved Work
    --------------------------- ----------- ------------
    Metric Name                 Metric Unit Metric Value
    --------------------------- ----------- ------------
    SM Frequency                        Ghz         1.71
    Tensor Operations Per Cycle     1/cycle            0
    --------------------------- ----------- ------------

    Achieved Traffic
    -------------- ----------- ------------
    Metric Name    Metric Unit Metric Value
    -------------- ----------- ------------
    DRAM Bandwidth     Tbyte/s         2.57
    -------------- ----------- ------------

    L2 Cache Achieved Value (Op:hgmma Src:tf32 Dst:fp32 Sparsity:off)
    Achieved Work
    --------------------------- ----------- ------------
    Metric Name                 Metric Unit Metric Value
    --------------------------- ----------- ------------
    SM Frequency                        Ghz         1.71
    Tensor Operations Per Cycle     1/cycle            0
    --------------------------- ----------- ------------

    Achieved Traffic
    ------------------ ----------- ------------
    Metric Name        Metric Unit Metric Value
    ------------------ ----------- ------------
    L2 Cache Bandwidth       Tbyte         3.00
    ------------------ ----------- ------------

    L1/TEX Cache Achieved Value (Op:hgmma Src:tf32 Dst:fp32 Sparsity:off)
    Achieved Work
    --------------------------- ----------- ------------
    Metric Name                 Metric Unit Metric Value
    --------------------------- ----------- ------------
    SM Frequency                        Ghz         1.71
    Tensor Operations Per Cycle     1/cycle            0
    --------------------------- ----------- ------------

    Achieved Traffic
    ---------------------- ----------- ---------------
    Metric Name            Metric Unit    Metric Value
    ---------------------- ----------- ---------------
    L1/TEX Cache Bandwidth             818176081858.88
    ---------------------- ----------- ---------------

    DRAM Achieved Value (Op:hgmma Src:tf32 Dst:fp32 Sparsity:on)
    Achieved Work
    --------------------------- ----------- ------------
    Metric Name                 Metric Unit Metric Value
    --------------------------- ----------- ------------
    SM Frequency                        Ghz         1.71
    Tensor Operations Per Cycle     1/cycle            0
    --------------------------- ----------- ------------

    Achieved Traffic
    -------------- ----------- ------------
    Metric Name    Metric Unit Metric Value
    -------------- ----------- ------------
    DRAM Bandwidth     Tbyte/s         2.57
    -------------- ----------- ------------

    L2 Cache Achieved Value (Op:hgmma Src:tf32 Dst:fp32 Sparsity:on)
    Achieved Work
    --------------------------- ----------- ------------
    Metric Name                 Metric Unit Metric Value
    --------------------------- ----------- ------------
    SM Frequency                        Ghz         1.71
    Tensor Operations Per Cycle     1/cycle            0
    --------------------------- ----------- ------------

    Achieved Traffic
    ------------------ ----------- ------------
    Metric Name        Metric Unit Metric Value
    ------------------ ----------- ------------
    L2 Cache Bandwidth       Tbyte         3.00
    ------------------ ----------- ------------

    L1/TEX Cache Achieved Value (Op:hgmma Src:tf32 Dst:fp32 Sparsity:on)
    Achieved Work
    --------------------------- ----------- ------------
    Metric Name                 Metric Unit Metric Value
    --------------------------- ----------- ------------
    SM Frequency                        Ghz         1.71
    Tensor Operations Per Cycle     1/cycle            0
    --------------------------- ----------- ------------

    Achieved Traffic
    ---------------------- ----------- ---------------
    Metric Name            Metric Unit    Metric Value
    ---------------------- ----------- ---------------
    L1/TEX Cache Bandwidth             818176081858.88
    ---------------------- ----------- ---------------

    DRAM Achieved Value (Op:hmma Src:bf16 Dst:fp32 Sparsity:off)
    Achieved Work
    --------------------------- ----------- ------------
    Metric Name                 Metric Unit Metric Value
    --------------------------- ----------- ------------
    SM Frequency                        Ghz         1.71
    Tensor Operations Per Cycle     1/cycle            0
    --------------------------- ----------- ------------

    Achieved Traffic
    -------------- ----------- ------------
    Metric Name    Metric Unit Metric Value
    -------------- ----------- ------------
    DRAM Bandwidth     Tbyte/s         2.57
    -------------- ----------- ------------

    L2 Cache Achieved Value (Op:hmma Src:bf16 Dst:fp32 Sparsity:off)
    Achieved Work
    --------------------------- ----------- ------------
    Metric Name                 Metric Unit Metric Value
    --------------------------- ----------- ------------
    SM Frequency                        Ghz         1.71
    Tensor Operations Per Cycle     1/cycle            0
    --------------------------- ----------- ------------

    Achieved Traffic
    ------------------ ----------- ------------
    Metric Name        Metric Unit Metric Value
    ------------------ ----------- ------------
    L2 Cache Bandwidth       Tbyte         3.00
    ------------------ ----------- ------------

    L1/TEX Cache Achieved Value (Op:hmma Src:bf16 Dst:fp32 Sparsity:off)
    Achieved Work
    --------------------------- ----------- ------------
    Metric Name                 Metric Unit Metric Value
    --------------------------- ----------- ------------
    SM Frequency                        Ghz         1.71
    Tensor Operations Per Cycle     1/cycle            0
    --------------------------- ----------- ------------

    Achieved Traffic
    ---------------------- ----------- ---------------
    Metric Name            Metric Unit    Metric Value
    ---------------------- ----------- ---------------
    L1/TEX Cache Bandwidth             818176081858.88
    ---------------------- ----------- ---------------

    DRAM Achieved Value (Op:hmma Src:bf16 Dst:fp32 Sparsity:on)
    Achieved Work
    --------------------------- ----------- ------------
    Metric Name                 Metric Unit Metric Value
    --------------------------- ----------- ------------
    SM Frequency                        Ghz         1.71
    Tensor Operations Per Cycle     1/cycle            0
    --------------------------- ----------- ------------

    Achieved Traffic
    -------------- ----------- ------------
    Metric Name    Metric Unit Metric Value
    -------------- ----------- ------------
    DRAM Bandwidth     Tbyte/s         2.57
    -------------- ----------- ------------

    L2 Cache Achieved Value (Op:hmma Src:bf16 Dst:fp32 Sparsity:on)
    Achieved Work
    --------------------------- ----------- ------------
    Metric Name                 Metric Unit Metric Value
    --------------------------- ----------- ------------
    SM Frequency                        Ghz         1.71
    Tensor Operations Per Cycle     1/cycle            0
    --------------------------- ----------- ------------

    Achieved Traffic
    ------------------ ----------- ------------
    Metric Name        Metric Unit Metric Value
    ------------------ ----------- ------------
    L2 Cache Bandwidth       Tbyte         3.00
    ------------------ ----------- ------------

    L1/TEX Cache Achieved Value (Op:hmma Src:bf16 Dst:fp32 Sparsity:on)
    Achieved Work
    --------------------------- ----------- ------------
    Metric Name                 Metric Unit Metric Value
    --------------------------- ----------- ------------
    SM Frequency                        Ghz         1.71
    Tensor Operations Per Cycle     1/cycle            0
    --------------------------- ----------- ------------

    Achieved Traffic
    ---------------------- ----------- ---------------
    Metric Name            Metric Unit    Metric Value
    ---------------------- ----------- ---------------
    L1/TEX Cache Bandwidth             818176081858.88
    ---------------------- ----------- ---------------

    DRAM Achieved Value (Op:hmma Src:fp16 Dst:fp16 Sparsity:off)
    Achieved Work
    --------------------------- ----------- ------------
    Metric Name                 Metric Unit Metric Value
    --------------------------- ----------- ------------
    SM Frequency                        Ghz         1.71
    Tensor Operations Per Cycle     1/cycle            0
    --------------------------- ----------- ------------

    Achieved Traffic
    -------------- ----------- ------------
    Metric Name    Metric Unit Metric Value
    -------------- ----------- ------------
    DRAM Bandwidth     Tbyte/s         2.57
    -------------- ----------- ------------

    L2 Cache Achieved Value (Op:hmma Src:fp16 Dst:fp16 Sparsity:off)
    Achieved Work
    --------------------------- ----------- ------------
    Metric Name                 Metric Unit Metric Value
    --------------------------- ----------- ------------
    SM Frequency                        Ghz         1.71
    Tensor Operations Per Cycle     1/cycle            0
    --------------------------- ----------- ------------

    Achieved Traffic
    ------------------ ----------- ------------
    Metric Name        Metric Unit Metric Value
    ------------------ ----------- ------------
    L2 Cache Bandwidth       Tbyte         3.00
    ------------------ ----------- ------------

    L1/TEX Cache Achieved Value (Op:hmma Src:fp16 Dst:fp16 Sparsity:off)
    Achieved Work
    --------------------------- ----------- ------------
    Metric Name                 Metric Unit Metric Value
    --------------------------- ----------- ------------
    SM Frequency                        Ghz         1.71
    Tensor Operations Per Cycle     1/cycle            0
    --------------------------- ----------- ------------

    Achieved Traffic
    ---------------------- ----------- ---------------
    Metric Name            Metric Unit    Metric Value
    ---------------------- ----------- ---------------
    L1/TEX Cache Bandwidth             818176081858.88
    ---------------------- ----------- ---------------

    DRAM Achieved Value (Op:hmma Src:fp16 Dst:fp16 Sparsity:on)
    Achieved Work
    --------------------------- ----------- ------------
    Metric Name                 Metric Unit Metric Value
    --------------------------- ----------- ------------
    SM Frequency                        Ghz         1.71
    Tensor Operations Per Cycle     1/cycle            0
    --------------------------- ----------- ------------

    Achieved Traffic
    -------------- ----------- ------------
    Metric Name    Metric Unit Metric Value
    -------------- ----------- ------------
    DRAM Bandwidth     Tbyte/s         2.57
    -------------- ----------- ------------

    L2 Cache Achieved Value (Op:hmma Src:fp16 Dst:fp16 Sparsity:on)
    Achieved Work
    --------------------------- ----------- ------------
    Metric Name                 Metric Unit Metric Value
    --------------------------- ----------- ------------
    SM Frequency                        Ghz         1.71
    Tensor Operations Per Cycle     1/cycle            0
    --------------------------- ----------- ------------

    Achieved Traffic
    ------------------ ----------- ------------
    Metric Name        Metric Unit Metric Value
    ------------------ ----------- ------------
    L2 Cache Bandwidth       Tbyte         3.00
    ------------------ ----------- ------------

    L1/TEX Cache Achieved Value (Op:hmma Src:fp16 Dst:fp16 Sparsity:on)
    Achieved Work
    --------------------------- ----------- ------------
    Metric Name                 Metric Unit Metric Value
    --------------------------- ----------- ------------
    SM Frequency                        Ghz         1.71
    Tensor Operations Per Cycle     1/cycle            0
    --------------------------- ----------- ------------

    Achieved Traffic
    ---------------------- ----------- ---------------
    Metric Name            Metric Unit    Metric Value
    ---------------------- ----------- ---------------
    L1/TEX Cache Bandwidth             818176081858.88
    ---------------------- ----------- ---------------

    DRAM Achieved Value (Op:hmma Src:fp16 Dst:fp32 Sparsity:off)
    Achieved Work
    --------------------------- ----------- ------------
    Metric Name                 Metric Unit Metric Value
    --------------------------- ----------- ------------
    SM Frequency                        Ghz         1.71
    Tensor Operations Per Cycle     1/cycle            0
    --------------------------- ----------- ------------

    Achieved Traffic
    -------------- ----------- ------------
    Metric Name    Metric Unit Metric Value
    -------------- ----------- ------------
    DRAM Bandwidth     Tbyte/s         2.57
    -------------- ----------- ------------

    L2 Cache Achieved Value (Op:hmma Src:fp16 Dst:fp32 Sparsity:off)
    Achieved Work
    --------------------------- ----------- ------------
    Metric Name                 Metric Unit Metric Value
    --------------------------- ----------- ------------
    SM Frequency                        Ghz         1.71
    Tensor Operations Per Cycle     1/cycle            0
    --------------------------- ----------- ------------

    Achieved Traffic
    ------------------ ----------- ------------
    Metric Name        Metric Unit Metric Value
    ------------------ ----------- ------------
    L2 Cache Bandwidth       Tbyte         3.00
    ------------------ ----------- ------------

    L1/TEX Cache Achieved Value (Op:hmma Src:fp16 Dst:fp32 Sparsity:off)
    Achieved Work
    --------------------------- ----------- ------------
    Metric Name                 Metric Unit Metric Value
    --------------------------- ----------- ------------
    SM Frequency                        Ghz         1.71
    Tensor Operations Per Cycle     1/cycle            0
    --------------------------- ----------- ------------

    Achieved Traffic
    ---------------------- ----------- ---------------
    Metric Name            Metric Unit    Metric Value
    ---------------------- ----------- ---------------
    L1/TEX Cache Bandwidth             818176081858.88
    ---------------------- ----------- ---------------

    DRAM Achieved Value (Op:hmma Src:fp16 Dst:fp32 Sparsity:on)
    Achieved Work
    --------------------------- ----------- ------------
    Metric Name                 Metric Unit Metric Value
    --------------------------- ----------- ------------
    SM Frequency                        Ghz         1.71
    Tensor Operations Per Cycle     1/cycle            0
    --------------------------- ----------- ------------

    Achieved Traffic
    -------------- ----------- ------------
    Metric Name    Metric Unit Metric Value
    -------------- ----------- ------------
    DRAM Bandwidth     Tbyte/s         2.57
    -------------- ----------- ------------

    L2 Cache Achieved Value (Op:hmma Src:fp16 Dst:fp32 Sparsity:on)
    Achieved Work
    --------------------------- ----------- ------------
    Metric Name                 Metric Unit Metric Value
    --------------------------- ----------- ------------
    SM Frequency                        Ghz         1.71
    Tensor Operations Per Cycle     1/cycle            0
    --------------------------- ----------- ------------

    Achieved Traffic
    ------------------ ----------- ------------
    Metric Name        Metric Unit Metric Value
    ------------------ ----------- ------------
    L2 Cache Bandwidth       Tbyte         3.00
    ------------------ ----------- ------------

    L1/TEX Cache Achieved Value (Op:hmma Src:fp16 Dst:fp32 Sparsity:on)
    Achieved Work
    --------------------------- ----------- ------------
    Metric Name                 Metric Unit Metric Value
    --------------------------- ----------- ------------
    SM Frequency                        Ghz         1.71
    Tensor Operations Per Cycle     1/cycle            0
    --------------------------- ----------- ------------

    Achieved Traffic
    ---------------------- ----------- ---------------
    Metric Name            Metric Unit    Metric Value
    ---------------------- ----------- ---------------
    L1/TEX Cache Bandwidth             818176081858.88
    ---------------------- ----------- ---------------

    DRAM Achieved Value (Op:hmma Src:tf32 Dst:fp32 Sparsity:off)
    Achieved Work
    --------------------------- ----------- ------------
    Metric Name                 Metric Unit Metric Value
    --------------------------- ----------- ------------
    SM Frequency                        Ghz         1.71
    Tensor Operations Per Cycle     1/cycle            0
    --------------------------- ----------- ------------

    Achieved Traffic
    -------------- ----------- ------------
    Metric Name    Metric Unit Metric Value
    -------------- ----------- ------------
    DRAM Bandwidth     Tbyte/s         2.57
    -------------- ----------- ------------

    L2 Cache Achieved Value (Op:hmma Src:tf32 Dst:fp32 Sparsity:off)
    Achieved Work
    --------------------------- ----------- ------------
    Metric Name                 Metric Unit Metric Value
    --------------------------- ----------- ------------
    SM Frequency                        Ghz         1.71
    Tensor Operations Per Cycle     1/cycle            0
    --------------------------- ----------- ------------

    Achieved Traffic
    ------------------ ----------- ------------
    Metric Name        Metric Unit Metric Value
    ------------------ ----------- ------------
    L2 Cache Bandwidth       Tbyte         3.00
    ------------------ ----------- ------------

    L1/TEX Cache Achieved Value (Op:hmma Src:tf32 Dst:fp32 Sparsity:off)
    Achieved Work
    --------------------------- ----------- ------------
    Metric Name                 Metric Unit Metric Value
    --------------------------- ----------- ------------
    SM Frequency                        Ghz         1.71
    Tensor Operations Per Cycle     1/cycle            0
    --------------------------- ----------- ------------

    Achieved Traffic
    ---------------------- ----------- ---------------
    Metric Name            Metric Unit    Metric Value
    ---------------------- ----------- ---------------
    L1/TEX Cache Bandwidth             818176081858.88
    ---------------------- ----------- ---------------

    DRAM Achieved Value (Op:hmma Src:tf32 Dst:fp32 Sparsity:on)
    Achieved Work
    --------------------------- ----------- ------------
    Metric Name                 Metric Unit Metric Value
    --------------------------- ----------- ------------
    SM Frequency                        Ghz         1.71
    Tensor Operations Per Cycle     1/cycle            0
    --------------------------- ----------- ------------

    Achieved Traffic
    -------------- ----------- ------------
    Metric Name    Metric Unit Metric Value
    -------------- ----------- ------------
    DRAM Bandwidth     Tbyte/s         2.57
    -------------- ----------- ------------

    L2 Cache Achieved Value (Op:hmma Src:tf32 Dst:fp32 Sparsity:on)
    Achieved Work
    --------------------------- ----------- ------------
    Metric Name                 Metric Unit Metric Value
    --------------------------- ----------- ------------
    SM Frequency                        Ghz         1.71
    Tensor Operations Per Cycle     1/cycle            0
    --------------------------- ----------- ------------

    Achieved Traffic
    ------------------ ----------- ------------
    Metric Name        Metric Unit Metric Value
    ------------------ ----------- ------------
    L2 Cache Bandwidth       Tbyte         3.00
    ------------------ ----------- ------------

    L1/TEX Cache Achieved Value (Op:hmma Src:tf32 Dst:fp32 Sparsity:on)
    Achieved Work
    --------------------------- ----------- ------------
    Metric Name                 Metric Unit Metric Value
    --------------------------- ----------- ------------
    SM Frequency                        Ghz         1.71
    Tensor Operations Per Cycle     1/cycle            0
    --------------------------- ----------- ------------

    Achieved Traffic
    ---------------------- ----------- ---------------
    Metric Name            Metric Unit    Metric Value
    ---------------------- ----------- ---------------
    L1/TEX Cache Bandwidth             818176081858.88
    ---------------------- ----------- ---------------

    DRAM Achieved Value (Op:igmma Src:int8 Sparsity:off)
    Achieved Work
    --------------------------- ----------- ------------
    Metric Name                 Metric Unit Metric Value
    --------------------------- ----------- ------------
    SM Frequency                        Ghz         1.71
    Tensor Operations Per Cycle     1/cycle            0
    --------------------------- ----------- ------------

    Achieved Traffic
    -------------- ----------- ------------
    Metric Name    Metric Unit Metric Value
    -------------- ----------- ------------
    DRAM Bandwidth     Tbyte/s         2.57
    -------------- ----------- ------------

    L2 Cache Achieved Value (Op:igmma Src:int8 Sparsity:off)
    Achieved Work
    --------------------------- ----------- ------------
    Metric Name                 Metric Unit Metric Value
    --------------------------- ----------- ------------
    SM Frequency                        Ghz         1.71
    Tensor Operations Per Cycle     1/cycle            0
    --------------------------- ----------- ------------

    Achieved Traffic
    ------------------ ----------- ------------
    Metric Name        Metric Unit Metric Value
    ------------------ ----------- ------------
    L2 Cache Bandwidth       Tbyte         3.00
    ------------------ ----------- ------------

    L1/TEX Cache Achieved Value (Op:igmma Src:int8 Sparsity:off)
    Achieved Work
    --------------------------- ----------- ------------
    Metric Name                 Metric Unit Metric Value
    --------------------------- ----------- ------------
    SM Frequency                        Ghz         1.71
    Tensor Operations Per Cycle     1/cycle            0
    --------------------------- ----------- ------------

    Achieved Traffic
    ---------------------- ----------- ---------------
    Metric Name            Metric Unit    Metric Value
    ---------------------- ----------- ---------------
    L1/TEX Cache Bandwidth             818176081858.88
    ---------------------- ----------- ---------------

    DRAM Achieved Value (Op:igmma Src:int8 Sparsity:on)
    Achieved Work
    --------------------------- ----------- ------------
    Metric Name                 Metric Unit Metric Value
    --------------------------- ----------- ------------
    SM Frequency                        Ghz         1.71
    Tensor Operations Per Cycle     1/cycle            0
    --------------------------- ----------- ------------

    Achieved Traffic
    -------------- ----------- ------------
    Metric Name    Metric Unit Metric Value
    -------------- ----------- ------------
    DRAM Bandwidth     Tbyte/s         2.57
    -------------- ----------- ------------

    L2 Cache Achieved Value (Op:igmma Src:int8 Sparsity:on)
    Achieved Work
    --------------------------- ----------- ------------
    Metric Name                 Metric Unit Metric Value
    --------------------------- ----------- ------------
    SM Frequency                        Ghz         1.71
    Tensor Operations Per Cycle     1/cycle            0
    --------------------------- ----------- ------------

    Achieved Traffic
    ------------------ ----------- ------------
    Metric Name        Metric Unit Metric Value
    ------------------ ----------- ------------
    L2 Cache Bandwidth       Tbyte         3.00
    ------------------ ----------- ------------

    L1/TEX Cache Achieved Value (Op:igmma Src:int8 Sparsity:on)
    Achieved Work
    --------------------------- ----------- ------------
    Metric Name                 Metric Unit Metric Value
    --------------------------- ----------- ------------
    SM Frequency                        Ghz         1.71
    Tensor Operations Per Cycle     1/cycle            0
    --------------------------- ----------- ------------

    Achieved Traffic
    ---------------------- ----------- ---------------
    Metric Name            Metric Unit    Metric Value
    ---------------------- ----------- ---------------
    L1/TEX Cache Bandwidth             818176081858.88
    ---------------------- ----------- ---------------

    DRAM Achieved Value (Op:imma Src:int8 Sparsity:off)
    Achieved Work
    --------------------------- ----------- ------------
    Metric Name                 Metric Unit Metric Value
    --------------------------- ----------- ------------
    SM Frequency                        Ghz         1.71
    Tensor Operations Per Cycle     1/cycle            0
    --------------------------- ----------- ------------

    Achieved Traffic
    -------------- ----------- ------------
    Metric Name    Metric Unit Metric Value
    -------------- ----------- ------------
    DRAM Bandwidth     Tbyte/s         2.57
    -------------- ----------- ------------

    L2 Cache Achieved Value (Op:imma Src:int8 Sparsity:off)
    Achieved Work
    --------------------------- ----------- ------------
    Metric Name                 Metric Unit Metric Value
    --------------------------- ----------- ------------
    SM Frequency                        Ghz         1.71
    Tensor Operations Per Cycle     1/cycle            0
    --------------------------- ----------- ------------

    Achieved Traffic
    ------------------ ----------- ------------
    Metric Name        Metric Unit Metric Value
    ------------------ ----------- ------------
    L2 Cache Bandwidth       Tbyte         3.00
    ------------------ ----------- ------------

    L1/TEX Cache Achieved Value (Op:imma Src:int8 Sparsity:off)
    Achieved Work
    --------------------------- ----------- ------------
    Metric Name                 Metric Unit Metric Value
    --------------------------- ----------- ------------
    SM Frequency                        Ghz         1.71
    Tensor Operations Per Cycle     1/cycle            0
    --------------------------- ----------- ------------

    Achieved Traffic
    ---------------------- ----------- ---------------
    Metric Name            Metric Unit    Metric Value
    ---------------------- ----------- ---------------
    L1/TEX Cache Bandwidth             818176081858.88
    ---------------------- ----------- ---------------

    DRAM Achieved Value (Op:imma Src:int8 Sparsity:on)
    Achieved Work
    --------------------------- ----------- ------------
    Metric Name                 Metric Unit Metric Value
    --------------------------- ----------- ------------
    SM Frequency                        Ghz         1.71
    Tensor Operations Per Cycle     1/cycle            0
    --------------------------- ----------- ------------

    Achieved Traffic
    -------------- ----------- ------------
    Metric Name    Metric Unit Metric Value
    -------------- ----------- ------------
    DRAM Bandwidth     Tbyte/s         2.57
    -------------- ----------- ------------

    L2 Cache Achieved Value (Op:imma Src:int8 Sparsity:on)
    Achieved Work
    --------------------------- ----------- ------------
    Metric Name                 Metric Unit Metric Value
    --------------------------- ----------- ------------
    SM Frequency                        Ghz         1.71
    Tensor Operations Per Cycle     1/cycle            0
    --------------------------- ----------- ------------

    Achieved Traffic
    ------------------ ----------- ------------
    Metric Name        Metric Unit Metric Value
    ------------------ ----------- ------------
    L2 Cache Bandwidth       Tbyte         3.00
    ------------------ ----------- ------------

    L1/TEX Cache Achieved Value (Op:imma Src:int8 Sparsity:on)
    Achieved Work
    --------------------------- ----------- ------------
    Metric Name                 Metric Unit Metric Value
    --------------------------- ----------- ------------
    SM Frequency                        Ghz         1.71
    Tensor Operations Per Cycle     1/cycle            0
    --------------------------- ----------- ------------

    Achieved Traffic
    ---------------------- ----------- ---------------
    Metric Name            Metric Unit    Metric Value
    ---------------------- ----------- ---------------
    L1/TEX Cache Bandwidth             818176081858.88
    ---------------------- ----------- ---------------

    DRAM Achieved Value (Src:bf16 Dst:fp32)
    Achieved Work
    --------------------------- ----------- ------------
    Metric Name                 Metric Unit Metric Value
    --------------------------- ----------- ------------
    SM Frequency                        Ghz         1.71
    Tensor Operations Per Cycle     1/cycle            0
    --------------------------- ----------- ------------

    Achieved Traffic
    -------------- ----------- ------------
    Metric Name    Metric Unit Metric Value
    -------------- ----------- ------------
    DRAM Bandwidth     Tbyte/s         2.57
    -------------- ----------- ------------

    L2 Cache Achieved Value (Src:bf16 Dst:fp32)
    Achieved Work
    --------------------------- ----------- ------------
    Metric Name                 Metric Unit Metric Value
    --------------------------- ----------- ------------
    SM Frequency                        Ghz         1.71
    Tensor Operations Per Cycle     1/cycle            0
    --------------------------- ----------- ------------

    Achieved Traffic
    ------------------ ----------- ------------
    Metric Name        Metric Unit Metric Value
    ------------------ ----------- ------------
    L2 Cache Bandwidth       Tbyte         3.00
    ------------------ ----------- ------------

    L1/TEX Cache Achieved Value (Src:bf16 Dst:fp32)
    Achieved Work
    --------------------------- ----------- ------------
    Metric Name                 Metric Unit Metric Value
    --------------------------- ----------- ------------
    SM Frequency                        Ghz         1.71
    Tensor Operations Per Cycle     1/cycle            0
    --------------------------- ----------- ------------

    Achieved Traffic
    ---------------------- ----------- ---------------
    Metric Name            Metric Unit    Metric Value
    ---------------------- ----------- ---------------
    L1/TEX Cache Bandwidth             818176081858.88
    ---------------------- ----------- ---------------

    DRAM Achieved Value (Src:fp16)
    Achieved Work
    --------------------------- ----------- ------------
    Metric Name                 Metric Unit Metric Value
    --------------------------- ----------- ------------
    SM Frequency                        Ghz         1.71
    Tensor Operations Per Cycle     1/cycle            0
    --------------------------- ----------- ------------

    Achieved Traffic
    -------------- ----------- ------------
    Metric Name    Metric Unit Metric Value
    -------------- ----------- ------------
    DRAM Bandwidth     Tbyte/s         2.57
    -------------- ----------- ------------

    L2 Cache Achieved Value (Src:fp16)
    Achieved Work
    --------------------------- ----------- ------------
    Metric Name                 Metric Unit Metric Value
    --------------------------- ----------- ------------
    SM Frequency                        Ghz         1.71
    Tensor Operations Per Cycle     1/cycle            0
    --------------------------- ----------- ------------

    Achieved Traffic
    ------------------ ----------- ------------
    Metric Name        Metric Unit Metric Value
    ------------------ ----------- ------------
    L2 Cache Bandwidth       Tbyte         3.00
    ------------------ ----------- ------------

    L1/TEX Cache Achieved Value (Src:fp16)
    Achieved Work
    --------------------------- ----------- ------------
    Metric Name                 Metric Unit Metric Value
    --------------------------- ----------- ------------
    SM Frequency                        Ghz         1.71
    Tensor Operations Per Cycle     1/cycle            0
    --------------------------- ----------- ------------

    Achieved Traffic
    ---------------------- ----------- ---------------
    Metric Name            Metric Unit    Metric Value
    ---------------------- ----------- ---------------
    L1/TEX Cache Bandwidth             818176081858.88
    ---------------------- ----------- ---------------

    DRAM Achieved Value (Src:fp64)
    Achieved Work
    --------------------------- ----------- ------------
    Metric Name                 Metric Unit Metric Value
    --------------------------- ----------- ------------
    SM Frequency                        Ghz         1.71
    Tensor Operations Per Cycle     1/cycle            0
    --------------------------- ----------- ------------

    Achieved Traffic
    -------------- ----------- ------------
    Metric Name    Metric Unit Metric Value
    -------------- ----------- ------------
    DRAM Bandwidth     Tbyte/s         2.57
    -------------- ----------- ------------

    L2 Cache Achieved Value (Src:fp64)
    Achieved Work
    --------------------------- ----------- ------------
    Metric Name                 Metric Unit Metric Value
    --------------------------- ----------- ------------
    SM Frequency                        Ghz         1.71
    Tensor Operations Per Cycle     1/cycle            0
    --------------------------- ----------- ------------

    Achieved Traffic
    ------------------ ----------- ------------
    Metric Name        Metric Unit Metric Value
    ------------------ ----------- ------------
    L2 Cache Bandwidth       Tbyte         3.00
    ------------------ ----------- ------------

    L1/TEX Cache Achieved Value (Src:fp64)
    Achieved Work
    --------------------------- ----------- ------------
    Metric Name                 Metric Unit Metric Value
    --------------------------- ----------- ------------
    SM Frequency                        Ghz         1.71
    Tensor Operations Per Cycle     1/cycle            0
    --------------------------- ----------- ------------

    Achieved Traffic
    ---------------------- ----------- ---------------
    Metric Name            Metric Unit    Metric Value
    ---------------------- ----------- ---------------
    L1/TEX Cache Bandwidth             818176081858.88
    ---------------------- ----------- ---------------

    DRAM Achieved Value (Src:fp8 Sparsity:off)
    Achieved Work
    --------------------------- ----------- ------------
    Metric Name                 Metric Unit Metric Value
    --------------------------- ----------- ------------
    SM Frequency                        Ghz         1.71
    Tensor Operations Per Cycle     1/cycle     33426.24
    --------------------------- ----------- ------------

    Achieved Traffic
    -------------- ----------- ------------
    Metric Name    Metric Unit Metric Value
    -------------- ----------- ------------
    DRAM Bandwidth     Tbyte/s         2.57
    -------------- ----------- ------------

    L2 Cache Achieved Value (Src:fp8 Sparsity:off)
    Achieved Work
    --------------------------- ----------- ------------
    Metric Name                 Metric Unit Metric Value
    --------------------------- ----------- ------------
    SM Frequency                        Ghz         1.71
    Tensor Operations Per Cycle     1/cycle     33426.24
    --------------------------- ----------- ------------

    Achieved Traffic
    ------------------ ----------- ------------
    Metric Name        Metric Unit Metric Value
    ------------------ ----------- ------------
    L2 Cache Bandwidth       Tbyte         3.00
    ------------------ ----------- ------------

    L1/TEX Cache Achieved Value (Src:fp8 Sparsity:off)
    Achieved Work
    --------------------------- ----------- ------------
    Metric Name                 Metric Unit Metric Value
    --------------------------- ----------- ------------
    SM Frequency                        Ghz         1.71
    Tensor Operations Per Cycle     1/cycle     33426.24
    --------------------------- ----------- ------------

    Achieved Traffic
    ---------------------- ----------- ---------------
    Metric Name            Metric Unit    Metric Value
    ---------------------- ----------- ---------------
    L1/TEX Cache Bandwidth             818176081858.88
    ---------------------- ----------- ---------------

    DRAM Achieved Value (Src:fp8 Sparsity:on)
    Achieved Work
    --------------------------- ----------- ------------
    Metric Name                 Metric Unit Metric Value
    --------------------------- ----------- ------------
    SM Frequency                        Ghz         1.71
    Tensor Operations Per Cycle     1/cycle            0
    --------------------------- ----------- ------------

    Achieved Traffic
    -------------- ----------- ------------
    Metric Name    Metric Unit Metric Value
    -------------- ----------- ------------
    DRAM Bandwidth     Tbyte/s         2.57
    -------------- ----------- ------------

    L2 Cache Achieved Value (Src:fp8 Sparsity:on)
    Achieved Work
    --------------------------- ----------- ------------
    Metric Name                 Metric Unit Metric Value
    --------------------------- ----------- ------------
    SM Frequency                        Ghz         1.71
    Tensor Operations Per Cycle     1/cycle            0
    --------------------------- ----------- ------------

    Achieved Traffic
    ------------------ ----------- ------------
    Metric Name        Metric Unit Metric Value
    ------------------ ----------- ------------
    L2 Cache Bandwidth       Tbyte         3.00
    ------------------ ----------- ------------

    L1/TEX Cache Achieved Value (Src:fp8 Sparsity:on)
    Achieved Work
    --------------------------- ----------- ------------
    Metric Name                 Metric Unit Metric Value
    --------------------------- ----------- ------------
    SM Frequency                        Ghz         1.71
    Tensor Operations Per Cycle     1/cycle            0
    --------------------------- ----------- ------------

    Achieved Traffic
    ---------------------- ----------- ---------------
    Metric Name            Metric Unit    Metric Value
    ---------------------- ----------- ---------------
    L1/TEX Cache Bandwidth             818176081858.88
    ---------------------- ----------- ---------------

    DRAM Achieved Value (Src:int1)
    Achieved Work
    --------------------------- ----------- ------------
    Metric Name                 Metric Unit Metric Value
    --------------------------- ----------- ------------
    SM Frequency                        Ghz         1.71
    Tensor Operations Per Cycle     1/cycle            0
    --------------------------- ----------- ------------

    Achieved Traffic
    -------------- ----------- ------------
    Metric Name    Metric Unit Metric Value
    -------------- ----------- ------------
    DRAM Bandwidth     Tbyte/s         2.57
    -------------- ----------- ------------

    L2 Cache Achieved Value (Src:int1)
    Achieved Work
    --------------------------- ----------- ------------
    Metric Name                 Metric Unit Metric Value
    --------------------------- ----------- ------------
    SM Frequency                        Ghz         1.71
    Tensor Operations Per Cycle     1/cycle            0
    --------------------------- ----------- ------------

    Achieved Traffic
    ------------------ ----------- ------------
    Metric Name        Metric Unit Metric Value
    ------------------ ----------- ------------
    L2 Cache Bandwidth       Tbyte         3.00
    ------------------ ----------- ------------

    L1/TEX Cache Achieved Value (Src:int1)
    Achieved Work
    --------------------------- ----------- ------------
    Metric Name                 Metric Unit Metric Value
    --------------------------- ----------- ------------
    SM Frequency                        Ghz         1.71
    Tensor Operations Per Cycle     1/cycle            0
    --------------------------- ----------- ------------

    Achieved Traffic
    ---------------------- ----------- ---------------
    Metric Name            Metric Unit    Metric Value
    ---------------------- ----------- ---------------
    L1/TEX Cache Bandwidth             818176081858.88
    ---------------------- ----------- ---------------

    DRAM Achieved Value (Src:int8)
    Achieved Work
    --------------------------- ----------- ------------
    Metric Name                 Metric Unit Metric Value
    --------------------------- ----------- ------------
    SM Frequency                        Ghz         1.71
    Tensor Operations Per Cycle     1/cycle            0
    --------------------------- ----------- ------------

    Achieved Traffic
    -------------- ----------- ------------
    Metric Name    Metric Unit Metric Value
    -------------- ----------- ------------
    DRAM Bandwidth     Tbyte/s         2.57
    -------------- ----------- ------------

    L2 Cache Achieved Value (Src:int8)
    Achieved Work
    --------------------------- ----------- ------------
    Metric Name                 Metric Unit Metric Value
    --------------------------- ----------- ------------
    SM Frequency                        Ghz         1.71
    Tensor Operations Per Cycle     1/cycle            0
    --------------------------- ----------- ------------

    Achieved Traffic
    ------------------ ----------- ------------
    Metric Name        Metric Unit Metric Value
    ------------------ ----------- ------------
    L2 Cache Bandwidth       Tbyte         3.00
    ------------------ ----------- ------------

    L1/TEX Cache Achieved Value (Src:int8)
    Achieved Work
    --------------------------- ----------- ------------
    Metric Name                 Metric Unit Metric Value
    --------------------------- ----------- ------------
    SM Frequency                        Ghz         1.71
    Tensor Operations Per Cycle     1/cycle            0
    --------------------------- ----------- ------------

    Achieved Traffic
    ---------------------- ----------- ---------------
    Metric Name            Metric Unit    Metric Value
    ---------------------- ----------- ---------------
    L1/TEX Cache Bandwidth             818176081858.88
    ---------------------- ----------- ---------------

    DRAM Achieved Value (Src:tf32 Dst:fp32)
    Achieved Work
    --------------------------- ----------- ------------
    Metric Name                 Metric Unit Metric Value
    --------------------------- ----------- ------------
    SM Frequency                        Ghz         1.71
    Tensor Operations Per Cycle     1/cycle            0
    --------------------------- ----------- ------------

    Achieved Traffic
    -------------- ----------- ------------
    Metric Name    Metric Unit Metric Value
    -------------- ----------- ------------
    DRAM Bandwidth     Tbyte/s         2.57
    -------------- ----------- ------------

    L2 Cache Achieved Value (Src:tf32 Dst:fp32)
    Achieved Work
    --------------------------- ----------- ------------
    Metric Name                 Metric Unit Metric Value
    --------------------------- ----------- ------------
    SM Frequency                        Ghz         1.71
    Tensor Operations Per Cycle     1/cycle            0
    --------------------------- ----------- ------------

    Achieved Traffic
    ------------------ ----------- ------------
    Metric Name        Metric Unit Metric Value
    ------------------ ----------- ------------
    L2 Cache Bandwidth       Tbyte         3.00
    ------------------ ----------- ------------

    L1/TEX Cache Achieved Value (Src:tf32 Dst:fp32)
    Achieved Work
    --------------------------- ----------- ------------
    Metric Name                 Metric Unit Metric Value
    --------------------------- ----------- ------------
    SM Frequency                        Ghz         1.71
    Tensor Operations Per Cycle     1/cycle            0
    --------------------------- ----------- ------------

    Achieved Traffic
    ---------------------- ----------- ---------------
    Metric Name            Metric Unit    Metric Value
    ---------------------- ----------- ---------------
    L1/TEX Cache Bandwidth             818176081858.88
    ---------------------- ----------- ---------------

    --------------------------------------- ----------- ------------
    Metric Name                             Metric Unit Metric Value
    --------------------------------------- ----------- ------------
    Op:bgmma Src:int1                                              0
    Op:bgmma Src:int1                                 %            0
    Op:bgmma Src:int1                           1/cycle      1277952
    Op:bgmma Src:int1                              1/ns   2187769.27
    Op:bgmma Src:int1                           1/cycle            0
    Op:bgmma Src:int1                               1/s            0
    Op:bmma Src:int1                                               0
    Op:bmma Src:int1                                  %            0
    Op:bmma Src:int1                            1/cycle       851968
    Op:bmma Src:int1                               1/ns   1458512.85
    Op:bmma Src:int1                            1/cycle            0
    Op:bmma Src:int1                                1/s            0
    Op:hgmma Src:bf16 Dst:fp32 Sparsity:off                        0
    Op:hgmma Src:bf16 Dst:fp32 Sparsity:off           %            0
    Op:hgmma Src:bf16 Dst:fp32 Sparsity:off     1/cycle        79872
    Op:hgmma Src:bf16 Dst:fp32 Sparsity:off        1/ns    136735.58
    Op:hgmma Src:bf16 Dst:fp32 Sparsity:off     1/cycle            0
    Op:hgmma Src:bf16 Dst:fp32 Sparsity:off         1/s            0
    Op:hgmma Src:bf16 Dst:fp32 Sparsity:on                         0
    Op:hgmma Src:bf16 Dst:fp32 Sparsity:on            %            0
    Op:hgmma Src:bf16 Dst:fp32 Sparsity:on      1/cycle       159744
    Op:hgmma Src:bf16 Dst:fp32 Sparsity:on         1/ns    273471.16
    Op:hgmma Src:bf16 Dst:fp32 Sparsity:on      1/cycle            0
    Op:hgmma Src:bf16 Dst:fp32 Sparsity:on          1/s            0
    Op:hgmma Src:fp16 Sparsity:off                                 0
    Op:hgmma Src:fp16 Sparsity:off                    %            0
    Op:hgmma Src:fp16 Sparsity:off              1/cycle        79872
    Op:hgmma Src:fp16 Sparsity:off                 1/ns    136735.58
    Op:hgmma Src:fp16 Sparsity:off              1/cycle            0
    Op:hgmma Src:fp16 Sparsity:off                  1/s            0
    Op:hgmma Src:fp16 Sparsity:on                                  0
    Op:hgmma Src:fp16 Sparsity:on                     %            0
    Op:hgmma Src:fp16 Sparsity:on               1/cycle       159744
    Op:hgmma Src:fp16 Sparsity:on                  1/ns    273471.16
    Op:hgmma Src:fp16 Sparsity:on               1/cycle            0
    Op:hgmma Src:fp16 Sparsity:on                   1/s            0
    Op:hgmma Src:tf32 Dst:fp32 Sparsity:off                        0
    Op:hgmma Src:tf32 Dst:fp32 Sparsity:off           %            0
    Op:hgmma Src:tf32 Dst:fp32 Sparsity:off     1/cycle        39936
    Op:hgmma Src:tf32 Dst:fp32 Sparsity:off        1/ns     68367.79
    Op:hgmma Src:tf32 Dst:fp32 Sparsity:off     1/cycle            0
    Op:hgmma Src:tf32 Dst:fp32 Sparsity:off         1/s            0
    Op:hgmma Src:tf32 Dst:fp32 Sparsity:on                         0
    Op:hgmma Src:tf32 Dst:fp32 Sparsity:on            %            0
    Op:hgmma Src:tf32 Dst:fp32 Sparsity:on      1/cycle        79872
    Op:hgmma Src:tf32 Dst:fp32 Sparsity:on         1/ns    136735.58
    Op:hgmma Src:tf32 Dst:fp32 Sparsity:on      1/cycle            0
    Op:hgmma Src:tf32 Dst:fp32 Sparsity:on          1/s            0
    Op:hmma Src:bf16 Dst:fp32 Sparsity:off                         0
    Op:hmma Src:bf16 Dst:fp32 Sparsity:off            %            0
    Op:hmma Src:bf16 Dst:fp32 Sparsity:off      1/cycle        53248
    Op:hmma Src:bf16 Dst:fp32 Sparsity:off         1/ns     91157.05
    Op:hmma Src:bf16 Dst:fp32 Sparsity:off      1/cycle            0
    Op:hmma Src:bf16 Dst:fp32 Sparsity:off          1/s            0
    Op:hmma Src:bf16 Dst:fp32 Sparsity:on                          0
    Op:hmma Src:bf16 Dst:fp32 Sparsity:on             %            0
    Op:hmma Src:bf16 Dst:fp32 Sparsity:on       1/cycle        79872
    Op:hmma Src:bf16 Dst:fp32 Sparsity:on          1/ns    136735.58
    Op:hmma Src:bf16 Dst:fp32 Sparsity:on       1/cycle            0
    Op:hmma Src:bf16 Dst:fp32 Sparsity:on           1/s            0
    Op:hmma Src:fp16 Dst:fp16 Sparsity:off                         0
    Op:hmma Src:fp16 Dst:fp16 Sparsity:off            %            0
    Op:hmma Src:fp16 Dst:fp16 Sparsity:off      1/cycle        53248
    Op:hmma Src:fp16 Dst:fp16 Sparsity:off         1/ns     91157.05
    Op:hmma Src:fp16 Dst:fp16 Sparsity:off      1/cycle            0
    Op:hmma Src:fp16 Dst:fp16 Sparsity:off          1/s            0
    Op:hmma Src:fp16 Dst:fp16 Sparsity:on                          0
    Op:hmma Src:fp16 Dst:fp16 Sparsity:on             %            0
    Op:hmma Src:fp16 Dst:fp16 Sparsity:on       1/cycle        79872
    Op:hmma Src:fp16 Dst:fp16 Sparsity:on          1/ns    136735.58
    Op:hmma Src:fp16 Dst:fp16 Sparsity:on       1/cycle            0
    Op:hmma Src:fp16 Dst:fp16 Sparsity:on           1/s            0
    Op:hmma Src:fp16 Dst:fp32 Sparsity:off                         0
    Op:hmma Src:fp16 Dst:fp32 Sparsity:off            %            0
    Op:hmma Src:fp16 Dst:fp32 Sparsity:off      1/cycle        53248
    Op:hmma Src:fp16 Dst:fp32 Sparsity:off         1/ns     91157.05
    Op:hmma Src:fp16 Dst:fp32 Sparsity:off      1/cycle            0
    Op:hmma Src:fp16 Dst:fp32 Sparsity:off          1/s            0
    Op:hmma Src:fp16 Dst:fp32 Sparsity:on                          0
    Op:hmma Src:fp16 Dst:fp32 Sparsity:on             %            0
    Op:hmma Src:fp16 Dst:fp32 Sparsity:on       1/cycle        79872
    Op:hmma Src:fp16 Dst:fp32 Sparsity:on          1/ns    136735.58
    Op:hmma Src:fp16 Dst:fp32 Sparsity:on       1/cycle            0
    Op:hmma Src:fp16 Dst:fp32 Sparsity:on           1/s            0
    Op:hmma Src:tf32 Dst:fp32 Sparsity:off                         0
    Op:hmma Src:tf32 Dst:fp32 Sparsity:off            %            0
    Op:hmma Src:tf32 Dst:fp32 Sparsity:off      1/cycle        26624
    Op:hmma Src:tf32 Dst:fp32 Sparsity:off         1/ns     45578.53
    Op:hmma Src:tf32 Dst:fp32 Sparsity:off      1/cycle            0
    Op:hmma Src:tf32 Dst:fp32 Sparsity:off          1/s            0
    Op:hmma Src:tf32 Dst:fp32 Sparsity:on                          0
    Op:hmma Src:tf32 Dst:fp32 Sparsity:on             %            0
    Op:hmma Src:tf32 Dst:fp32 Sparsity:on       1/cycle        39936
    Op:hmma Src:tf32 Dst:fp32 Sparsity:on          1/ns     68367.79
    Op:hmma Src:tf32 Dst:fp32 Sparsity:on       1/cycle            0
    Op:hmma Src:tf32 Dst:fp32 Sparsity:on           1/s            0
    Op:igmma Src:int8 Sparsity:off                                 0
    Op:igmma Src:int8 Sparsity:off                    %            0
    Op:igmma Src:int8 Sparsity:off              1/cycle       159744
    Op:igmma Src:int8 Sparsity:off                 1/ns    273471.16
    Op:igmma Src:int8 Sparsity:off              1/cycle            0
    Op:igmma Src:int8 Sparsity:off                  1/s            0
    Op:igmma Src:int8 Sparsity:on                                  0
    Op:igmma Src:int8 Sparsity:on                     %            0
    Op:igmma Src:int8 Sparsity:on               1/cycle       319488
    Op:igmma Src:int8 Sparsity:on                  1/ns    546942.32
    Op:igmma Src:int8 Sparsity:on               1/cycle            0
    Op:igmma Src:int8 Sparsity:on                   1/s            0
    Op:imma Src:int8 Sparsity:off                                  0
    Op:imma Src:int8 Sparsity:off                     %            0
    Op:imma Src:int8 Sparsity:off               1/cycle       106496
    Op:imma Src:int8 Sparsity:off                  1/ns    182314.11
    Op:imma Src:int8 Sparsity:off               1/cycle            0
    Op:imma Src:int8 Sparsity:off                   1/s            0
    Op:imma Src:int8 Sparsity:on                                   0
    Op:imma Src:int8 Sparsity:on                      %            0
    Op:imma Src:int8 Sparsity:on                1/cycle       159744
    Op:imma Src:int8 Sparsity:on                   1/ns    273471.16
    Op:imma Src:int8 Sparsity:on                1/cycle            0
    Op:imma Src:int8 Sparsity:on                    1/s            0
    Src:bf16 Dst:fp32                                              0
    Src:bf16 Dst:fp32                                 %            0
    Src:bf16 Dst:fp32                           1/cycle       159744
    Src:bf16 Dst:fp32                              1/ns    273471.16
    Src:bf16 Dst:fp32                           1/cycle            0
    Src:bf16 Dst:fp32                               1/s            0
    Src:fp16                                                       0
    Src:fp16                                          %            0
    Src:fp16                                    1/cycle       159744
    Src:fp16                                       1/ns    273471.16
    Src:fp16                                    1/cycle            0
    Src:fp16                                        1/s            0
    Src:fp64                                                       0
    Src:fp64                                          %            0
    Src:fp64                                    1/cycle          312
    Src:fp64                                       1/ns       534.12
    Src:fp64                                    1/cycle            0
    Src:fp64                                        1/s            0
    Src:fp8 Sparsity:off                                 25769803776
    Src:fp8 Sparsity:off                              %        20.92
    Src:fp8 Sparsity:off                        1/cycle       159744
    Src:fp8 Sparsity:off                           1/ns    273471.16
    Src:fp8 Sparsity:off                        1/cycle     33426.24
    Src:fp8 Sparsity:off                           1/ns     57223.50
    Src:fp8 Sparsity:on                                            0
    Src:fp8 Sparsity:on                               %            0
    Src:fp8 Sparsity:on                         1/cycle       319488
    Src:fp8 Sparsity:on                            1/ns    546942.32
    Src:fp8 Sparsity:on                         1/cycle            0
    Src:fp8 Sparsity:on                             1/s            0
    Src:int1                                                       0
    Src:int1                                          %            0
    Src:int1                                    1/cycle      1277952
    Src:int1                                       1/ns   2187769.27
    Src:int1                                    1/cycle            0
    Src:int1                                        1/s            0
    Src:int8                                                       0
    Src:int8                                          %            0
    Src:int8                                    1/cycle       319488
    Src:int8                                       1/ns    546942.32
    Src:int8                                    1/cycle            0
    Src:int8                                        1/s            0
    Src:tf32 Dst:fp32                                              0
    Src:tf32 Dst:fp32                                 %            0
    Src:tf32 Dst:fp32                           1/cycle        79872
    Src:tf32 Dst:fp32                              1/ns    136735.58
    Src:tf32 Dst:fp32                           1/cycle            0
    Src:tf32 Dst:fp32                               1/s            0
    --------------------------------------- ----------- ------------

    Section: PM Sampling
    ------------------------- ----------- ------------
    Metric Name               Metric Unit Metric Value
    ------------------------- ----------- ------------
    Elapsed Cycles                  cycle       773724
    Duration                           us       450.34
    Maximum Buffer Size             Mbyte        50.33
    Dropped Samples                sample            0
    Maximum Sampling Interval          us         1.50
    # Pass Groups                                    2
    ------------------------- ----------- ------------

    Section: Compute Workload Analysis
    ---------------------- ----------- ------------
    Metric Name            Metric Unit Metric Value
    ---------------------- ----------- ------------
    Executed Ipc Active     inst/cycle         2.20
    Executed Ipc Elapsed    inst/cycle         2.20
    Issue Slots Busy                 %        55.03
    Issued Ipc Active       inst/cycle         2.20
    Max. Issued Slots Busy           %        58.59
    SM Busy                          %        55.03
    ---------------------- ----------- ------------

    Pipe Utilization
    Table Name : Pipe Utilization (% of active cycles)
    Table Description : Pipeline utilization based on the number of cycles the pipeline was active. This takes the rates of different instructions executing on the pipeline into account. For an instruction requiring 4 cycles to complete execution, the counter is increased by 1 for 4 cycles.
    -------------------- ----------- ------------
    Metric Name          Metric Unit Metric Value
    -------------------- ----------- ------------
    ALU                            %        45.27
    FMA                            %        14.64
    Shared (FP64+Tensor)           %         5.24
    Tensor (All)                   %         5.24
    Tensor (FP)                    %         5.24
    TMA                            %         0.39
    FP64                           %            0
    Tensor (DP)                    %            0
    Tensor (INT)                   %            0
    -------------------- ----------- ------------

    Table Name : Pipe Utilization (% of peak instructions executed)
    Table Description : Pipeline utilization based on the number of executed instructions. This does not account for any variation in instruction latencies for this pipeline. For an instruction requiring 4 cycles to complete execution, the counter is increased by 1 only.
    ------------------- ----------- ------------
    Metric Name         Metric Unit Metric Value
    ------------------- ----------- ------------
    ALU                           %        45.27
    LSU                           %        30.96
    Tensor (Warp Group)           %        20.97
    FMA                           %        14.12
    Uniform                       %         6.49
    ADU                           %         6.06
    Tensor (FP)                   %         2.62
    CBU                           %         1.14
    XU                            %         0.90
    TMA                           %         0.20
    TEX                           %         0.01
    FMA (FP16)                    %            0
    FP64                          %            0
    Tensor (DP)                   %            0
    Tensor (INT)                  %            0
    ------------------- ----------- ------------

    INF   ALU is the highest-utilized pipeline (45.3%) based on active cycles, taking into account the rates of its     
          different instructions. It executes integer and logic operations. It is well-utilized, but should not be a    
          bottleneck.                                                                                                   

    Section: Memory Workload Analysis
    ---------------------------- ----------- ------------
    Metric Name                  Metric Unit Metric Value
    ---------------------------- ----------- ------------
    Memory Throughput                Tbyte/s         2.57
    Mem Busy                               %        67.91
    Max Bandwidth                          %        52.38
    L1/TEX Hit Rate                        %        64.05
    L2 Compression Success Rate            %     12638.99
    L2 Compression Ratio                   %      3204.58
    L2 Compression Input Sectors                    42315
    L2 Hit Rate                            %        55.71
    Mem Pipes Busy                         %        30.90
    ---------------------------- ----------- ------------

    Section: Memory Workload Analysis Chart
    ------------------------------------------------------- ----------- ------------
    Metric Name                                             Metric Unit Metric Value
    ------------------------------------------------------- ----------- ------------
    DRAM Bandwidth                                              Tbyte/s         2.57
    L2 Compression Success Rate                                       %     12638.99
    L2 Cache Sectors                                             sector     77300285
    L2 Cache Sector Throughput For TEX                                %        34.63
    Missed L2 Cache Sectors For TEX Accessing Peer Memory        sector            0
    Missed L2 Cache Sectors For TEX Accessing System Memory      sector            0
    Missed L2 Cache Sectors For TEX                              sector     36168156
    PCIe read bandwidth                                         Mbyte/s        31.83
    PCIe write bandwidth                                        Mbyte/s        54.57
    ------------------------------------------------------- ----------- ------------

    Memory Chart
    Table Name : Memory Chart
    ---------------------------------------------------------------------------------------------------------- ----------- ------------
    Metric Name                                                                                                Metric Unit Metric Value
    ---------------------------------------------------------------------------------------------------------- ----------- ------------
    dram__bytes_read.sum                                                                                             Gbyte         1.11
    dram__bytes_read.sum.pct_of_peak_sustained_elapsed                                                                   %        49.95
    dram__bytes_read.sum.per_second                                                                                Tbyte/s         2.45
    dram__bytes_write.sum                                                                                            Mbyte        53.77
    dram__bytes_write.sum.pct_of_peak_sustained_elapsed                                                                  %         2.43
    dram__bytes_write.sum.per_second                                                                               Gbyte/s       119.40
    l1tex__data_pipe_lsu_wavefronts_mem_shared.sum.pct_of_peak_sustained_elapsed                                         %        28.71
    l1tex__m_l1tex2xbar_write_bytes.sum                                                                              Mbyte        56.09
    l1tex__m_l1tex2xbar_write_bytes.sum.pct_of_peak_sustained_elapsed                                                    %         2.91
    l1tex__m_l1tex2xbar_write_bytes.sum.per_second                                                                 Gbyte/s       124.55
    l1tex__m_l1tex2xbar_write_bytes_mem_dshared.sum                                                                   byte            0
    l1tex__m_l1tex2xbar_write_bytes_mem_dshared.sum.pct_of_peak_sustained_elapsed                                        %            0
    l1tex__m_l1tex2xbar_write_bytes_mem_dshared.sum.per_second                                                      byte/s            0
    l1tex__m_l1tex2xbar_write_bytes_mem_global_op_tma_red.sum                                                         byte            0
    l1tex__m_l1tex2xbar_write_bytes_mem_global_op_tma_red.sum.pct_of_peak_sustained_elapsed                              %            0
    l1tex__m_l1tex2xbar_write_bytes_mem_global_op_tma_red.sum.per_second                                            byte/s            0
    l1tex__m_l1tex2xbar_write_bytes_mem_global_op_tma_st.sum                                                         Mbyte         3.15
    l1tex__m_l1tex2xbar_write_bytes_mem_global_op_tma_st.sum.pct_of_peak_sustained_elapsed                               %         0.16
    l1tex__m_l1tex2xbar_write_bytes_mem_global_op_tma_st.sum.per_second                                            Gbyte/s         6.99
    l1tex__m_l1tex2xbar_write_sectors_mem_dshared_op_atom.sum                                                       sector            0
    l1tex__m_l1tex2xbar_write_sectors_mem_dshared_op_atom.sum.pct_of_peak_sustained_elapsed                              %            0
    l1tex__m_l1tex2xbar_write_sectors_mem_dshared_op_atom.sum.per_second                                          sector/s            0
    l1tex__m_l1tex2xbar_write_sectors_mem_dshared_op_ld.sum                                                         sector            0
    l1tex__m_l1tex2xbar_write_sectors_mem_dshared_op_ld.sum.pct_of_peak_sustained_elapsed                                %            0
    l1tex__m_l1tex2xbar_write_sectors_mem_dshared_op_ld.sum.per_second                                            sector/s            0
    l1tex__m_l1tex2xbar_write_sectors_mem_dshared_op_redas.sum                                                      sector            0
    l1tex__m_l1tex2xbar_write_sectors_mem_dshared_op_redas.sum.pct_of_peak_sustained_elapsed                             %            0
    l1tex__m_l1tex2xbar_write_sectors_mem_dshared_op_redas.sum.per_second                                         sector/s            0
    l1tex__m_l1tex2xbar_write_sectors_mem_dshared_op_st.sum                                                         sector            0
    l1tex__m_l1tex2xbar_write_sectors_mem_dshared_op_st.sum.pct_of_peak_sustained_elapsed                                %            0
    l1tex__m_l1tex2xbar_write_sectors_mem_dshared_op_st.sum.per_second                                            sector/s            0
    l1tex__m_l1tex2xbar_write_sectors_mem_global_op_tma_red.sum                                                     sector            0
    l1tex__m_l1tex2xbar_write_sectors_mem_global_op_tma_red.sum.pct_of_peak_sustained_elapsed                            %            0
    l1tex__m_l1tex2xbar_write_sectors_mem_global_op_tma_red.sum.per_second                                        sector/s            0
    l1tex__m_l1tex2xbar_write_sectors_mem_global_op_tma_st.sum                                                      sector        98304
    l1tex__m_l1tex2xbar_write_sectors_mem_global_op_tma_st.sum.pct_of_peak_sustained_elapsed                             %         0.16
    l1tex__m_l1tex2xbar_write_sectors_mem_global_op_tma_st.sum.per_second                                        sector/us       218.29
    l1tex__m_xbar2l1tex_read_bytes.sum                                                                               Gbyte         1.40
    l1tex__m_xbar2l1tex_read_bytes.sum.pct_of_peak_sustained_elapsed                                                     %        18.19
    l1tex__m_xbar2l1tex_read_bytes.sum.per_second                                                                  Tbyte/s         3.11
    l1tex__m_xbar2l1tex_read_bytes_mem_dshared.sum                                                                    byte            0
    l1tex__m_xbar2l1tex_read_bytes_mem_dshared.sum.pct_of_peak_sustained_elapsed                                         %            0
    l1tex__m_xbar2l1tex_read_bytes_mem_dshared.sum.per_second                                                       byte/s            0
    l1tex__m_xbar2l1tex_read_bytes_mem_global_op_tma_ld.sum                                                          Gbyte         1.35
    l1tex__m_xbar2l1tex_read_bytes_mem_global_op_tma_ld.sum.pct_of_peak_sustained_elapsed                                %        17.49
    l1tex__m_xbar2l1tex_read_bytes_mem_global_op_tma_ld.sum.per_second                                             Tbyte/s         2.99
    l1tex__m_xbar2l1tex_read_sectors_mem_dshared_op_atom.sum                                                        sector            0
    l1tex__m_xbar2l1tex_read_sectors_mem_dshared_op_atom.sum.pct_of_peak_sustained_elapsed                               %            0
    l1tex__m_xbar2l1tex_read_sectors_mem_dshared_op_atom.sum.per_second                                           sector/s            0
    l1tex__m_xbar2l1tex_read_sectors_mem_dshared_op_ld.sum                                                          sector            0
    l1tex__m_xbar2l1tex_read_sectors_mem_dshared_op_ld.sum.pct_of_peak_sustained_elapsed                                 %            0
    l1tex__m_xbar2l1tex_read_sectors_mem_dshared_op_ld.sum.per_second                                             sector/s            0
    l1tex__m_xbar2l1tex_read_sectors_mem_dshared_op_redas.sum                                                       sector            0
    l1tex__m_xbar2l1tex_read_sectors_mem_dshared_op_redas.sum.pct_of_peak_sustained_elapsed                              %            0
    l1tex__m_xbar2l1tex_read_sectors_mem_dshared_op_redas.sum.per_second                                          sector/s            0
    l1tex__m_xbar2l1tex_read_sectors_mem_dshared_op_st.sum                                                          sector            0
    l1tex__m_xbar2l1tex_read_sectors_mem_dshared_op_st.sum.pct_of_peak_sustained_elapsed                                 %            0
    l1tex__m_xbar2l1tex_read_sectors_mem_dshared_op_st.sum.per_second                                             sector/s            0
    l1tex__m_xbar2l1tex_read_sectors_mem_global_op_tma_ld.sum                                                       sector     42074112
    l1tex__m_xbar2l1tex_read_sectors_mem_global_op_tma_ld.sum.pct_of_peak_sustained_elapsed                              %        17.49
    l1tex__m_xbar2l1tex_read_sectors_mem_global_op_tma_ld.sum.per_second                                         sector/ns        93.43
    l1tex__t_bytes_pipe_lsu_mem_global_op_ldgsts_cache_access.sum                                                     byte            0
    l1tex__t_bytes_pipe_lsu_mem_global_op_ldgsts_cache_access.sum.pct_of_peak_sustained_elapsed                          %            0
    l1tex__t_bytes_pipe_lsu_mem_global_op_ldgsts_cache_access.sum.per_second                                        byte/s            0
    l1tex__t_requests_pipe_lsu_mem_dshared_op_atom.sum                                                                                0
    l1tex__t_requests_pipe_lsu_mem_dshared_op_atom.sum.pct_of_peak_sustained_elapsed                                     %            0
    l1tex__t_requests_pipe_lsu_mem_dshared_op_ld.sum                                                                                  0
    l1tex__t_requests_pipe_lsu_mem_dshared_op_ld.sum.pct_of_peak_sustained_elapsed                                       %            0
    l1tex__t_requests_pipe_lsu_mem_dshared_op_redas.sum                                                                               0
    l1tex__t_requests_pipe_lsu_mem_dshared_op_redas.sum.pct_of_peak_sustained_elapsed                                    %            0
    l1tex__t_requests_pipe_lsu_mem_dshared_op_st.sum                                                                                  0
    l1tex__t_requests_pipe_lsu_mem_dshared_op_st.sum.pct_of_peak_sustained_elapsed                                       %            0
    l1tex__t_requests_pipe_lsu_mem_global_op_atom.sum                                                                              1986
    l1tex__t_requests_pipe_lsu_mem_global_op_atom.sum.pct_of_peak_sustained_elapsed                                      %         0.00
    l1tex__t_requests_pipe_lsu_mem_global_op_ld.sum                                                                             2862964
    l1tex__t_requests_pipe_lsu_mem_global_op_ld.sum.pct_of_peak_sustained_elapsed                                        %         4.76
    l1tex__t_requests_pipe_lsu_mem_global_op_red.sum                                                                                768
    l1tex__t_requests_pipe_lsu_mem_global_op_red.sum.pct_of_peak_sustained_elapsed                                       %         0.00
    l1tex__t_requests_pipe_lsu_mem_global_op_st.sum                                                                             1087288
    l1tex__t_requests_pipe_lsu_mem_global_op_st.sum.pct_of_peak_sustained_elapsed                                        %         1.81
    l1tex__t_requests_pipe_lsu_mem_local_op_ld.sum                                                                                    0
    l1tex__t_requests_pipe_lsu_mem_local_op_ld.sum.pct_of_peak_sustained_elapsed                                         %            0
    l1tex__t_requests_pipe_lsu_mem_local_op_st.sum                                                                                    0
    l1tex__t_requests_pipe_lsu_mem_local_op_st.sum.pct_of_peak_sustained_elapsed                                         %            0
    l1tex__t_requests_pipe_tex_mem_surface_op_atom.sum                                                                                0
    l1tex__t_requests_pipe_tex_mem_surface_op_atom.sum.pct_of_peak_sustained_elapsed                                     %            0
    l1tex__t_requests_pipe_tex_mem_surface_op_ld.sum                                                                                  0
    l1tex__t_requests_pipe_tex_mem_surface_op_ld.sum.pct_of_peak_sustained_elapsed                                       %            0
    l1tex__t_requests_pipe_tex_mem_surface_op_red.sum                                                                                 0
    l1tex__t_requests_pipe_tex_mem_surface_op_red.sum.pct_of_peak_sustained_elapsed                                      %            0
    l1tex__t_requests_pipe_tex_mem_surface_op_st.sum                                                                                  0
    l1tex__t_requests_pipe_tex_mem_surface_op_st.sum.pct_of_peak_sustained_elapsed                                       %            0
    l1tex__t_requests_pipe_tex_mem_texture.sum                                                                                        0
    l1tex__t_requests_pipe_tex_mem_texture.sum.pct_of_peak_sustained_elapsed                                             %            0
    l1tex__t_sector_hit_rate.pct                                                                                         %        64.05
    lrc__average_ilc_input_sector_compression_rate.ratio                                                                           1.01
    lrc__average_xbar2gpc_sectors_op_read.ratio                                                                                    8.69
    lrc__ilc_input_sectors.sum                                                                                                    42315
    lrc__ilc_input_sectors.sum.pct_of_peak_sustained_elapsed                                                             %         0.06
    lrc__ilc_input_sectors.sum.per_second                                                                             1/us        93.96
    lrc__lts2lrc_sectors_op_read.sum                                                                                            1665478
    lrc__lts2lrc_sectors_op_read.sum.pct_of_peak_sustained_elapsed                                                       %         1.15
    lrc__lts2lrc_sectors_op_read.sum.per_second                                                                       1/ns         3.70
    lrc__xbar2gpc_sectors_op_read.sum                                                                                          14785526
    lrc__xbar2gpc_sectors_op_read.sum.pct_of_peak_sustained_elapsed                                                      %         0.57
    lrc__xbar2gpc_sectors_op_read.sum.per_second                                                                      1/ns        32.83
    lts__average_gcomp_input_sector_success_rate.pct                                                                     %     12638.99
    lts__average_gcomp_output_sector_compression_achieved_rate.ratio                                                             128.18
    lts__t_sector_hit_rate.pct                                                                                           %        55.71
    lts__t_sectors_srcunit_ltcfabric.sum                                                                            sector     26930768
    lts__t_sectors_srcunit_ltcfabric.sum.pct_of_peak_sustained_elapsed                                                   %        37.24
    lts__t_sectors_srcunit_ltcfabric.sum.per_second                                                              sector/ns        59.80
    lts__t_sectors_srcunit_tex_aperture_peer_op_atom.sum                                                            sector            0
    lts__t_sectors_srcunit_tex_aperture_peer_op_atom.sum.pct_of_peak_sustained_elapsed                                   %            0
    lts__t_sectors_srcunit_tex_aperture_peer_op_atom.sum.per_second                                               sector/s            0
    lts__t_sectors_srcunit_tex_aperture_peer_op_read_lookup_miss.sum                                                sector            0
    lts__t_sectors_srcunit_tex_aperture_peer_op_read_lookup_miss.sum.pct_of_peak_sustained_elapsed                       %            0
    lts__t_sectors_srcunit_tex_aperture_peer_op_read_lookup_miss.sum.per_second                                   sector/s            0
    lts__t_sectors_srcunit_tex_aperture_peer_op_red.sum                                                             sector            0
    lts__t_sectors_srcunit_tex_aperture_peer_op_red.sum.pct_of_peak_sustained_elapsed                                    %            0
    lts__t_sectors_srcunit_tex_aperture_peer_op_red.sum.per_second                                                sector/s            0
    lts__t_sectors_srcunit_tex_aperture_peer_op_write.sum                                                           sector            0
    lts__t_sectors_srcunit_tex_aperture_peer_op_write.sum.pct_of_peak_sustained_elapsed                                  %            0
    lts__t_sectors_srcunit_tex_aperture_peer_op_write.sum.per_second                                              sector/s            0
    lts__t_sectors_srcunit_tex_aperture_sysmem_op_atom.sum                                                          sector            0
    lts__t_sectors_srcunit_tex_aperture_sysmem_op_atom.sum.pct_of_peak_sustained_elapsed                                 %            0
    lts__t_sectors_srcunit_tex_aperture_sysmem_op_atom.sum.per_second                                             sector/s            0
    lts__t_sectors_srcunit_tex_aperture_sysmem_op_read_lookup_miss.sum                                              sector            0
    lts__t_sectors_srcunit_tex_aperture_sysmem_op_read_lookup_miss.sum.pct_of_peak_sustained_elapsed                     %            0
    lts__t_sectors_srcunit_tex_aperture_sysmem_op_read_lookup_miss.sum.per_second                                 sector/s            0
    lts__t_sectors_srcunit_tex_aperture_sysmem_op_red.sum                                                           sector            0
    lts__t_sectors_srcunit_tex_aperture_sysmem_op_red.sum.pct_of_peak_sustained_elapsed                                  %            0
    lts__t_sectors_srcunit_tex_aperture_sysmem_op_red.sum.per_second                                              sector/s            0
    lts__t_sectors_srcunit_tex_aperture_sysmem_op_write.sum                                                         sector            0
    lts__t_sectors_srcunit_tex_aperture_sysmem_op_write.sum.pct_of_peak_sustained_elapsed                                %            0
    lts__t_sectors_srcunit_tex_aperture_sysmem_op_write.sum.per_second                                            sector/s            0
    lts__t_sectors_srcunit_tex_op_atom.sum                                                                          sector         2165
    lts__t_sectors_srcunit_tex_op_atom.sum.pct_of_peak_sustained_elapsed                                                 %         0.00
    lts__t_sectors_srcunit_tex_op_atom.sum.per_second                                                            sector/us         4.81
    lts__t_sectors_srcunit_tex_op_read.avg.pct_of_peak_sustained_elapsed                                                 %        33.42
    lts__t_sectors_srcunit_tex_op_read.sum                                                                          sector     48329640
    lts__t_sectors_srcunit_tex_op_red.sum                                                                           sector          768
    lts__t_sectors_srcunit_tex_op_red.sum.pct_of_peak_sustained_elapsed                                                  %         0.00
    lts__t_sectors_srcunit_tex_op_red.sum.per_second                                                             sector/us         1.71
    lts__t_sectors_srcunit_tex_op_write.avg.pct_of_peak_sustained_elapsed                                                %         2.42
    lts__t_sectors_srcunit_tex_op_write.sum                                                                         sector      1749836
    lts__t_sectors_srcunit_tex_op_write.sum.pct_of_peak_sustained_elapsed                                                %         2.42
    lts__t_sectors_srcunit_tex_op_write.sum.per_second                                                           sector/ns         3.89
    sm__sass_l1tex_m_xbar2l1tex_read_bytes_mem_global_op_ldgsts_cache_bypass.sum                                      byte            0
    sm__sass_l1tex_m_xbar2l1tex_read_bytes_mem_global_op_ldgsts_cache_bypass.sum.pct_of_peak_sustained_elapsed           %            0
    sm__sass_l1tex_m_xbar2l1tex_read_bytes_mem_global_op_ldgsts_cache_bypass.sum.per_second                         byte/s            0
    sm__sass_l1tex_t_requests_pipe_lsu_mem_global_op_ldgsts.sum                                                                       0
    sm__sass_l1tex_t_requests_pipe_lsu_mem_global_op_ldgsts.sum.pct_of_peak_sustained_elapsed                            %            0
    smsp__cycles_elapsed.sum                                                                                         cycle    240534976
    smsp__inst_executed_op_generic_atom_dot_alu.sum                                                                   inst         1986
    smsp__inst_executed_op_generic_atom_dot_alu.sum.pct_of_peak_sustained_elapsed                                        %         0.00
    smsp__inst_executed_op_generic_atom_dot_cas.sum                                                                   inst            0
    smsp__inst_executed_op_generic_atom_dot_cas.sum.pct_of_peak_sustained_elapsed                                        %            0
    smsp__inst_executed_op_global_red.sum                                                                             inst          768
    smsp__inst_executed_op_global_red.sum.pct_of_peak_sustained_elapsed                                                  %         0.00
    smsp__inst_executed_op_ldgsts.sum                                                                                 inst            0
    smsp__inst_executed_op_ldgsts.sum.pct_of_peak_sustained_elapsed                                                      %            0
    smsp__inst_executed_op_ldsm.sum                                                                                   inst            0
    smsp__inst_executed_op_ldsm.sum.pct_of_peak_sustained_elapsed                                                        %            0
    smsp__inst_executed_op_shared_atom.sum                                                                            inst            0
    smsp__inst_executed_op_shared_atom.sum.pct_of_peak_sustained_elapsed                                                 %            0
    smsp__inst_executed_op_shared_stsm.sum                                                                            inst            0
    smsp__inst_executed_op_shared_stsm.sum.pct_of_peak_sustained_elapsed                                                 %            0
    smsp__inst_executed_op_surface_atom_dot_alu.sum                                                                   inst            0
    smsp__inst_executed_op_surface_atom_dot_alu.sum.pct_of_peak_sustained_elapsed                                        %            0
    smsp__inst_executed_op_surface_atom_dot_cas.sum                                                                   inst            0
    smsp__inst_executed_op_surface_atom_dot_cas.sum.pct_of_peak_sustained_elapsed                                        %            0
    smsp__inst_executed_op_surface_ld.sum                                                                             inst            0
    smsp__inst_executed_op_surface_ld.sum.pct_of_peak_sustained_elapsed                                                  %            0
    smsp__inst_executed_op_surface_red.sum                                                                            inst            0
    smsp__inst_executed_op_surface_red.sum.pct_of_peak_sustained_elapsed                                                 %            0
    smsp__inst_executed_op_surface_st.sum                                                                             inst            0
    smsp__inst_executed_op_surface_st.sum.pct_of_peak_sustained_elapsed                                                  %            0
    smsp__inst_executed_op_texture.sum                                                                                inst            0
    smsp__inst_executed_op_texture.sum.pct_of_peak_sustained_elapsed                                                     %            0
    smsp__inst_executed_op_tma_ld.sum                                                                                 inst       115456
    smsp__inst_executed_op_tma_ld.sum.pct_of_peak_sustained_elapsed                                                      %         0.05
    smsp__inst_executed_op_tma_st.sum                                                                                 inst          768
    smsp__inst_executed_op_tma_st.sum.pct_of_peak_sustained_elapsed                                                      %         0.00
    smsp__sass_inst_executed_op_dshared.sum                                                                           inst            0
    smsp__sass_inst_executed_op_dshared.sum.pct_of_peak_sustained_elapsed                                                %            0
    smsp__sass_inst_executed_op_global_ld.sum                                                                         inst      3003498
    smsp__sass_inst_executed_op_global_st.sum                                                                         inst      1087288
    smsp__sass_inst_executed_op_local_ld.sum                                                                          inst            0
    smsp__sass_inst_executed_op_local_st.sum                                                                          inst            0
    smsp__sass_inst_executed_op_shared.sum                                                                            inst     17409940
    smsp__sass_inst_executed_op_shared.sum.pct_of_peak_sustained_elapsed                                                 %         7.24
    smsp__sass_inst_executed_op_shared_gmma.sum                                                                       inst      3145728
    smsp__sass_inst_executed_op_shared_gmma.sum.pct_of_peak_sustained_elapsed                                            %         5.23
    smsp__sass_inst_executed_op_shared_ld.sum                                                                         inst     14210428
    smsp__sass_inst_executed_op_shared_st.sum                                                                         inst        53784
    ---------------------------------------------------------------------------------------------------------- ----------- ------------

    Section: Memory Workload Analysis Tables
    ------------------------------------------ ----------- ------------
    Metric Name                                Metric Unit Metric Value
    ------------------------------------------ ----------- ------------
    DRAM Throughput                                      %        52.38
    L1TEX Hit Rate For Global Loads                      %        63.45
    L1TEX Hit Rate For Global Stores                     %        65.87
    L1TEX Hit Rate For Local Loads                       %            0
    L1TEX Hit Rate For Local Stores                      %            0
    L1TEX Throughput                                     %        38.22
    L2 Hit Rate For Loads                                %        58.83
    L2 Hit Rate For Stores                               %        99.32
    L2 Throughput                                        %        73.84
    Maximum Bytes Per Sector For Global Loads  byte/sector           32
    Average Bytes Per Sector For Global Loads  byte/sector        13.98
    Maximum Bytes Per Sector For Global Stores byte/sector           32
    Average Bytes Per Sector For Global Stores byte/sector        31.25
    Maximum Bytes Per Sector For Local Loads   byte/sector           32
    Average Bytes Per Sector For Local Loads   byte/sector            0
    Maximum Bytes Per Sector For Local Stores  byte/sector           32
    Average Bytes Per Sector For Local Stores  byte/sector            0
    ------------------------------------------ ----------- ------------

    Memory Tables
    Table Name : Shared Memory
    ------------------------------------------------------------------------------------------------ ----------- ------------
    Metric Name                                                                                      Metric Unit Metric Value
    ------------------------------------------------------------------------------------------------ ----------- ------------
    l1tex__data_bank_conflicts_pipe_lsu_mem_shared.sum                                                                 194310
    l1tex__data_bank_conflicts_pipe_lsu_mem_shared_op_atom.sum                                                              0
    l1tex__data_bank_conflicts_pipe_lsu_mem_shared_op_ld.sum                                                           164660
    l1tex__data_bank_conflicts_pipe_lsu_mem_shared_op_ldgsts.sum                                                            0
    l1tex__data_bank_conflicts_pipe_lsu_mem_shared_op_st.sum                                                            10486
    l1tex__data_pipe_lsu_wavefronts_mem_shared.sum                                                                   17263046
    l1tex__data_pipe_lsu_wavefronts_mem_shared.sum.pct_of_peak_sustained_elapsed                               %        28.71
    l1tex__data_pipe_lsu_wavefronts_mem_shared_op_atom.sum                                                                  0
    l1tex__data_pipe_lsu_wavefronts_mem_shared_op_atom.sum.pct_of_peak_sustained_elapsed                       %            0
    l1tex__data_pipe_lsu_wavefronts_mem_shared_op_ld.sum                                                             15385016
    l1tex__data_pipe_lsu_wavefronts_mem_shared_op_ld.sum.pct_of_peak_sustained_elapsed                         %        25.58
    l1tex__data_pipe_lsu_wavefronts_mem_shared_op_st.sum                                                                65425
    l1tex__data_pipe_lsu_wavefronts_mem_shared_op_st.sum.pct_of_peak_sustained_elapsed                         %         0.11
    smsp__inst_executed_op_ldgsts.sum                                                                       inst            0
    smsp__inst_executed_op_ldsm.sum                                                                         inst            0
    smsp__inst_executed_op_shared_atom.sum                                                                  inst            0
    smsp__inst_executed_op_shared_stsm.sum                                                                  inst            0
    smsp__sass_inst_executed_op_shared_ld.sum                                                               inst     14210428
    smsp__sass_inst_executed_op_shared_st.sum                                                               inst        53784
    smsp__sass_l1tex_data_pipe_lsu_wavefronts_mem_shared_op_ldgsts.sum                                                      0
    smsp__sass_l1tex_data_pipe_lsu_wavefronts_mem_shared_op_ldgsts.sum.pct_of_peak_sustained_elapsed           %            0
    ------------------------------------------------------------------------------------------------ ----------- ------------

    Table Name : L1/TEX Cache
    -------------------------------------------------------------------------------------------------------------- ----------- ------------
    Metric Name                                                                                                    Metric Unit Metric Value
    -------------------------------------------------------------------------------------------------------------- ----------- ------------
    ctc__rx_bytes_data_user.sum                                                                                                     (!) n/a
    ctc__rx_bytes_data_user.sum.pct_of_peak_sustained_elapsed                                                                       (!) n/a
    ctc__rx_bytes_data_user.sum.per_second                                                                                          (!) n/a
    ctc__tx_bytes_data_user.sum                                                                                                     (!) n/a
    ctc__tx_bytes_data_user.sum.pct_of_peak_sustained_elapsed                                                                       (!) n/a
    ctc__tx_bytes_data_user.sum.per_second                                                                                          (!) n/a
    l1tex__lsu_writeback_active_mem_lgds.sum                                                                             cycle      2878548
    l1tex__lsu_writeback_active_mem_lgds.sum.pct_of_peak_sustained_elapsed                                                   %         4.79
    l1tex__m_l1tex2xbar_write_sectors_mem_dshared_op_ld.sum                                                             sector            0
    l1tex__m_l1tex2xbar_write_sectors_mem_dshared_op_ld.sum.pct_of_peak_sustained_elapsed                                    %            0
    l1tex__m_l1tex2xbar_write_sectors_mem_dshared_op_redas.sum                                                          sector            0
    l1tex__m_l1tex2xbar_write_sectors_mem_dshared_op_redas.sum.pct_of_peak_sustained_elapsed                                 %            0
    l1tex__m_l1tex2xbar_write_sectors_mem_dshared_op_st.sum                                                             sector            0
    l1tex__m_l1tex2xbar_write_sectors_mem_dshared_op_st.sum.pct_of_peak_sustained_elapsed                                    %            0
    l1tex__m_l1tex2xbar_write_sectors_mem_dshared_op_tma_red.sum                                                        sector            0
    l1tex__m_l1tex2xbar_write_sectors_mem_dshared_op_tma_red.sum.pct_of_peak_sustained_elapsed                               %            0
    l1tex__m_l1tex2xbar_write_sectors_mem_dshared_op_tma_st.sum                                                         sector            0
    l1tex__m_l1tex2xbar_write_sectors_mem_dshared_op_tma_st.sum.pct_of_peak_sustained_elapsed                                %            0
    l1tex__m_l1tex2xbar_write_sectors_mem_global_op_atom.sum                                                            sector         2165
    l1tex__m_l1tex2xbar_write_sectors_mem_global_op_atom.sum.pct_of_peak_sustained_elapsed                                   %         0.00
    l1tex__m_l1tex2xbar_write_sectors_mem_global_op_red.sum                                                             sector          768
    l1tex__m_l1tex2xbar_write_sectors_mem_global_op_red.sum.pct_of_peak_sustained_elapsed                                    %         0.00
    l1tex__m_l1tex2xbar_write_sectors_mem_lg_op_st.sum                                                                  sector      1651515
    l1tex__m_l1tex2xbar_write_sectors_mem_lg_op_st.sum.pct_of_peak_sustained_elapsed                                         %         2.75
    l1tex__m_l1tex2xbar_write_sectors_mem_surface_op_atom.sum                                                           sector            0
    l1tex__m_l1tex2xbar_write_sectors_mem_surface_op_atom.sum.pct_of_peak_sustained_elapsed                                  %            0
    l1tex__m_l1tex2xbar_write_sectors_mem_surface_op_red.sum                                                            sector            0
    l1tex__m_l1tex2xbar_write_sectors_mem_surface_op_red.sum.pct_of_peak_sustained_elapsed                                   %            0
    l1tex__m_l1tex2xbar_write_sectors_mem_surface_op_st.sum                                                             sector            0
    l1tex__m_l1tex2xbar_write_sectors_mem_surface_op_st.sum.pct_of_peak_sustained_elapsed                                    %            0
    l1tex__m_xbar2l1tex_read_sectors_mem_dshared_op_ld.sum                                                              sector            0
    l1tex__m_xbar2l1tex_read_sectors_mem_dshared_op_ld.sum.pct_of_peak_sustained_elapsed                                     %            0
    l1tex__m_xbar2l1tex_read_sectors_mem_dshared_op_redas.sum                                                           sector            0
    l1tex__m_xbar2l1tex_read_sectors_mem_dshared_op_redas.sum.pct_of_peak_sustained_elapsed                                  %            0
    l1tex__m_xbar2l1tex_read_sectors_mem_dshared_op_st.sum                                                              sector            0
    l1tex__m_xbar2l1tex_read_sectors_mem_dshared_op_st.sum.pct_of_peak_sustained_elapsed                                     %            0
    l1tex__m_xbar2l1tex_read_sectors_mem_dshared_op_tma_red.sum                                                         sector            0
    l1tex__m_xbar2l1tex_read_sectors_mem_dshared_op_tma_red.sum.pct_of_peak_sustained_elapsed                                %            0
    l1tex__m_xbar2l1tex_read_sectors_mem_dshared_op_tma_st.sum                                                          sector            0
    l1tex__m_xbar2l1tex_read_sectors_mem_dshared_op_tma_st.sum.pct_of_peak_sustained_elapsed                                 %            0
    l1tex__m_xbar2l1tex_read_sectors_mem_global_op_atom.sum                                                             sector         2165
    l1tex__m_xbar2l1tex_read_sectors_mem_global_op_atom.sum.pct_of_peak_sustained_elapsed                                    %         0.00
    l1tex__m_xbar2l1tex_read_sectors_mem_lg_op_ld.sum                                                                   sector      1686976
    l1tex__m_xbar2l1tex_read_sectors_mem_lg_op_ld.sum.pct_of_peak_sustained_elapsed                                          %         0.70
    l1tex__m_xbar2l1tex_read_sectors_mem_surface_op_atom.sum                                                            sector            0
    l1tex__m_xbar2l1tex_read_sectors_mem_surface_op_atom.sum.pct_of_peak_sustained_elapsed                                   %            0
    l1tex__m_xbar2l1tex_read_sectors_mem_surface_op_ld.sum                                                              sector            0
    l1tex__m_xbar2l1tex_read_sectors_mem_surface_op_ld.sum.pct_of_peak_sustained_elapsed                                     %            0
    l1tex__m_xbar2l1tex_read_sectors_mem_texture.sum                                                                    sector            0
    l1tex__m_xbar2l1tex_read_sectors_mem_texture.sum.pct_of_peak_sustained_elapsed                                           %            0
    l1tex__t_output_wavefronts_pipe_lsu_mem_dshared_op_ld.sum                                                                             0
    l1tex__t_output_wavefronts_pipe_lsu_mem_dshared_op_ld.sum.pct_of_peak_sustained_elapsed                                  %            0
    l1tex__t_output_wavefronts_pipe_lsu_mem_dshared_op_redas.sum                                                                          0
    l1tex__t_output_wavefronts_pipe_lsu_mem_dshared_op_redas.sum.pct_of_peak_sustained_elapsed                               %            0
    l1tex__t_output_wavefronts_pipe_lsu_mem_dshared_op_st.sum                                                                             0
    l1tex__t_output_wavefronts_pipe_lsu_mem_dshared_op_st.sum.pct_of_peak_sustained_elapsed                                  %            0
    l1tex__t_output_wavefronts_pipe_lsu_mem_global_op_atom.sum                                                                         1989
    l1tex__t_output_wavefronts_pipe_lsu_mem_global_op_atom.sum.pct_of_peak_sustained_elapsed                                 %         0.00
    l1tex__t_output_wavefronts_pipe_lsu_mem_global_op_ld.sum                                                                        2870124
    l1tex__t_output_wavefronts_pipe_lsu_mem_global_op_ld.sum.pct_of_peak_sustained_elapsed                                   %         4.77
    l1tex__t_output_wavefronts_pipe_lsu_mem_global_op_red.sum                                                                           768
    l1tex__t_output_wavefronts_pipe_lsu_mem_global_op_red.sum.pct_of_peak_sustained_elapsed                                  %         0.00
    l1tex__t_output_wavefronts_pipe_lsu_mem_global_op_st.sum                                                                        1225201
    l1tex__t_output_wavefronts_pipe_lsu_mem_global_op_st.sum.pct_of_peak_sustained_elapsed                                   %         2.04
    l1tex__t_output_wavefronts_pipe_lsu_mem_local_op_ld.sum                                                                               0
    l1tex__t_output_wavefronts_pipe_lsu_mem_local_op_ld.sum.pct_of_peak_sustained_elapsed                                    %            0
    l1tex__t_output_wavefronts_pipe_lsu_mem_local_op_st.sum                                                                               0
    l1tex__t_output_wavefronts_pipe_lsu_mem_local_op_st.sum.pct_of_peak_sustained_elapsed                                    %            0
    l1tex__t_output_wavefronts_pipe_tex_mem_surface_op_atom.sum                                                                           0
    l1tex__t_output_wavefronts_pipe_tex_mem_surface_op_atom.sum.pct_of_peak_sustained_elapsed                                %            0
    l1tex__t_output_wavefronts_pipe_tex_mem_surface_op_ld.sum                                                                             0
    l1tex__t_output_wavefronts_pipe_tex_mem_surface_op_ld.sum.pct_of_peak_sustained_elapsed                                  %            0
    l1tex__t_output_wavefronts_pipe_tex_mem_surface_op_red.sum                                                                            0
    l1tex__t_output_wavefronts_pipe_tex_mem_surface_op_red.sum.pct_of_peak_sustained_elapsed                                 %            0
    l1tex__t_output_wavefronts_pipe_tex_mem_surface_op_st.sum                                                                             0
    l1tex__t_output_wavefronts_pipe_tex_mem_surface_op_st.sum.pct_of_peak_sustained_elapsed                                  %            0
    l1tex__t_output_wavefronts_pipe_tex_mem_texture.sum                                                                                   0
    l1tex__t_output_wavefronts_pipe_tex_mem_texture.sum.pct_of_peak_sustained_elapsed                                        %            0
    l1tex__t_requests_pipe_lsu_mem_dshared_op_ld.sum                                                                                      0
    l1tex__t_requests_pipe_lsu_mem_dshared_op_ld.sum.pct_of_peak_sustained_elapsed                                           %            0
    l1tex__t_requests_pipe_lsu_mem_dshared_op_redas.sum                                                                                   0
    l1tex__t_requests_pipe_lsu_mem_dshared_op_redas.sum.pct_of_peak_sustained_elapsed                                        %            0
    l1tex__t_requests_pipe_lsu_mem_dshared_op_st.sum                                                                                      0
    l1tex__t_requests_pipe_lsu_mem_dshared_op_st.sum.pct_of_peak_sustained_elapsed                                           %            0
    l1tex__t_requests_pipe_lsu_mem_global_op_atom.sum                                                                                  1986
    l1tex__t_requests_pipe_lsu_mem_global_op_atom.sum.pct_of_peak_sustained_elapsed                                          %         0.00
    l1tex__t_requests_pipe_lsu_mem_global_op_ld.sum                                                                                 2862964
    l1tex__t_requests_pipe_lsu_mem_global_op_ld.sum.pct_of_peak_sustained_elapsed                                            %         4.76
    l1tex__t_requests_pipe_lsu_mem_global_op_red.sum                                                                                    768
    l1tex__t_requests_pipe_lsu_mem_global_op_red.sum.pct_of_peak_sustained_elapsed                                           %         0.00
    l1tex__t_requests_pipe_lsu_mem_global_op_st.sum                                                                                 1087288
    l1tex__t_requests_pipe_lsu_mem_global_op_st.sum.pct_of_peak_sustained_elapsed                                            %         1.81
    l1tex__t_requests_pipe_lsu_mem_local_op_ld.sum                                                                                        0
    l1tex__t_requests_pipe_lsu_mem_local_op_ld.sum.pct_of_peak_sustained_elapsed                                             %            0
    l1tex__t_requests_pipe_lsu_mem_local_op_st.sum                                                                                        0
    l1tex__t_requests_pipe_lsu_mem_local_op_st.sum.pct_of_peak_sustained_elapsed                                             %            0
    l1tex__t_requests_pipe_tex_mem_surface_op_atom.sum                                                                                    0
    l1tex__t_requests_pipe_tex_mem_surface_op_atom.sum.pct_of_peak_sustained_elapsed                                         %            0
    l1tex__t_requests_pipe_tex_mem_surface_op_ld.sum                                                                                      0
    l1tex__t_requests_pipe_tex_mem_surface_op_ld.sum.pct_of_peak_sustained_elapsed                                           %            0
    l1tex__t_requests_pipe_tex_mem_surface_op_red.sum                                                                                     0
    l1tex__t_requests_pipe_tex_mem_surface_op_red.sum.pct_of_peak_sustained_elapsed                                          %            0
    l1tex__t_requests_pipe_tex_mem_surface_op_st.sum                                                                                      0
    l1tex__t_requests_pipe_tex_mem_surface_op_st.sum.pct_of_peak_sustained_elapsed                                           %            0
    l1tex__t_requests_pipe_tex_mem_texture.sum                                                                                            0
    l1tex__t_requests_pipe_tex_mem_texture.sum.pct_of_peak_sustained_elapsed                                                 %            0
    l1tex__t_sector_pipe_lsu_mem_global_op_atom_hit_rate.pct                                                                 %            0
    l1tex__t_sector_pipe_lsu_mem_global_op_ld_hit_rate.pct                                                                   %        63.45
    l1tex__t_sector_pipe_lsu_mem_global_op_red_hit_rate.pct                                                                  %            0
    l1tex__t_sector_pipe_lsu_mem_global_op_st_hit_rate.pct                                                                   %        65.87
    l1tex__t_sector_pipe_lsu_mem_local_op_ld_hit_rate.pct                                                                    %            0
    l1tex__t_sector_pipe_lsu_mem_local_op_st_hit_rate.pct                                                                    %            0
    l1tex__t_sector_pipe_tex_mem_surface_op_atom_hit_rate.pct                                                                %            0
    l1tex__t_sector_pipe_tex_mem_surface_op_ld_hit_rate.pct                                                                  %            0
    l1tex__t_sector_pipe_tex_mem_surface_op_red_hit_rate.pct                                                                 %            0
    l1tex__t_sector_pipe_tex_mem_surface_op_st_hit_rate.pct                                                                  %            0
    l1tex__t_sector_pipe_tex_mem_texture_op_tex_hit_rate.pct                                                                 %            0
    l1tex__t_sectors_pipe_lsu_mem_dshared_op_ld.sum                                                                     sector            0
    l1tex__t_sectors_pipe_lsu_mem_dshared_op_ld_lookup_miss.sum                                                         sector            0
    l1tex__t_sectors_pipe_lsu_mem_dshared_op_redas.sum                                                                  sector            0
    l1tex__t_sectors_pipe_lsu_mem_dshared_op_redas_lookup_miss.sum                                                      sector            0
    l1tex__t_sectors_pipe_lsu_mem_dshared_op_st.sum                                                                     sector            0
    l1tex__t_sectors_pipe_lsu_mem_dshared_op_st_lookup_miss.sum                                                         sector            0
    l1tex__t_sectors_pipe_lsu_mem_global_op_atom.sum                                                                    sector         2165
    l1tex__t_sectors_pipe_lsu_mem_global_op_atom_lookup_hit.sum                                                         sector            0
    l1tex__t_sectors_pipe_lsu_mem_global_op_atom_lookup_miss.sum                                                        sector         2165
    l1tex__t_sectors_pipe_lsu_mem_global_op_ld.sum                                                                      sector      4608631
    l1tex__t_sectors_pipe_lsu_mem_global_op_ld_lookup_hit.sum                                                           sector      2924024
    l1tex__t_sectors_pipe_lsu_mem_global_op_ld_lookup_miss.sum                                                          sector      1684607
    l1tex__t_sectors_pipe_lsu_mem_global_op_red.sum                                                                     sector          768
    l1tex__t_sectors_pipe_lsu_mem_global_op_red_lookup_hit.sum                                                          sector            0
    l1tex__t_sectors_pipe_lsu_mem_global_op_red_lookup_miss.sum                                                         sector          768
    l1tex__t_sectors_pipe_lsu_mem_global_op_st.sum                                                                      sector      1653816
    l1tex__t_sectors_pipe_lsu_mem_global_op_st_lookup_hit.sum                                                           sector      1089306
    l1tex__t_sectors_pipe_lsu_mem_global_op_st_lookup_miss.sum                                                          sector       564510
    l1tex__t_sectors_pipe_lsu_mem_local_op_ld.sum                                                                       sector            0
    l1tex__t_sectors_pipe_lsu_mem_local_op_ld_lookup_hit.sum                                                            sector            0
    l1tex__t_sectors_pipe_lsu_mem_local_op_ld_lookup_miss.sum                                                           sector            0
    l1tex__t_sectors_pipe_lsu_mem_local_op_st.sum                                                                       sector            0
    l1tex__t_sectors_pipe_lsu_mem_local_op_st_lookup_hit.sum                                                            sector            0
    l1tex__t_sectors_pipe_lsu_mem_local_op_st_lookup_miss.sum                                                           sector            0
    l1tex__t_sectors_pipe_tex_mem_surface_op_atom.sum                                                                   sector            0
    l1tex__t_sectors_pipe_tex_mem_surface_op_atom_lookup_hit.sum                                                        sector            0
    l1tex__t_sectors_pipe_tex_mem_surface_op_atom_lookup_miss.sum                                                       sector            0
    l1tex__t_sectors_pipe_tex_mem_surface_op_ld.sum                                                                     sector            0
    l1tex__t_sectors_pipe_tex_mem_surface_op_ld_lookup_hit.sum                                                          sector            0
    l1tex__t_sectors_pipe_tex_mem_surface_op_ld_lookup_miss.sum                                                         sector            0
    l1tex__t_sectors_pipe_tex_mem_surface_op_red.sum                                                                    sector            0
    l1tex__t_sectors_pipe_tex_mem_surface_op_red_lookup_hit.sum                                                         sector            0
    l1tex__t_sectors_pipe_tex_mem_surface_op_red_lookup_miss.sum                                                        sector            0
    l1tex__t_sectors_pipe_tex_mem_surface_op_st.sum                                                                     sector            0
    l1tex__t_sectors_pipe_tex_mem_surface_op_st_lookup_hit.sum                                                          sector            0
    l1tex__t_sectors_pipe_tex_mem_surface_op_st_lookup_miss.sum                                                         sector            0
    l1tex__t_sectors_pipe_tex_mem_texture.sum                                                                           sector            0
    l1tex__t_sectors_pipe_tex_mem_texture_lookup_hit.sum                                                                sector            0
    l1tex__t_sectors_pipe_tex_mem_texture_lookup_miss.sum                                                               sector            0
    l1tex__tex_writeback_active.sum                                                                                      cycle            0
    l1tex__tex_writeback_active.sum.pct_of_peak_sustained_elapsed                                                            %            0
    sm__sass_inst_executed_op_ldgsts_cache_access.sum                                                                     inst            0
    sm__sass_inst_executed_op_ldgsts_cache_bypass.sum                                                                     inst            0
    sm__sass_l1tex_t_requests_pipe_lsu_mem_global_op_ldgsts_cache_access.sum                                                              0
    sm__sass_l1tex_t_requests_pipe_lsu_mem_global_op_ldgsts_cache_bypass.sum                                                              0
    sm__sass_l1tex_t_sectors_pipe_lsu_mem_global_op_ldgsts_cache_access.sum                                             sector            0
    sm__sass_l1tex_t_sectors_pipe_lsu_mem_global_op_ldgsts_cache_access.sum.pct_of_peak_sustained_elapsed                    %            0
    sm__sass_l1tex_t_sectors_pipe_lsu_mem_global_op_ldgsts_cache_bypass.sum                                             sector            0
    sm__sass_l1tex_t_sectors_pipe_lsu_mem_global_op_ldgsts_cache_bypass.sum.pct_of_peak_sustained_elapsed                    %            0
    smsp__inst_executed_op_generic_atom_dot_alu.sum                                                                       inst         1986
    smsp__inst_executed_op_generic_atom_dot_cas.sum                                                                       inst            0
    smsp__inst_executed_op_global_red.sum                                                                                 inst          768
    smsp__inst_executed_op_surface_atom_dot_alu.sum                                                                       inst            0
    smsp__inst_executed_op_surface_atom_dot_cas.sum                                                                       inst            0
    smsp__inst_executed_op_surface_ld.sum                                                                                 inst            0
    smsp__inst_executed_op_surface_red.sum                                                                                inst            0
    smsp__inst_executed_op_surface_st.sum                                                                                 inst            0
    smsp__inst_executed_op_texture.sum                                                                                    inst            0
    smsp__sass_inst_executed_op_dshared_atom.sum                                                                          inst            0
    smsp__sass_inst_executed_op_dshared_ld.sum                                                                            inst            0
    smsp__sass_inst_executed_op_dshared_redas.sum                                                                         inst            0
    smsp__sass_inst_executed_op_dshared_st.sum                                                                            inst            0
    smsp__sass_inst_executed_op_dshared_stas.sum                                                                          inst            0
    smsp__sass_inst_executed_op_dshared_tma_red.sum                                                                       inst            0
    smsp__sass_inst_executed_op_dshared_tma_st.sum                                                                        inst            0
    smsp__sass_inst_executed_op_global_ld.sum                                                                             inst      3003498
    smsp__sass_inst_executed_op_global_st.sum                                                                             inst      1087288
    smsp__sass_inst_executed_op_local_ld.sum                                                                              inst            0
    smsp__sass_inst_executed_op_local_st.sum                                                                              inst            0
    smsp__sass_inst_executed_op_tma_ld.sum                                                                                inst       115456
    smsp__sass_inst_executed_op_tma_red.sum                                                                               inst            0
    smsp__sass_inst_executed_op_tma_st.sum                                                                                inst          768
    smsp__sass_l1tex_data_pipe_lsu_wavefronts_mem_shared_op_ldgsts_cache_access.sum                                                       0
    smsp__sass_l1tex_data_pipe_lsu_wavefronts_mem_shared_op_ldgsts_cache_access.sum.pct_of_peak_sustained_elapsed            %            0
    smsp__sass_l1tex_m_xbar2l1tex_read_sectors_mem_global_op_ldgsts_cache_bypass.sum                                    sector            0
    smsp__sass_l1tex_m_xbar2l1tex_read_sectors_mem_global_op_ldgsts_cache_bypass.sum.pct_of_peak_sustained_elapsed           %            0
    -------------------------------------------------------------------------------------------------------------- ----------- ------------

    Table Name : L2 Cache
    ---------------------------------------------------------------------------- ------------ ------------
    Metric Name                                                                   Metric Unit Metric Value
    ---------------------------------------------------------------------------- ------------ ------------
    lts__t_requests.sum                                                               request     49107633
    lts__t_requests_srcunit_ltcfabric.sum                                             request     12097960
    lts__t_requests_srcunit_tex.sum                                                   request     36963572
    lts__t_requests_srcunit_tex_op_atom_dot_alu.sum                                   request         2030
    lts__t_requests_srcunit_tex_op_atom_dot_cas.sum                                   request            0
    lts__t_requests_srcunit_tex_op_read.sum                                           request     35657752
    lts__t_requests_srcunit_tex_op_red.sum                                            request          768
    lts__t_requests_srcunit_tex_op_write.sum                                          request      1303022
    lts__t_sectors.avg.pct_of_peak_sustained_elapsed                                        %        35.63
    lts__t_sectors.avg.peak_sustained                                            sector/cycle            3
    lts__t_sectors.avg.per_cycle_elapsed                                         sector/cycle         1.07
    lts__t_sectors.sum                                                                 sector     77300285
    lts__t_sectors.sum.per_second                                                   sector/ns       171.65
    lts__t_sectors_aperture_device_lookup_miss.sum                                     sector     53217796
    lts__t_sectors_aperture_peer_lookup_miss.sum                                       sector            0
    lts__t_sectors_aperture_sysmem_lookup_miss.sum                                     sector            0
    lts__t_sectors_data_ecc.avg.pct_of_peak_sustained_elapsed                               %         0.00
    lts__t_sectors_data_ecc.avg.peak_sustained                                   sector/cycle            8
    lts__t_sectors_data_ecc.avg.per_cycle_elapsed                                sector/cycle         0.00
    lts__t_sectors_data_ecc.sum                                                        sector         8293
    lts__t_sectors_data_ecc.sum.per_second                                          sector/us        18.42
    lts__t_sectors_lookup_hit.sum                                                      sector     43062343
    lts__t_sectors_lookup_miss.sum                                                     sector     53217796
    lts__t_sectors_srcunit_ltcfabric.avg.pct_of_peak_sustained_elapsed                      %        37.24
    lts__t_sectors_srcunit_ltcfabric.avg.peak_sustained                          sector/cycle            1
    lts__t_sectors_srcunit_ltcfabric.avg.per_cycle_elapsed                       sector/cycle         0.37
    lts__t_sectors_srcunit_ltcfabric.sum                                               sector     26930768
    lts__t_sectors_srcunit_ltcfabric.sum.per_second                                 sector/ns        59.80
    lts__t_sectors_srcunit_ltcfabric_aperture_device_lookup_miss.sum                   sector     17079321
    lts__t_sectors_srcunit_ltcfabric_aperture_peer_lookup_miss.sum                     sector            0
    lts__t_sectors_srcunit_ltcfabric_aperture_sysmem_lookup_miss.sum                   sector            0
    lts__t_sectors_srcunit_ltcfabric_lookup_hit.sum                                    sector      9629782
    lts__t_sectors_srcunit_ltcfabric_lookup_miss.sum                                   sector     17079321
    lts__t_sectors_srcunit_tex.avg.pct_of_peak_sustained_elapsed                            %        34.63
    lts__t_sectors_srcunit_tex.avg.peak_sustained                                sector/cycle            2
    lts__t_sectors_srcunit_tex.avg.per_cycle_elapsed                             sector/cycle         0.69
    lts__t_sectors_srcunit_tex.sum                                                     sector     50082404
    lts__t_sectors_srcunit_tex.sum.pct_of_peak_sustained_elapsed                            %        34.63
    lts__t_sectors_srcunit_tex.sum.per_second                                       sector/ns       111.21
    lts__t_sectors_srcunit_tex_aperture_device_lookup_miss.sum                         sector     35956702
    lts__t_sectors_srcunit_tex_aperture_device_op_atom_dot_alu_lookup_miss.sum         sector           68
    lts__t_sectors_srcunit_tex_aperture_device_op_atom_dot_cas_lookup_miss.sum         sector            0
    lts__t_sectors_srcunit_tex_aperture_device_op_read_lookup_miss.sum                 sector     35956616
    lts__t_sectors_srcunit_tex_aperture_device_op_red_lookup_miss.sum                  sector           18
    lts__t_sectors_srcunit_tex_aperture_device_op_write_lookup_miss.sum                sector            0
    lts__t_sectors_srcunit_tex_aperture_peer_lookup_miss.sum                           sector            0
    lts__t_sectors_srcunit_tex_aperture_peer_op_atom_dot_alu_lookup_miss.sum           sector            0
    lts__t_sectors_srcunit_tex_aperture_peer_op_atom_dot_cas_lookup_miss.sum           sector            0
    lts__t_sectors_srcunit_tex_aperture_peer_op_read_lookup_miss.sum                   sector            0
    lts__t_sectors_srcunit_tex_aperture_peer_op_red_lookup_miss.sum                    sector            0
    lts__t_sectors_srcunit_tex_aperture_peer_op_write_lookup_miss.sum                  sector            0
    lts__t_sectors_srcunit_tex_aperture_sysmem_lookup_miss.sum                         sector            0
    lts__t_sectors_srcunit_tex_aperture_sysmem_op_atom_dot_alu_lookup_miss.sum         sector            0
    lts__t_sectors_srcunit_tex_aperture_sysmem_op_atom_dot_cas_lookup_miss.sum         sector            0
    lts__t_sectors_srcunit_tex_aperture_sysmem_op_read_lookup_miss.sum                 sector            0
    lts__t_sectors_srcunit_tex_aperture_sysmem_op_red_lookup_miss.sum                  sector            0
    lts__t_sectors_srcunit_tex_aperture_sysmem_op_write_lookup_miss.sum                sector            0
    lts__t_sectors_srcunit_tex_lookup_hit.sum                                          sector     33340830
    lts__t_sectors_srcunit_tex_lookup_miss.sum                                         sector     36168156
    lts__t_sectors_srcunit_tex_op_atom_dot_alu.avg.pct_of_peak_sustained_elapsed            %         0.00
    lts__t_sectors_srcunit_tex_op_atom_dot_alu.avg.peak_sustained                sector/cycle            1
    lts__t_sectors_srcunit_tex_op_atom_dot_alu.avg.per_cycle_elapsed             sector/cycle         0.00
    lts__t_sectors_srcunit_tex_op_atom_dot_alu.sum                                     sector         2165
    lts__t_sectors_srcunit_tex_op_atom_dot_alu.sum.per_second                       sector/us         4.81
    lts__t_sectors_srcunit_tex_op_atom_dot_alu_lookup_hit.sum                          sector         2116
    lts__t_sectors_srcunit_tex_op_atom_dot_alu_lookup_miss.sum                         sector           70
    lts__t_sectors_srcunit_tex_op_atom_dot_cas.avg.pct_of_peak_sustained_elapsed            %            0
    lts__t_sectors_srcunit_tex_op_atom_dot_cas.avg.peak_sustained                sector/cycle            1
    lts__t_sectors_srcunit_tex_op_atom_dot_cas.avg.per_cycle_elapsed             sector/cycle            0
    lts__t_sectors_srcunit_tex_op_atom_dot_cas.sum                                     sector            0
    lts__t_sectors_srcunit_tex_op_atom_dot_cas.sum.per_second                        sector/s            0
    lts__t_sectors_srcunit_tex_op_atom_dot_cas_lookup_hit.sum                          sector            0
    lts__t_sectors_srcunit_tex_op_atom_dot_cas_lookup_miss.sum                         sector            0
    lts__t_sectors_srcunit_tex_op_read.avg.pct_of_peak_sustained_elapsed                    %        33.42
    lts__t_sectors_srcunit_tex_op_read.avg.peak_sustained                        sector/cycle            2
    lts__t_sectors_srcunit_tex_op_read.avg.per_cycle_elapsed                     sector/cycle         0.67
    lts__t_sectors_srcunit_tex_op_read.sum                                             sector     48329640
    lts__t_sectors_srcunit_tex_op_read.sum.per_second                               sector/ns       107.32
    lts__t_sectors_srcunit_tex_op_read_lookup_hit.sum                                  sector     31558055
    lts__t_sectors_srcunit_tex_op_read_lookup_miss.sum                                 sector     35966830
    lts__t_sectors_srcunit_tex_op_red.avg.pct_of_peak_sustained_elapsed                     %         0.00
    lts__t_sectors_srcunit_tex_op_red.avg.peak_sustained                         sector/cycle            1
    lts__t_sectors_srcunit_tex_op_red.avg.per_cycle_elapsed                      sector/cycle         0.00
    lts__t_sectors_srcunit_tex_op_red.sum                                              sector          768
    lts__t_sectors_srcunit_tex_op_red.sum.per_second                                sector/us         1.71
    lts__t_sectors_srcunit_tex_op_red_lookup_hit.sum                                   sector          743
    lts__t_sectors_srcunit_tex_op_red_lookup_miss.sum                                  sector           18
    lts__t_sectors_srcunit_tex_op_write.avg.pct_of_peak_sustained_elapsed                   %         2.42
    lts__t_sectors_srcunit_tex_op_write.avg.peak_sustained                       sector/cycle            1
    lts__t_sectors_srcunit_tex_op_write.avg.per_cycle_elapsed                    sector/cycle         0.02
    lts__t_sectors_srcunit_tex_op_write.sum                                            sector      1749836
    lts__t_sectors_srcunit_tex_op_write.sum.per_second                              sector/ns         3.89
    lts__t_sectors_srcunit_tex_op_write_lookup_hit.sum                                 sector      1749830
    lts__t_sectors_srcunit_tex_op_write_lookup_miss.sum                                sector            0
    ---------------------------------------------------------------------------- ------------ ------------

    Table Name : L2 Cache Eviction Policies
    ----------------------------------------------------------------------- ----------- ------------
    Metric Name                                                             Metric Unit Metric Value
    ----------------------------------------------------------------------- ----------- ------------
    lts__t_sectors_evict_first_lookup_hit.sum                                    sector        34574
    lts__t_sectors_evict_first_lookup_miss.sum                                   sector        70320
    lts__t_sectors_evict_last_lookup_hit.sum                                     sector            0
    lts__t_sectors_evict_last_lookup_miss.sum                                    sector            0
    lts__t_sectors_evict_normal_demote_lookup_hit.sum                            sector            0
    lts__t_sectors_evict_normal_demote_lookup_miss.sum                           sector            0
    lts__t_sectors_evict_normal_lookup_hit.sum                                   sector     42945347
    lts__t_sectors_evict_normal_lookup_miss.sum                                  sector     53155715
    lts__t_sectors_srcunit_ltcfabric_evict_first_lookup_hit.sum                  sector         5448
    lts__t_sectors_srcunit_ltcfabric_evict_first_lookup_miss.sum                 sector        18276
    lts__t_sectors_srcunit_ltcfabric_evict_last_lookup_hit.sum                   sector            0
    lts__t_sectors_srcunit_ltcfabric_evict_last_lookup_miss.sum                  sector            0
    lts__t_sectors_srcunit_ltcfabric_evict_normal_demote_lookup_hit.sum          sector            0
    lts__t_sectors_srcunit_ltcfabric_evict_normal_demote_lookup_miss.sum         sector            0
    lts__t_sectors_srcunit_ltcfabric_evict_normal_lookup_hit.sum                 sector      9503614
    lts__t_sectors_srcunit_ltcfabric_evict_normal_lookup_miss.sum                sector     17061045
    lts__t_sectors_srcunit_tex_evict_first_lookup_hit.sum                        sector        29168
    lts__t_sectors_srcunit_tex_evict_first_lookup_miss.sum                       sector        41532
    lts__t_sectors_srcunit_tex_evict_last_lookup_hit.sum                         sector            0
    lts__t_sectors_srcunit_tex_evict_last_lookup_miss.sum                        sector            0
    lts__t_sectors_srcunit_tex_evict_normal_demote_lookup_hit.sum                sector            0
    lts__t_sectors_srcunit_tex_evict_normal_demote_lookup_miss.sum               sector            0
    lts__t_sectors_srcunit_tex_evict_normal_lookup_hit.sum                       sector     33311662
    lts__t_sectors_srcunit_tex_evict_normal_lookup_miss.sum                      sector     36125520
    lts__t_sectors_srcunit_tex_op_atom_evict_first_lookup_hit.sum                sector            0
    lts__t_sectors_srcunit_tex_op_atom_evict_first_lookup_miss.sum               sector            0
    lts__t_sectors_srcunit_tex_op_atom_evict_last_lookup_hit.sum                 sector            0
    lts__t_sectors_srcunit_tex_op_atom_evict_last_lookup_miss.sum                sector            0
    lts__t_sectors_srcunit_tex_op_atom_evict_normal_lookup_hit.sum               sector         2116
    lts__t_sectors_srcunit_tex_op_atom_evict_normal_lookup_miss.sum              sector           70
    lts__t_sectors_srcunit_tex_op_read_evict_first_lookup_hit.sum                sector        29412
    lts__t_sectors_srcunit_tex_op_read_evict_first_lookup_miss.sum               sector        41416
    lts__t_sectors_srcunit_tex_op_read_evict_last_lookup_hit.sum                 sector            0
    lts__t_sectors_srcunit_tex_op_read_evict_last_lookup_miss.sum                sector            0
    lts__t_sectors_srcunit_tex_op_read_evict_normal_demote_lookup_hit.sum        sector            0
    lts__t_sectors_srcunit_tex_op_read_evict_normal_demote_lookup_miss.sum       sector            0
    lts__t_sectors_srcunit_tex_op_read_evict_normal_lookup_hit.sum               sector     31528043
    lts__t_sectors_srcunit_tex_op_read_evict_normal_lookup_miss.sum              sector     35925414
    lts__t_sectors_srcunit_tex_op_write_evict_first_lookup_hit.sum               sector            0
    lts__t_sectors_srcunit_tex_op_write_evict_first_lookup_miss.sum              sector            0
    lts__t_sectors_srcunit_tex_op_write_evict_last_lookup_hit.sum                sector            0
    lts__t_sectors_srcunit_tex_op_write_evict_last_lookup_miss.sum               sector            0
    lts__t_sectors_srcunit_tex_op_write_evict_normal_demote_lookup_hit.sum       sector            0
    lts__t_sectors_srcunit_tex_op_write_evict_normal_demote_lookup_miss.sum      sector            0
    lts__t_sectors_srcunit_tex_op_write_evict_normal_lookup_hit.sum              sector      1749831
    lts__t_sectors_srcunit_tex_op_write_evict_normal_lookup_miss.sum             sector            0
    ----------------------------------------------------------------------- ----------- ------------

    Table Name : Device Memory
    --------------------------------------------------- ----------- ------------
    Metric Name                                         Metric Unit Metric Value
    --------------------------------------------------- ----------- ------------
    dram__bytes_read.sum                                      Gbyte         1.11
    dram__bytes_read.sum.pct_of_peak_sustained_elapsed            %        49.95
    dram__bytes_read.sum.per_second                         Tbyte/s         2.45
    dram__bytes_write.sum                                     Mbyte        53.77
    dram__bytes_write.sum.pct_of_peak_sustained_elapsed           %         2.43
    dram__bytes_write.sum.per_second                        Gbyte/s       119.40
    dram__sectors_read.sum                                   sector     34546184
    dram__sectors_write.sum                                  sector      1680312
    --------------------------------------------------- ----------- ------------

    OPT   Est. Speedup: 21.52%                                                                                          
          The memory access pattern for global loads from L1TEX might not be optimal. On average, only 14.0 of the 32   
          bytes transmitted per sector are utilized by each thread. This could possibly be caused by a stride between   
          threads. Check the Source Counters section for uncoalesced global loads.                                      
    ----- --------------------------------------------------------------------------------------------------------------
    OPT   Est. Speedup: 0.8955%                                                                                         
          The memory access pattern for global stores to L1TEX might not be optimal. On average, only 31.3 of the 32    
          bytes transmitted per sector are utilized by each thread. This could possibly be caused by a stride between   
          threads. Check the Source Counters section for uncoalesced global stores.                                     
    ----- --------------------------------------------------------------------------------------------------------------
    OPT   Est. Speedup: 6.138%                                                                                          
          The memory access pattern for shared stores might not be optimal and causes on average a 1.2 - way bank       
          conflict across all 53784 shared store requests.This results in 10486 bank conflicts,  which represent        
          16.03% of the overall 65425 wavefronts for shared stores. Check the Source Counters section for uncoalesced   
          shared stores.                                                                                                

    Section: Scheduler Statistics
    -------------------------------------- ----------- ------------
    Metric Name                            Metric Unit Metric Value
    -------------------------------------- ----------- ------------
    One or More Eligible                             %        55.03
    Issued Warp Per Scheduler                                  0.55
    No Eligible                                      %        44.97
    Theoretical Active Warps Per Scheduler        warp           16
    Active Warps Per Scheduler                    warp         6.05
    Eligible Warps Per Scheduler                  warp         1.13
    -------------------------------------- ----------- ------------

    Table Name : Warps Per Scheduler
    ------------------------------- ----------- ------------
    Metric Name                     Metric Unit Metric Value
    ------------------------------- ----------- ------------
    Issued Warp Per Scheduler                           0.55
    Theoretical Warps Per Scheduler        warp            6
    GPU Maximum Warps Per Scheduler        warp           16
    Active Warps Per Scheduler             warp         6.05
    Eligible Warps Per Scheduler           warp         1.13
    ------------------------------- ----------- ------------

    OPT   Est. Local Speedup: 32.09%                                                                                    
          Every scheduler is capable of issuing one instruction per cycle, but for this workload each scheduler only    
          issues an instruction every 1.8 cycles. This might leave hardware resources underutilized and may lead to     
          less optimal performance. Out of the maximum of 16 warps per scheduler, this workload allocates an average    
          of 6.05 active warps per scheduler, but only an average of 1.13 warps were eligible per cycle. Eligible       
          warps are the subset of active warps that are ready to issue their next instruction. Every cycle with no      
          eligible warp results in no instruction being issued and the issue slot remains unused. To increase the       
          number of eligible warps, avoid possible load imbalances due to highly different execution durations per      
          warp. Reducing stalls indicated on the Warp State Statistics and Source Counters sections can help, too.      

    Section: Warp State Statistics
    ---------------------------------------- ----------- ------------
    Metric Name                              Metric Unit Metric Value
    ---------------------------------------- ----------- ------------
    Warp Cycles Per Issued Instruction             cycle        10.99
    Warp Cycles Per Executed Instruction           cycle        10.99
    Issued Warp Per Scheduler                                    0.55
    Avg. Active Threads Per Warp                                29.11
    Avg. Not Predicated Off Threads Per Warp                    27.41
    ---------------------------------------- ----------- ------------

    Table Name : Warp State (All Cycles)
    ------------------------ ----------- ------------
    Metric Name              Metric Unit Metric Value
    ------------------------ ----------- ------------
    Stall Long Scoreboard           inst         2.90
    Stall Barrier                   inst         2.68
    Stall Wait                      inst         1.23
    Stall Not Selected              inst         1.05
    Selected                        inst         1.00
    Stall Math Pipe Throttle        inst         0.56
    Stall Short Scoreboard          inst         0.50
    Stall GMMA                      inst         0.44
    Stall Dispatch Stall            inst         0.19
    Stall Branch Resolving          inst         0.16
    Stall No Instruction            inst         0.06
    Stall Membar                    inst         0.02
    Stall Drain                     inst         0.00
    Stall IMC Miss                  inst         0.00
    Stall LG Throttle               inst         0.00
    Stall MIO Throttle              inst         0.00
    Stall Misc                      inst         0.00
    Stall Sleeping                  inst         0.00
    Stall Tex Throttle              inst            0
    ------------------------ ----------- ------------

    Section: Instruction Statistics
    ---------------------------------------- ----------- ------------
    Metric Name                              Metric Unit Metric Value
    ---------------------------------------- ----------- ------------
    Instructions Executed                           inst    153971292
    Avg. Executed Instructions Per Scheduler        inst    423104.88
    Executed Instructions                           inst    132008724
    Avg. Issued Instructions Per Scheduler          inst    423340.10
    Issued Instructions                             inst    132082110
    ---------------------------------------- ----------- ------------

    Table Name : Executed Instruction Mix
    ----------------------------------------------------- ----------- ------------------------------
    Metric Name                                           Metric Unit                   Metric Value
    ----------------------------------------------------- ----------- ------------------------------
    Executed Warp-Level Instructions By Basic SASS Opcode                       153971292 (31551207;
                                                                                 20341547; 14210428;
                                                                         12584448; 8720596; 8134691;
                                                                          6732994; 6436229; 3711724;
                                                                          3538944; 3467764; 3246080;
                                                                          3179288; 3172020; 3145728;
                                                                          2452570; 1868800; 1779040;
                                                                          1644385; 1611356; 1577116;
                                                                          1460701; 1092588; 1011468;
                                                                             941627; 923072; 633144;
                                                                             430584; 427034; 427008;
                                                                             406528; 394240; 347214;
                                                                             335898; 331784; 322540;
                                                                             274038; 196608; 138240;
                                                                             114688; 105472; 102512;
                                                                         87660; 67328; 53784; 52075;
                                                                         49152; 21529; 18432; 15388;
                                                                           10808; 10607; 8960; 8192;
                                                                             4276; 3840; 3364; 3072;
                                                                             2640; 2360; 2176; 1986;
                                                                             1948; 1872; 1872; 1548;
                                                                             1548; 1536; 1536; 1092;
                                                                         1024; 1024; 1024; 768; 768;
                                                                                 768; 768; 468; 156)
    ----------------------------------------------------- ----------- ------------------------------

    OPT   Est. Speedup: 3.031%                                                                                          
          This kernel executes 3246080 fused and 2295808 non-fused FP32 instructions. By converting pairs of non-fused  
          instructions to their fused (https://docs.nvidia.com/cuda/floating-point/#cuda-and-floating-point),           
          higher-throughput equivalent, the achieved FP32 performance could be increased by up to 21% (relative to its  
          current performance). Check the Source page to identify where this kernel executes FP32 instructions.         

    Section: NVLink Topology
    NVLink Topology
    The system does not have any NVLink connections.

    Section: NUMA Affinity
    -------------------------- ----------- ------------------------------
    Metric Name                Metric Unit                   Metric Value
    -------------------------- ----------- ------------------------------
    CPU Affinity                             8 (0-47,96-143; 0-47,96-143;
                                                0-47,96-143; 0-47,96-143;
                                                           48-95,144-191;
                                                           48-95,144-191;
                                            48-95,144-191; 48-95,144-191)
    Device Names                                 8 (NVIDIA H20-3e; NVIDIA
                                                   H20-3e; NVIDIA H20-3e;
                                                    NVIDIA H20-3e; NVIDIA
                                                   H20-3e; NVIDIA H20-3e;
                                            NVIDIA H20-3e; NVIDIA H20-3e)
    NUMA ID by CPU Affinity                    8 (0; 0; 0; 0; 1; 1; 1; 1)
    NUMA ID by Memory Affinity                 8 (0; 0; 0; 0; 1; 1; 1; 1)
    -------------------------- ----------- ------------------------------

    Table Name : NUMA Affinity
    ------ ------------- ----------------------- ------------- --------------------------
    GPU ID GPU Name      NUMA ID by CPU Affinity  CPU Affinity NUMA ID by Memory Affinity
    ------ ------------- ----------------------- ------------- --------------------------
         0 NVIDIA H20-3e                       0   0-47,96-143                          0
         1 NVIDIA H20-3e                       0   0-47,96-143                          0
         2 NVIDIA H20-3e                       0   0-47,96-143                          0
         3 NVIDIA H20-3e                       0   0-47,96-143                          0
         4 NVIDIA H20-3e                       1 48-95,144-191                          1
         5 NVIDIA H20-3e                       1 48-95,144-191                          1
         6 NVIDIA H20-3e                       1 48-95,144-191                          1
         7 NVIDIA H20-3e                       1 48-95,144-191                          1
    ------ ------------- ----------------------- ------------- --------------------------

    Section: Launch Statistics
    -------------------------------- --------------- ---------------
    Metric Name                          Metric Unit    Metric Value
    -------------------------------- --------------- ---------------
    Block Size                                                   384
    Cluster Scheduling Policy                           PolicySpread
    Cluster Size                                                   0
    Function Cache Configuration                     CachePreferNone
    Grid Size                                                    156
    Registers Per Thread             register/thread              80
    Shared Memory Configuration Size           Kbyte          233.47
    Driver Shared Memory Per Block       Kbyte/block            1.02
    Dynamic Shared Memory Per Block      Kbyte/block          102.40
    Static Shared Memory Per Block        byte/block               0
    # SMs                                         SM              78
    Stack Size                                                  1024
    Threads                                   thread           59904
    # TPCs                                                        39
    Enabled TPC IDs                                              all
    Uses Green Context                                             0
    Waves Per SM                                                   1
    Theoretical Occupancy                          %           37.50
    Achieved Occupancy                             %           37.50
    -------------------------------- --------------- ---------------

    Section: Occupancy
    ------------------------------- ----------- ------------
    Metric Name                     Metric Unit Metric Value
    ------------------------------- ----------- ------------
    Max Active Clusters                 cluster            0
    Max Cluster Size                      block            8
    Overall GPU Occupancy                     %            0
    Cluster Occupancy                         %            0
    Block Limit Barriers                  block            4
    Block Limit SM                        block           32
    Block Limit Registers                 block            2
    Block Limit Shared Mem                block            2
    Block Limit Warps                     block            5
    Theoretical Active Warps per SM        warp           24
    Theoretical Occupancy                     %        37.50
    Achieved Occupancy                        %        37.50
    Achieved Active Warps Per SM           warp        24.00
    Theoretical Warps Per Scheduler        warp            6
    GPU Maximum Warps Per Scheduler        warp           16
    ------------------------------- ----------- ------------

    % Occupancy Graphs
    Table Name : Impact of Varying Register Count Per Thread
    ------------------------------ --------------- ------------------------------
    Metric Name                        Metric Unit                   Metric Value
    ------------------------------ --------------- ------------------------------
    % Occupancy Per Register Count      %/register  4581 (37; 37; 37; 37; 37; 37;
                                                      37; 37; 37; 37; 37; 37; 37;
                                                      37; 37; 37; 37; 37; 37; 37;
                                                      37; 37; 37; 37; 37; 37; 37;
                                                      37; 37; 37; 37; 37; 37; 37;
                                                      37; 37; 37; 37; 37; 37; 37;
                                                      37; 37; 37; 37; 37; 37; 37;
                                                      37; 37; 37; 37; 37; 37; 37;
                                                      37; 37; 37; 37; 37; 37; 37;
                                                      37; 37; 37; 37; 37; 37; 37;
                                                      37; 37; 37; 37; 37; 37; 37;
                                                      37; 37; 37; 37; 37; 18; 18;
                                                      18; 18; 18; 18; 18; 18; 18;
                                                      18; 18; 18; 18; 18; 18; 18;
                                                      18; 18; 18; 18; 18; 18; 18;
                                                      18; 18; 18; 18; 18; 18; 18;
                                                      18; 18; 18; 18; 18; 18; 18;
                                                      18; 18; 18; 18; 18; 18; 18;
                                                      18; 18; 18; 18; 18; 18; 18;
                                                      18; 18; 18; 18; 18; 18; 18;
                                                      18; 18; 18; 18; 18; 18; 18;
                                                      18; 18; 18; 18; 18; 18; 18;
                                                      18; 18; 18; 18; 18; 18; 18;
                                                      18; 18; 18; 18; 18; 18; 18;
                                                     18; 18; 0; 0; 0; 0; 0; 0; 0;
                                                       0; 0; 0; 0; 0; 0; 0; 0; 0;
                                                       0; 0; 0; 0; 0; 0; 0; 0; 0;
                                                       0; 0; 0; 0; 0; 0; 0; 0; 0;
                                                       0; 0; 0; 0; 0; 0; 0; 0; 0;
                                                       0; 0; 0; 0; 0; 0; 0; 0; 0;
                                                       0; 0; 0; 0; 0; 0; 0; 0; 0;
                                                       0; 0; 0; 0; 0; 0; 0; 0; 0;
                                                       0; 0; 0; 0; 0; 0; 0; 0; 0;
                                                       0; 0; 0; 0; 0; 0; 0; 0; 0)
    Registers Per Thread           register/thread                             80
    ------------------------------ --------------- ------------------------------

    Table Name : Impact of Varying Block Size
    -------------------------- ----------- ------------------------------
    Metric Name                Metric Unit                   Metric Value
    -------------------------- ----------- ------------------------------
    % Occupancy Per Block Size           %     1163 (3; 3; 3; 6; 6; 9; 9;
                                              12; 12; 15; 15; 18; 18; 21;
                                              21; 25; 25; 28; 28; 31; 31;
                                              34; 34; 37; 37; 20; 20; 21;
                                              21; 23; 23; 25; 25; 26; 26;
                                              28; 28; 29; 29; 31; 31; 32;
                                              32; 34; 34; 35; 35; 37; 37;
                                               0; 0; 0; 0; 0; 0; 0; 0; 0;
                                                     0; 0; 0; 0; 0; 0; 0)
    Block Size                                                        384
    -------------------------- ----------- ------------------------------

    Table Name : Impact of Varying Shared Memory Usage Per Block
    ------------------------------- ----------- ------------------------------
    Metric Name                     Metric Unit                   Metric Value
    ------------------------------- ----------- ------------------------------
    % Occupancy Per Shared Mem Size     %/Kbyte       12.54 (0.04; 0.04; 0.04;
                                                       0.04; 0.04; 0.04; 0.04;
                                                       0.04; 0.04; 0.04; 0.04;
                                                       0.04; 0.04; 0.04; 0.04;
                                                       0.04; 0.04; 0.04; 0.04;
                                                       0.04; 0.04; 0.04; 0.04;
                                                       0.04; 0.04; 0.04; 0.04;
                                                       0.04; 0.04; 0.04; 0.04;
                                                       0.04; 0.04; 0.04; 0.04;
                                                       0.04; 0.04; 0.04; 0.04;
                                                       0.04; 0.04; 0.04; 0.04;
                                                       0.04; 0.04; 0.04; 0.04;
                                                       0.04; 0.04; 0.04; 0.04;
                                                       0.04; 0.04; 0.04; 0.04;
                                                       0.04; 0.04; 0.04; 0.04;
                                                       0.04; 0.04; 0.04; 0.04;
                                                       0.04; 0.04; 0.04; 0.04;
                                                       0.04; 0.04; 0.04; 0.04;
                                                       0.04; 0.04; 0.04; 0.04;
                                                       0.04; 0.04; 0.04; 0.04;
                                                       0.04; 0.04; 0.04; 0.04;
                                                       0.04; 0.04; 0.04; 0.04;
                                                       0.04; 0.04; 0.04; 0.04;
                                                       0.04; 0.04; 0.04; 0.04;
                                                       0.04; 0.04; 0.04; 0.04;
                                                       0.04; 0.04; 0.04; 0.04;
                                                       0.04; 0.04; 0.04; 0.04;
                                                       0.04; 0.04; 0.04; 0.04;
                                                       0.04; 0.04; 0.04; 0.04;
                                                       0.04; 0.04; 0.04; 0.04;
                                                       0.04; 0.04; 0.04; 0.04;
                                                       0.04; 0.04; 0.04; 0.04;
                                                       0.04; 0.04; 0.04; 0.04;
                                                       0.04; 0.04; 0.04; 0.04;
                                                       0.04; 0.04; 0.04; 0.04;
                                                       0.04; 0.04; 0.04; 0.04;
                                                       0.04; 0.04; 0.04; 0.04;
                                                       0.04; 0.04; 0.04; 0.04;
                                                       0.04; 0.04; 0.04; 0.04;
                                                       0.04; 0.04; 0.04; 0.04;
                                                       0.04; 0.04; 0.04; 0.04;
                                                       0.04; 0.04; 0.04; 0.04;
                                                       0.04; 0.04; 0.04; 0.04;
                                                       0.04; 0.04; 0.04; 0.04;
                                                       0.04; 0.04; 0.04; 0.04;
                                                       0.04; 0.04; 0.04; 0.04;
                                                       0.04; 0.04; 0.04; 0.04;
                                                       0.04; 0.04; 0.04; 0.04;
                                                       0.04; 0.04; 0.04; 0.04;
                                                       0.04; 0.04; 0.04; 0.04;
                                                       0.04; 0.04; 0.04; 0.04;
                                                       0.04; 0.04; 0.04; 0.04;
                                                       0.04; 0.04; 0.04; 0.04;
                                                       0.04; 0.04; 0.04; 0.04;
                                                       0.04; 0.04; 0.04; 0.04;
                                                       0.04; 0.04; 0.04; 0.04;
                                                       0.04; 0.04; 0.04; 0.04;
                                                       0.04; 0.04; 0.02; 0.02;
                                                       0.02; 0.02; 0.02; 0.02;
                                                       0.02; 0.02; 0.02; 0.02;
                                                       0.02; 0.02; 0.02; 0.02;
                                                       0.02; 0.02; 0.02; 0.02;
                                                       0.02; 0.02; 0.02; 0.02;
                                                       0.02; 0.02; 0.02; 0.02;
                                                       0.02; 0.02; 0.02; 0.02;
                                                       0.02; 0.02; 0.02; 0.02;
                                                       0.02; 0.02; 0.02; 0.02;
                                                       0.02; 0.02; 0.02; 0.02;
                                                       0.02; 0.02; 0.02; 0.02;
                                                       0.02; 0.02; 0.02; 0.02;
                                                       0.02; 0.02; 0.02; 0.02;
                                                       0.02; 0.02; 0.02; 0.02;
                                                       0.02; 0.02; 0.02; 0.02;
                                                       0.02; 0.02; 0.02; 0.02;
                                                       0.02; 0.02; 0.02; 0.02;
                                                       0.02; 0.02; 0.02; 0.02;
                                                       0.02; 0.02; 0.02; 0.02;
                                                       0.02; 0.02; 0.02; 0.02;
                                                       0.02; 0.02; 0.02; 0.02;
                                                       0.02; 0.02; 0.02; 0.02;
                                                       0.02; 0.02; 0.02; 0.02;
                                                       0.02; 0.02; 0.02; 0.02;
                                                       0.02; 0.02; 0.02; 0.02;
                                                       0.02; 0.02; 0.02; 0.02;
                                                       0.02; 0.02; 0.02; 0.02;
                                                       0.02; 0.02; 0.02; 0.02;
                                                       0.02; 0.02; 0.02; 0.02;
                                                       0.02; 0.02; 0.02; 0.02;
                                                       0.02; 0.02; 0.02; 0.02;
                                                       0.02; 0.02; 0.02; 0.02;
                                                       0.02; 0.02; 0.02; 0.02;
                                                       0.02; 0.02; 0.02; 0.02;
                                                       0.02; 0.02; 0.02; 0.02;
                                                       0.02; 0.02; 0.02; 0.02;
                                                       0.02; 0.02; 0.02; 0.02;
                                                       0.02; 0.02; 0.02; 0.02;
                                                       0.02; 0.02; 0.02; 0.02;
                                                       0.02; 0.02; 0.02; 0.02;
                                                       0.02; 0.02; 0.02; 0.02;
                                                       0.02; 0.02; 0.02; 0.02;
                                                       0.02; 0.02; 0.02; 0.02;
                                                       0.02; 0.02; 0.02; 0.02;
                                                       0.02; 0.02; 0.02; 0.02;
                                                       0.02; 0.02; 0.02; 0.02;
                                                       0.02; 0.02; 0.02; 0.02;
                                                       0.02; 0.02; 0.02; 0.02;
                                                       0.02; 0.02; 0.02; 0.02;
                                                       0.02; 0.02; 0.02; 0.02;
                                                       0.02; 0.02; 0.02; 0.02;
                                                       0.02; 0.02; 0.02; 0.02;
                                                       0.02; 0.02; 0.02; 0.02;
                                                       0.02; 0.02; 0.02; 0.02;
                                                       0.02; 0.02; 0.02; 0.02;
                                                    0.02; 0.02; 0.02; 0.02; 0)
    Shared Memory Per Block         Kbyte/block                         103.42
    ------------------------------- ----------- ------------------------------

    Table Name : Impact of Varying Block Barriers
    ----------------------------------- ----------- ------------------------------
    Metric Name                         Metric Unit                   Metric Value
    ----------------------------------- ----------- ------------------------------
    % Occupancy Per Block Barriers Size              1797 (37; 37; 37; 37; 37; 37;
                                                       37; 37; 37; 37; 37; 37; 37;
                                                       37; 37; 37; 37; 37; 37; 37;
                                                       37; 37; 37; 37; 37; 37; 37;
                                                       37; 37; 37; 37; 37; 37; 18;
                                                       18; 18; 18; 18; 18; 18; 18;
                                                       18; 18; 18; 18; 18; 18; 18;
                                                       18; 18; 18; 18; 18; 18; 18;
                                                       18; 18; 18; 18; 18; 18; 18;
                                                                       18; 18; 18)
    Block Barrier Count                                                         16
    ----------------------------------- ----------- ------------------------------

    Table Name : Impact of Varying Cluster Size
    --------------- ----------- ------------
    Metric Name     Metric Unit Metric Value
    --------------- ----------- ------------
    Cluster Size                           0
    Active Clusters                        0
    --------------- ----------- ------------

    # Warps Graphs
    Table Name : Impact of Varying Register Count Per Thread
    -------------------------- --------------- ------------------------------
    Metric Name                    Metric Unit                   Metric Value
    -------------------------- --------------- ------------------------------
    # Warps Per Register Count                  3000 (24; 24; 24; 24; 24; 24;
                                                  24; 24; 24; 24; 24; 24; 24;
                                                  24; 24; 24; 24; 24; 24; 24;
                                                  24; 24; 24; 24; 24; 24; 24;
                                                  24; 24; 24; 24; 24; 24; 24;
                                                  24; 24; 24; 24; 24; 24; 24;
                                                  24; 24; 24; 24; 24; 24; 24;
                                                  24; 24; 24; 24; 24; 24; 24;
                                                  24; 24; 24; 24; 24; 24; 24;
                                                  24; 24; 24; 24; 24; 24; 24;
                                                  24; 24; 24; 24; 24; 24; 24;
                                                  24; 24; 24; 24; 24; 12; 12;
                                                  12; 12; 12; 12; 12; 12; 12;
                                                  12; 12; 12; 12; 12; 12; 12;
                                                  12; 12; 12; 12; 12; 12; 12;
                                                  12; 12; 12; 12; 12; 12; 12;
                                                  12; 12; 12; 12; 12; 12; 12;
                                                  12; 12; 12; 12; 12; 12; 12;
                                                  12; 12; 12; 12; 12; 12; 12;
                                                  12; 12; 12; 12; 12; 12; 12;
                                                  12; 12; 12; 12; 12; 12; 12;
                                                  12; 12; 12; 12; 12; 12; 12;
                                                  12; 12; 12; 12; 12; 12; 12;
                                                  12; 12; 12; 12; 12; 12; 12;
                                                 12; 12; 0; 0; 0; 0; 0; 0; 0;
                                                   0; 0; 0; 0; 0; 0; 0; 0; 0;
                                                   0; 0; 0; 0; 0; 0; 0; 0; 0;
                                                   0; 0; 0; 0; 0; 0; 0; 0; 0;
                                                   0; 0; 0; 0; 0; 0; 0; 0; 0;
                                                   0; 0; 0; 0; 0; 0; 0; 0; 0;
                                                   0; 0; 0; 0; 0; 0; 0; 0; 0;
                                                   0; 0; 0; 0; 0; 0; 0; 0; 0;
                                                   0; 0; 0; 0; 0; 0; 0; 0; 0;
                                                   0; 0; 0; 0; 0; 0; 0; 0; 0)
    Registers Per Thread       register/thread                             80
    -------------------------- --------------- ------------------------------

    Table Name : Impact of Varying Block Size
    ---------------------- ----------- ------------------------------
    Metric Name            Metric Unit                   Metric Value
    ---------------------- ----------- ------------------------------
    Block Size                                                    384
    # Warps Per Block Size               758 (2; 2; 2; 4; 4; 6; 6; 8;
                                           8; 10; 10; 12; 12; 14; 14;
                                          16; 16; 18; 18; 20; 20; 22;
                                          22; 24; 24; 13; 13; 14; 14;
                                          15; 15; 16; 16; 17; 17; 18;
                                          18; 19; 19; 20; 20; 21; 21;
                                           22; 22; 23; 23; 24; 24; 0;
                                           0; 0; 0; 0; 0; 0; 0; 0; 0;
                                                    0; 0; 0; 0; 0; 0)
    ---------------------- ----------- ------------------------------

    Table Name : Impact of Varying Shared Memory Usage Per Block
    --------------------------- ----------- ------------------------------
    Metric Name                 Metric Unit                   Metric Value
    --------------------------- ----------- ------------------------------
    # Warps Per Shared Mem Size              8208 (24; 24; 24; 24; 24; 24;
                                               24; 24; 24; 24; 24; 24; 24;
                                               24; 24; 24; 24; 24; 24; 24;
                                               24; 24; 24; 24; 24; 24; 24;
                                               24; 24; 24; 24; 24; 24; 24;
                                               24; 24; 24; 24; 24; 24; 24;
                                               24; 24; 24; 24; 24; 24; 24;
                                               24; 24; 24; 24; 24; 24; 24;
                                               24; 24; 24; 24; 24; 24; 24;
                                               24; 24; 24; 24; 24; 24; 24;
                                               24; 24; 24; 24; 24; 24; 24;
                                               24; 24; 24; 24; 24; 24; 24;
                                               24; 24; 24; 24; 24; 24; 24;
                                               24; 24; 24; 24; 24; 24; 24;
                                               24; 24; 24; 24; 24; 24; 24;
                                               24; 24; 24; 24; 24; 24; 24;
                                               24; 24; 24; 24; 24; 24; 24;
                                               24; 24; 24; 24; 24; 24; 24;
                                               24; 24; 24; 24; 24; 24; 24;
                                               24; 24; 24; 24; 24; 24; 24;
                                               24; 24; 24; 24; 24; 24; 24;
                                               24; 24; 24; 24; 24; 24; 24;
                                               24; 24; 24; 24; 24; 24; 24;
                                               24; 24; 24; 24; 24; 24; 24;
                                               24; 24; 24; 24; 24; 24; 24;
                                               24; 24; 24; 24; 24; 24; 24;
                                               24; 24; 24; 24; 24; 24; 24;
                                               24; 24; 24; 24; 24; 24; 24;
                                               24; 24; 24; 24; 24; 24; 24;
                                               24; 24; 24; 24; 24; 24; 24;
                                               24; 24; 24; 24; 24; 24; 24;
                                               24; 24; 24; 24; 24; 24; 24;
                                               24; 24; 24; 24; 24; 24; 12;
                                               12; 12; 12; 12; 12; 12; 12;
                                               12; 12; 12; 12; 12; 12; 12;
                                               12; 12; 12; 12; 12; 12; 12;
                                               12; 12; 12; 12; 12; 12; 12;
                                               12; 12; 12; 12; 12; 12; 12;
                                               12; 12; 12; 12; 12; 12; 12;
                                               12; 12; 12; 12; 12; 12; 12;
                                               12; 12; 12; 12; 12; 12; 12;
                                               12; 12; 12; 12; 12; 12; 12;
                                               12; 12; 12; 12; 12; 12; 12;
                                               12; 12; 12; 12; 12; 12; 12;
                                               12; 12; 12; 12; 12; 12; 12;
                                               12; 12; 12; 12; 12; 12; 12;
                                               12; 12; 12; 12; 12; 12; 12;
                                               12; 12; 12; 12; 12; 12; 12;
                                               12; 12; 12; 12; 12; 12; 12;
                                               12; 12; 12; 12; 12; 12; 12;
                                               12; 12; 12; 12; 12; 12; 12;
                                               12; 12; 12; 12; 12; 12; 12;
                                               12; 12; 12; 12; 12; 12; 12;
                                               12; 12; 12; 12; 12; 12; 12;
                                               12; 12; 12; 12; 12; 12; 12;
                                               12; 12; 12; 12; 12; 12; 12;
                                               12; 12; 12; 12; 12; 12; 12;
                                               12; 12; 12; 12; 12; 12; 12;
                                               12; 12; 12; 12; 12; 12; 12;
                                               12; 12; 12; 12; 12; 12; 12;
                                               12; 12; 12; 12; 12; 12; 12;
                                               12; 12; 12; 12; 12; 12; 12;
                                               12; 12; 12; 12; 12; 12; 12;
                                               12; 12; 12; 12; 12; 12; 12;
                                               12; 12; 12; 12; 12; 12; 12;
                                                                    12; 0)
    Shared Memory Per Block     Kbyte/block                         103.42
    --------------------------- ----------- ------------------------------

    Table Name : Impact of Varying Block Barriers
    ------------------------------- ----------- ------------------------------
    Metric Name                     Metric Unit                   Metric Value
    ------------------------------- ----------- ------------------------------
    Block Barrier Count                                                     16
    # Warps Per Block Barriers Size              1176 (24; 24; 24; 24; 24; 24;
                                                   24; 24; 24; 24; 24; 24; 24;
                                                   24; 24; 24; 24; 24; 24; 24;
                                                   24; 24; 24; 24; 24; 24; 24;
                                                   24; 24; 24; 24; 24; 24; 12;
                                                   12; 12; 12; 12; 12; 12; 12;
                                                   12; 12; 12; 12; 12; 12; 12;
                                                   12; 12; 12; 12; 12; 12; 12;
                                                   12; 12; 12; 12; 12; 12; 12;
                                                                   12; 12; 12)
    ------------------------------- ----------- ------------------------------

    Table Name : Impact of Varying Cluster Size
    --------------- ----------- ------------
    Metric Name     Metric Unit Metric Value
    --------------- ----------- ------------
    Cluster Size                           0
    Active Clusters                        0
    --------------- ----------- ------------

    OPT   Est. Speedup: 32.09%                                                                                          
          The 6.00 theoretical warps per scheduler this kernel can issue according to its occupancy are below the       
          hardware maximum of 16. This kernel's theoretical occupancy (37.5%) is limited by the number of required      
          registers, and the required amount of shared memory.                                                          

    Section: GPU and Memory Workload Distribution
    -------------------------- ----------- ------------
    Metric Name                Metric Unit Metric Value
    -------------------------- ----------- ------------
    Average DRAM Active Cycles       cycle    754718.67
    Total DRAM Elapsed Cycles        cycle     69156864
    Average L1 Active Cycles         cycle    769286.86
    Total L1 Elapsed Cycles          cycle     60133744
    Average L2 Active Cycles         cycle    737252.96
    Total L2 Elapsed Cycles          cycle     72312508
    Average SM Active Cycles         cycle    769286.86
    Total SM Elapsed Cycles          cycle     60133744
    Average SMSP Active Cycles       cycle    769283.28
    Total SMSP Elapsed Cycles        cycle    240534976
    -------------------------- ----------- ------------

    Table Name : Workload Distribution
    ------------------ ----------- ------------
    Metric Name        Metric Unit Metric Value
    ------------------ ----------- ------------
    DRAM Active Cycles       cycle    754718.67
    DRAM Active Cycles       cycle       772504
    DRAM Active Cycles       cycle       384520
    DRAM Active Cycles       cycle     36226496
    L1 Active Cycles         cycle    769286.86
    L1 Active Cycles         cycle       775471
    L1 Active Cycles         cycle       761830
    L1 Active Cycles         cycle     60004375
    L2 Active Cycles         cycle    737252.96
    L2 Active Cycles         cycle       759075
    L2 Active Cycles         cycle       731091
    L2 Active Cycles         cycle     69301778
    SM Active Cycles         cycle    769286.86
    SM Active Cycles         cycle       775471
    SM Active Cycles         cycle       761830
    SM Active Cycles         cycle     60004375
    SMSP Active Cycles       cycle    769283.28
    SMSP Active Cycles       cycle       775338
    SMSP Active Cycles       cycle       762307
    SMSP Active Cycles       cycle    240016382
    ------------------ ----------- ------------

    Section: Source Counters
    --------------------------------------------------------------------------------------------------------- ----------- ------------
    Metric Name                                                                                               Metric Unit Metric Value
    --------------------------------------------------------------------------------------------------------- ----------- ------------
    Avg. Threads Executed                                                                                          thread        86021
    Avg. Predicated-On Threads Executed                                                                            thread        80870
    L1 Conflicts Shared N-Way                                                                                                      100
    L1 Wavefronts Shared Excessive                                                                                                   0
    L2 Theoretical Sectors Global Excessive                                                                         Kbyte        22.30
    Branch Instructions Ratio                                                                                           %         0.03
    Elapsed Cycles                                                                                                  cycle       773724
    Warp Stall Sampling (All Samples) (smsp__pcsamp_warps_issue_stalled_barrier)                                     warp         6974
    Warp Stall Sampling (All Samples) (smsp__pcsamp_warps_issue_stalled_branch_resolving)                        branches          439
    Warp Stall Sampling (All Samples) (smsp__pcsamp_warps_issue_stalled_dispatch_stall)                              warp          506
    Warp Stall Sampling (All Samples) (smsp__pcsamp_warps_issue_stalled_drain)                                       warp            0
    Warp Stall Sampling (All Samples) (smsp__pcsamp_warps_issue_stalled_imc_miss)                                    warp            3
    Warp Stall Sampling (All Samples) (smsp__pcsamp_warps_issue_stalled_lg_throttle)                                 warp            0
    Warp Stall Sampling (All Samples) (smsp__pcsamp_warps_issue_stalled_long_scoreboard)                             warp         8012
    Warp Stall Sampling (All Samples) (smsp__pcsamp_warps_issue_stalled_math_pipe_throttle)                          warp         1476
    Warp Stall Sampling (All Samples) (smsp__pcsamp_warps_issue_stalled_membar)                                      byte          131
    Warp Stall Sampling (All Samples) (smsp__pcsamp_warps_issue_stalled_mio_throttle)                                warp            2
    Warp Stall Sampling (All Samples) (smsp__pcsamp_warps_issue_stalled_misc)                                        warp            1
    Warp Stall Sampling (All Samples) (smsp__pcsamp_warps_issue_stalled_no_instructions)                             inst          167
    Warp Stall Sampling (All Samples) (smsp__pcsamp_warps_issue_stalled_not_selected)                                warp         2809
    Warp Stall Sampling (All Samples) (smsp__pcsamp_warps_issue_stalled_selected)                                    warp         2756
    Warp Stall Sampling (All Samples) (smsp__pcsamp_warps_issue_stalled_short_scoreboard)                            warp         1317
    Warp Stall Sampling (All Samples) (smsp__pcsamp_warps_issue_stalled_sleeping)                                    warp            2
    Warp Stall Sampling (All Samples) (smsp__pcsamp_warps_issue_stalled_tex_throttle)                                warp            0
    Warp Stall Sampling (All Samples) (smsp__pcsamp_warps_issue_stalled_wait)                                        warp         3325
    Warp Stall Sampling (All Samples) (smsp__pcsamp_warps_issue_stalled_warpgroup_arrive)                            warp         1258
    Warp Stall Sampling (Not-issued Samples) (smsp__pcsamp_warps_issue_stalled_barrier_not_issued)                   warp         3759
    Warp Stall Sampling (Not-issued Samples) (smsp__pcsamp_warps_issue_stalled_branch_resolving_not_issued)      branches          243
    Warp Stall Sampling (Not-issued Samples) (smsp__pcsamp_warps_issue_stalled_dispatch_stall_not_issued)            warp          103
    Warp Stall Sampling (Not-issued Samples) (smsp__pcsamp_warps_issue_stalled_drain_not_issued)                     warp            0
    Warp Stall Sampling (Not-issued Samples) (smsp__pcsamp_warps_issue_stalled_imc_miss_not_issued)                  warp            3
    Warp Stall Sampling (Not-issued Samples) (smsp__pcsamp_warps_issue_stalled_lg_throttle_not_issued)               warp            0
    Warp Stall Sampling (Not-issued Samples) (smsp__pcsamp_warps_issue_stalled_long_scoreboard_not_issued)           warp         4391
    Warp Stall Sampling (Not-issued Samples) (smsp__pcsamp_warps_issue_stalled_math_pipe_throttle_not_issued)        warp          578
    Warp Stall Sampling (Not-issued Samples) (smsp__pcsamp_warps_issue_stalled_membar_not_issued)                    byte           45
    Warp Stall Sampling (Not-issued Samples) (smsp__pcsamp_warps_issue_stalled_mio_throttle_not_issued)              warp            1
    Warp Stall Sampling (Not-issued Samples) (smsp__pcsamp_warps_issue_stalled_misc_not_issued)                      warp            1
    Warp Stall Sampling (Not-issued Samples) (smsp__pcsamp_warps_issue_stalled_no_instructions_not_issued)           inst           87
    Warp Stall Sampling (Not-issued Samples) (smsp__pcsamp_warps_issue_stalled_not_selected_not_issued)              warp            0
    Warp Stall Sampling (Not-issued Samples) (smsp__pcsamp_warps_issue_stalled_selected_not_issued)                  warp            0
    Warp Stall Sampling (Not-issued Samples) (smsp__pcsamp_warps_issue_stalled_short_scoreboard_not_issued)          warp          565
    Warp Stall Sampling (Not-issued Samples) (smsp__pcsamp_warps_issue_stalled_sleeping_not_issued)                  warp            0
    Warp Stall Sampling (Not-issued Samples) (smsp__pcsamp_warps_issue_stalled_tex_throttle_not_issued)              warp            0
    Warp Stall Sampling (Not-issued Samples) (smsp__pcsamp_warps_issue_stalled_wait_not_issued)                      warp         1267
    Warp Stall Sampling (Not-issued Samples) (smsp__pcsamp_warps_issue_stalled_warpgroup_arrive_not_issued)          warp          402
    Instructions Executed                                                                                            inst    153971292
    L1 Active Cycles                                                                                                cycle     60004375
    L1 Elapsed Cycles                                                                                               cycle     60133744
    L2 Active Cycles                                                                                                cycle     69301778
    L2 Elapsed Cycles                                                                                               cycle     72312508
    Access Size                                                                                                                      0
    Access Operation                                                                                                                 0
    L1 Tag Requests Global                                                                                        sectors      4957541
    L1 Wavefronts Shared                                                                                          sectors     15846516
    L1 Wavefronts Shared Ideal                                                                                    sectors     15846516
    L2 Theoretical Sectors Global                                                                                 sectors      6589434
    L2 Theoretical Sectors Global Ideal                                                                           sectors      6567131
    L2 Theoretical Sectors Local                                                                                  sectors            0
    Address Space                                                                                                                    0
    Divergent Branches                                                                                           branches       703383
    Executed Instructions                                                                                            inst    132008724
    Branch Instructions                                                                                              inst      4109633
    # Samples                                                                                                                    29178
    stall_barrier                                                                                                    warp         6974
    stall_barrier (Not Issued)                                                                                       warp         3759
    stall_branch_resolving                                                                                       branches          439
    stall_branch_resolving (Not Issued)                                                                          branches          243
    stall_dispatch                                                                                                   warp          506
    stall_dispatch (Not Issued)                                                                                      warp          103
    stall_drain                                                                                                      warp            0
    stall_drain (Not Issued)                                                                                         warp            0
    stall_imc                                                                                                        warp            3
    stall_imc (Not Issued)                                                                                           warp            3
    stall_lg                                                                                                         warp            0
    stall_lg (Not Issued)                                                                                            warp            0
    stall_long_sb                                                                                                    warp         8012
    stall_long_sb (Not Issued)                                                                                       warp         4391
    stall_math                                                                                                       warp         1476
    stall_math (Not Issued)                                                                                          warp          578
    stall_membar                                                                                                     byte          131
    stall_membar (Not Issued)                                                                                        byte           45
    stall_mio                                                                                                        warp            2
    stall_mio (Not Issued)                                                                                           warp            1
    stall_misc                                                                                                       warp            1
    stall_misc (Not Issued)                                                                                          warp            1
    stall_no_inst                                                                                                    inst          167
    stall_no_inst (Not Issued)                                                                                       inst           87
    stall_not_selected                                                                                               warp         2809
    stall_not_selected (Not Issued)                                                                                  warp            0
    stall_selected                                                                                                   warp         2756
    stall_selected (Not Issued)                                                                                      warp            0
    stall_short_sb                                                                                                   warp         1317
    stall_short_sb (Not Issued)                                                                                      warp          565
    stall_sleep                                                                                                      warp            2
    stall_sleeping (Not Issued)                                                                                      warp            0
    stall_tex                                                                                                        warp            0
    stall_tex (Not Issued)                                                                                           warp            0
    stall_wait                                                                                                       warp         3325
    stall_wait (Not Issued)                                                                                          warp         1267
    Branch Efficiency                                                                                                   %        80.38
    Avg. Divergent Branches                                                                                                    2254.43
    L2 Explicit Evict Policies                                                                                                       0
    L2 Explicit Hit Policy Evict First                                                                               inst            0
    L2 Explicit Hit Policy Evict Last                                                                                inst            0
    L2 Explicit Hit Policy Evict Normal                                                                              inst            0
    L2 Explicit Hit Policy Evict Normal Demote                                                                       inst            0
    L2 Explicit Miss Policy Evict First                                                                              inst            0
    L2 Explicit Miss Policy Evict Normal                                                                             inst            0
    Thread Instructions Executed                                                                                     inst   4489534040
    Predicated-On Thread Instructions Executed                                                                       inst   4259623689
    --------------------------------------------------------------------------------------------------------- ----------- ------------

    Hotspot Locations
    Table Name : Warp Stall Sampling (All Samples)
    --------------------------------------------------- ----------- ------------
    Metric Name                                         Metric Unit Metric Value
    --------------------------------------------------- ----------- ------------
    smsp__pcsamp_warps_issue_stalled_barrier                   warp         6974
    smsp__pcsamp_warps_issue_stalled_branch_resolving      branches          439
    smsp__pcsamp_warps_issue_stalled_dispatch_stall            warp          506
    smsp__pcsamp_warps_issue_stalled_drain                     warp            0
    smsp__pcsamp_warps_issue_stalled_imc_miss                  warp            3
    smsp__pcsamp_warps_issue_stalled_lg_throttle               warp            0
    smsp__pcsamp_warps_issue_stalled_long_scoreboard           warp         8012
    smsp__pcsamp_warps_issue_stalled_math_pipe_throttle        warp         1476
    smsp__pcsamp_warps_issue_stalled_membar                    byte          131
    smsp__pcsamp_warps_issue_stalled_mio_throttle              warp            2
    smsp__pcsamp_warps_issue_stalled_misc                      warp            1
    smsp__pcsamp_warps_issue_stalled_no_instructions           inst          167
    smsp__pcsamp_warps_issue_stalled_not_selected              warp         2809
    smsp__pcsamp_warps_issue_stalled_selected                  warp         2756
    smsp__pcsamp_warps_issue_stalled_short_scoreboard          warp         1317
    smsp__pcsamp_warps_issue_stalled_sleeping                  warp            2
    smsp__pcsamp_warps_issue_stalled_tex_throttle              warp            0
    smsp__pcsamp_warps_issue_stalled_wait                      warp         3325
    smsp__pcsamp_warps_issue_stalled_warpgroup_arrive          warp         1258
    --------------------------------------------------- ----------- ------------

    Table Name : Most Instructions Executed
    --------------------- ----------- ------------
    Metric Name           Metric Unit Metric Value
    --------------------- ----------- ------------
    Instructions Executed        inst    153971292
    --------------------- ----------- ------------

    OPT   Est. Speedup: 0.3244%                                                                                         
          This kernel has uncoalesced global accesses resulting in a total of 22303 excessive sectors (0% of the total  
          6589434 sectors). Check the L2 Theoretical Sectors Global Excessive table for the primary source locations.   
          The CUDA Programming Guide                                                                                    
          (https://docs.nvidia.com/cuda/cuda-c-programming-guide/index.html#device-memory-accesses) has additional      
          information on reducing uncoalesced device memory accesses.                                                   

