[373538] python3.12@127.0.0.1
  void route_gemm<512, 4096, 1, 0, 0, 0, 0>(CUtensorMap_st, CUtensorMap_st, const unsigned char *, const unsigned char *, const float *, const unsigned char *, const float *, const int *, const int *, const int *, const float *, float *, const uint2 *, int *, int, int) (10272, 1, 1)x(128, 1, 1), Context 1, Stream 13, Device 0, CC 9.0
    Section: GPU Speed Of Light Throughput
    ----------------------- ----------- ------------
    Metric Name             Metric Unit Metric Value
    ----------------------- ----------- ------------
    DRAM Frequency                  Ghz         3.20
    SM Frequency                    Ghz         1.62
    Elapsed Cycles                cycle      186,925
    Memory Throughput                 %        53.07
    DRAM Throughput                   %        50.70
    Duration                         us       114.88
    L1/TEX Cache Throughput           %        54.14
    Waves Per SM                               14.63
    L2 Cache Throughput               %        64.19
    SM Active Cycles              cycle   180,458.45
    Compute (SM) Throughput           %        77.47
    ----------------------- ----------- ------------

    GPU Throughput Chart
    Table Name : GPU Throughput
    ---------------- ----------- ------------
    Metric Name      Metric Unit Metric Value
    ---------------- ----------- ------------
    Memory [%]                 %        53.07
    Compute (SM) [%]           %        77.47
    ---------------- ----------- ------------

    GPU Throughput Breakdown
    Table Name : Compute Throughput Breakdown
    ------------------------------------------------------------------------- ----------- ------------
    Metric Name                                                               Metric Unit Metric Value
    ------------------------------------------------------------------------- ----------- ------------
    SM: Issue Active                                                                    %        77.47
    SM: Inst Executed                                                                   %        77.43
    SM: Pipe Alu Cycles Active                                                          %        63.91
    SM: Inst Executed Pipe Lsu                                                          %        40.21
    SM: Pipe Fmaheavy Cycles Active                                                     %        33.72
    SM: Pipe Tensor Type Hmma Hgmma Qgmma Imma Igmma Bmma Bgmma Cycles Active           %        28.41
    SM: Mio Inst Issued                                                                 %        22.94
    SM: Pipe Fma Cycles Active                                                          %        17.85
    SM: Inst Executed Pipe Uniform                                                      %        13.77
    SM: Mio2rf Writeback Active                                                         %        12.89
    SM: Inst Executed Pipe Adu                                                          %        10.90
    SM: Pipe Shared Cycles Active                                                       %         7.10
    SM: Pipe Tensor Cycles Active                                                       %         7.10
    SM: Inst Executed Pipe Cbu Pred On Any                                              %         6.17
    SM: Mio Pq Read Cycles Active                                                       %         5.79
    SM: Mio Pq Write Cycles Active                                                      %         5.78
    IDC: Request Cycles Active                                                          %         2.08
    SM: Pipe Tma Cycles Active                                                          %         0.44
    SM: Inst Executed Pipe Ipa                                                          %            0
    SM: Inst Executed Pipe Tex                                                          %            0
    SM: Inst Executed Pipe Xu                                                           %            0
    SM: Instruction Throughput Internal Activity                                        %            0
    SM: Memory Throughput Internal Activity                                             %            0
    SM: Pipe Fp64 Cycles Active                                                         %            0
    SM: Pipe Tensor Op Dmma Cycles Active                                               %            0
    ------------------------------------------------------------------------- ----------- ------------

    Table Name : Memory Throughput Breakdown
    -------------------------------------------------------- ----------- ------------
    Metric Name                                              Metric Unit Metric Value
    -------------------------------------------------------- ----------- ------------
    L1: Data Pipe Lsu Wavefronts                                       %        53.07
    DRAM: Cycles Active                                                %        50.70
    DRAM: Dram Sectors                                                 %        47.53
    L1: Lsuin Requests                                                 %        47.32
    L2: D Sectors Fill Device                                          %        46.94
    L1: Lsu Writeback Active                                           %        39.22
    L2: D Sectors                                                      %        36.88
    L2: T Sectors                                                      %        25.68
    L2: T Tag Requests                                                 %        25.13
    GPU: Compute Memory Access Throughput Internal Activity            %        24.94
    L2: Lts2xbar Cycles Active                                         %        24.51
    L1: M Xbar2l1tex Read Sectors                                      %        15.88
    L2: Xbar2lts Cycles Active                                         %        14.71
    L1: M L1tex2xbar Req Cycles Active                                 %        12.39
    L1: Data Bank Reads                                                %        12.30
    L1: Data Bank Writes                                               %         9.26
    L1: Tmain Requests                                                 %         0.22
    L1: Texin Sm2tex Req Cycles Active                                 %         0.06
    GPU: Compute Memory Request Throughput Internal Activity           %            0
    L1: Data Pipe Tex Wavefronts                                       %            0
    L1: F Wavefronts                                                   %            0
    L1: M Xbar2l1tex Read Sectors Mem Dshared                          %            0
    L1: Tex Writeback Active                                           %            0
    L2: D Atomic Input Cycles Active                                   %            0
    L2: D Decomp Input Sectors                                         %            0
    L2: D Sectors Fill Sysmem                                          %         0.00
    -------------------------------------------------------- ----------- ------------

    OPT   Compute is more heavily utilized than Memory: Look at the Compute Workload Analysis section to see what the
          compute pipelines are spending their time doing. Also, consider whether any computation is redundant and
          could be reduced or moved to look-up tables.

    Section: GPU Speed Of Light Roofline Chart
    ----------------------------------------------------------- ----------- ------------
    Metric Name                                                 Metric Unit Metric Value
    ----------------------------------------------------------- ----------- ------------
    Theoretical Predicated-On DFMA Thread Instructions Executed  inst/cycle          156
    Theoretical Predicated-On FFMA Thread Instructions Executed  inst/cycle        9,984
    Predicated-On DFMA Thread Instructions Executed Per Cycle    inst/cycle            0
    Predicated-On FFMA Thread Instructions Executed Per Cycle    inst/cycle       177.28
    ----------------------------------------------------------- ----------- ------------

    GPU Throughput Rooflines
    Table Name : Floating Point Operations Roofline
    Single Precision Roofline
    Peak Work
    ----------------------------------------- ----------- ------------
    Metric Name                               Metric Unit Metric Value
    ----------------------------------------- ----------- ------------
    Theoretical Predicated-On FFMA Operations        inst       19,968
    SM Frequency                                      Ghz         1.60
    ----------------------------------------- ----------- ------------

    Peak Traffic
    --------------------------------- ----------- ------------
    Metric Name                       Metric Unit Metric Value
    --------------------------------- ----------- ------------
    Theoretical DRAM Bytes Accessible Kbyte/cycle         1.50
    DRAM Frequency                            Ghz         3.20
    --------------------------------- ----------- ------------

    Double Precision Roofline
    Peak Work
    ----------------------------------------- ----------- ------------
    Metric Name                               Metric Unit Metric Value
    ----------------------------------------- ----------- ------------
    Theoretical Predicated-On DFMA Operations        inst          312
    SM Frequency                                      Ghz         1.60
    ----------------------------------------- ----------- ------------

    Peak Traffic
    --------------------------------- ----------- ------------
    Metric Name                       Metric Unit Metric Value
    --------------------------------- ----------- ------------
    Theoretical DRAM Bytes Accessible Kbyte/cycle         1.50
    DRAM Frequency                            Ghz         3.20
    --------------------------------- ----------- ------------

    Single Precision Achieved Value
    Achieved Work
    --------------------------------------------------------- ----------- ------------
    Metric Name                                               Metric Unit Metric Value
    --------------------------------------------------------- ----------- ------------
    Predicated-On FFMA Operations Per Cycle                          inst       354.57
    SM Frequency                                                      Ghz         1.60
    Predicated-On FADD Thread Instructions Executed Per Cycle  inst/cycle            0
    Predicated-On FMUL Thread Instructions Executed Per Cycle  inst/cycle         0.53
    --------------------------------------------------------- ----------- ------------

    Achieved Traffic
    -------------- ----------- ------------
    Metric Name    Metric Unit Metric Value
    -------------- ----------- ------------
    DRAM Bandwidth     Tbyte/s         2.44
    -------------- ----------- ------------

    Double Precision Achieved Value
    Achieved Work
    --------------------------------------------------------- ----------- ------------
    Metric Name                                               Metric Unit Metric Value
    --------------------------------------------------------- ----------- ------------
    Predicated-On DFMA Operations Per Cycle                          inst            0
    SM Frequency                                                      Ghz         1.60
    Predicated-On DADD Thread Instructions Executed Per Cycle  inst/cycle            0
    Predicated-On DMUL Thread Instructions Executed Per Cycle  inst/cycle            0
    --------------------------------------------------------- ----------- ------------

    Achieved Traffic
    -------------- ----------- ------------
    Metric Name    Metric Unit Metric Value
    -------------- ----------- ------------
    DRAM Bandwidth     Tbyte/s         2.44
    -------------- ----------- ------------

    INF   The ratio of peak float (FP32) to double (FP64) performance on this device is 64:1. The workload achieved 2%
          of this device's FP32 peak performance and 0% of its FP64 peak performance. See the Profiling Guide
          (https://docs.nvidia.com/nsight-compute/ProfilingGuide/index.html#roofline) for more details on roofline
          analysis.

    Section: GPU Speed Of Light Hierarchical Roofline Chart (Double Precision)
    ----------------------------------------------------------- ----------- ------------
    Metric Name                                                 Metric Unit Metric Value
    ----------------------------------------------------------- ----------- ------------
    L1/TEX peak local/global writeback cycles                                         78
    L1/TEX active local/global writeback cycles per second              Ghz         3.47
    L2 peak writeback cycles                                                         188
    L2 active writeback cycles per second                               Ghz        78.61
    Theoretical Predicated-On DFMA Thread Instructions Executed  inst/cycle          156
    Predicated-On DFMA Thread Instructions Executed Per Cycle    inst/cycle            0
    ----------------------------------------------------------- ----------- ------------

    Roofline Double Precision
    Table Name : Floating Point Operations Roofline (Double Precision)
    DRAM Roofline
    Peak Work
    ----------------------------------------- ----------- ------------
    Metric Name                               Metric Unit Metric Value
    ----------------------------------------- ----------- ------------
    Theoretical Predicated-On DFMA Operations        inst          312
    SM Frequency                                      Ghz         1.60
    ----------------------------------------- ----------- ------------

    Peak Traffic
    --------------------------------- ----------- ------------
    Metric Name                       Metric Unit Metric Value
    --------------------------------- ----------- ------------
    Theoretical DRAM Bytes Accessible Kbyte/cycle         1.50
    DRAM Frequency                            Ghz         3.20
    --------------------------------- ----------- ------------

    L2 Roofline
    Peak Work
    ----------------------------------------- ----------- ------------
    Metric Name                               Metric Unit Metric Value
    ----------------------------------------- ----------- ------------
    Theoretical Predicated-On DFMA Operations        inst          312
    SM Frequency                                      Ghz         1.60
    ----------------------------------------- ----------- ------------

    Peak Traffic
    ------------------------------------- ----------- ------------
    Metric Name                           Metric Unit Metric Value
    ------------------------------------- ----------- ------------
    Theoretical L2 Cache Bytes Accessible       Kbyte         6.02
    L2 Cache Frequency                            Ghz         1.71
    ------------------------------------- ----------- ------------

    L1 Roofline (Global/Local)
    Peak Work
    ----------------------------------------- ----------- ------------
    Metric Name                               Metric Unit Metric Value
    ----------------------------------------- ----------- ------------
    Theoretical Predicated-On DFMA Operations        inst          312
    SM Frequency                                      Ghz         1.60
    ----------------------------------------- ----------- ------------

    Peak Traffic
    ----------------------------------------- ----------- ------------
    Metric Name                               Metric Unit Metric Value
    ----------------------------------------- ----------- ------------
    Theoretical L1/TEX Cache Bytes Accessible                    9,984
    L1/TEX Cache Frequency                            Ghz         1.60
    ----------------------------------------- ----------- ------------

    DRAM Achieved Value
    Achieved Work
    --------------------------------------------------------- ----------- ------------
    Metric Name                                               Metric Unit Metric Value
    --------------------------------------------------------- ----------- ------------
    Predicated-On DFMA Operations Per Cycle                          inst            0
    SM Frequency                                                      Ghz         1.60
    Predicated-On DADD Thread Instructions Executed Per Cycle  inst/cycle            0
    Predicated-On DMUL Thread Instructions Executed Per Cycle  inst/cycle            0
    --------------------------------------------------------- ----------- ------------

    Achieved Traffic
    -------------- ----------- ------------
    Metric Name    Metric Unit Metric Value
    -------------- ----------- ------------
    DRAM Bandwidth     Tbyte/s         2.44
    -------------- ----------- ------------

    L2 Achieved Value
    Achieved Work
    --------------------------------------------------------- ----------- ------------
    Metric Name                                               Metric Unit Metric Value
    --------------------------------------------------------- ----------- ------------
    Predicated-On DFMA Operations Per Cycle                          inst            0
    SM Frequency                                                      Ghz         1.60
    Predicated-On DADD Thread Instructions Executed Per Cycle  inst/cycle            0
    Predicated-On DMUL Thread Instructions Executed Per Cycle  inst/cycle            0
    --------------------------------------------------------- ----------- ------------

    Achieved Traffic
    ------------------ ----------- ------------
    Metric Name        Metric Unit Metric Value
    ------------------ ----------- ------------
    L2 Cache Bandwidth       Tbyte         2.52
    ------------------ ----------- ------------

    L1 Achieved Value (Global/Local)
    Achieved Work
    --------------------------------------------------------- ----------- ------------
    Metric Name                                               Metric Unit Metric Value
    --------------------------------------------------------- ----------- ------------
    Predicated-On DFMA Operations Per Cycle                          inst            0
    SM Frequency                                                      Ghz         1.60
    Predicated-On DADD Thread Instructions Executed Per Cycle  inst/cycle            0
    Predicated-On DMUL Thread Instructions Executed Per Cycle  inst/cycle            0
    --------------------------------------------------------- ----------- ------------

    Achieved Traffic
    --------------------------------- ----------- ------------------
    Metric Name                       Metric Unit       Metric Value
    --------------------------------- ----------- ------------------
    L1 Cache Bandwidth (Global/Local)             443,748,189,415.04
    --------------------------------- ----------- ------------------

    Section: GPU Speed Of Light Hierarchical Roofline Chart (Half Precision)
    ----------------------------------------------------------- ----------- ------------
    Metric Name                                                 Metric Unit Metric Value
    ----------------------------------------------------------- ----------- ------------
    L1/TEX peak local/global writeback cycles                                         78
    L1/TEX active local/global writeback cycles per second              Ghz         3.47
    L2 peak writeback cycles                                                         188
    L2 active writeback cycles per second                               Ghz        78.61
    Theoretical Predicated-On HFMA Thread Instructions Executed  inst/cycle        9,984
    Predicated-On HADD Thread Instructions Executed Per Cycle    inst/cycle            0
    Predicated-On HFMA Thread Instructions Executed Per Cycle    inst/cycle            0
    Predicated-On HMUL Thread Instructions Executed Per Cycle    inst/cycle            0
    ----------------------------------------------------------- ----------- ------------

    Roofline Half Precision
    Table Name : Floating Point Operations Roofline (Half Precision)
    DRAM Roofline
    Peak Work
    ----------------------------------------- ----------- ------------
    Metric Name                               Metric Unit Metric Value
    ----------------------------------------- ----------- ------------
    Theoretical Predicated-On HFMA Operations        inst       39,936
    SM Frequency                                      Ghz         1.60
    ----------------------------------------- ----------- ------------

    Peak Traffic
    --------------------------------- ----------- ------------
    Metric Name                       Metric Unit Metric Value
    --------------------------------- ----------- ------------
    Theoretical DRAM Bytes Accessible Kbyte/cycle         1.50
    DRAM Frequency                            Ghz         3.20
    --------------------------------- ----------- ------------

    L2 Roofline
    Peak Work
    ----------------------------------------- ----------- ------------
    Metric Name                               Metric Unit Metric Value
    ----------------------------------------- ----------- ------------
    Theoretical Predicated-On HFMA Operations        inst       39,936
    SM Frequency                                      Ghz         1.60
    ----------------------------------------- ----------- ------------

    Peak Traffic
    ------------------------------------- ----------- ------------
    Metric Name                           Metric Unit Metric Value
    ------------------------------------- ----------- ------------
    Theoretical L2 Cache Bytes Accessible       Kbyte         6.02
    L2 Cache Frequency                            Ghz         1.71
    ------------------------------------- ----------- ------------

    L1 Roofline (Global/Local)
    Peak Work
    ----------------------------------------- ----------- ------------
    Metric Name                               Metric Unit Metric Value
    ----------------------------------------- ----------- ------------
    Theoretical Predicated-On HFMA Operations        inst       39,936
    SM Frequency                                      Ghz         1.60
    ----------------------------------------- ----------- ------------

    Peak Traffic
    ----------------------------------------- ----------- ------------
    Metric Name                               Metric Unit Metric Value
    ----------------------------------------- ----------- ------------
    Theoretical L1/TEX Cache Bytes Accessible                    9,984
    L1/TEX Cache Frequency                            Ghz         1.60
    ----------------------------------------- ----------- ------------

    DRAM Achieved Value
    Achieved Work
    --------------------------------------------------------- ----------- ------------
    Metric Name                                               Metric Unit Metric Value
    --------------------------------------------------------- ----------- ------------
    Predicated-On HADD Thread Instructions Executed Per Cycle        inst            0
    Predicated-On HFMA Operations Per Cycle                          inst            0
    Predicated-On HMUL Thread Instructions Executed Per Cycle        inst            0
    SM Frequency                                                      Ghz         1.60
    --------------------------------------------------------- ----------- ------------

    Achieved Traffic
    -------------- ----------- ------------
    Metric Name    Metric Unit Metric Value
    -------------- ----------- ------------
    DRAM Bandwidth     Tbyte/s         2.44
    -------------- ----------- ------------

    L2 Achieved Value
    Achieved Work
    --------------------------------------------------------- ----------- ------------
    Metric Name                                               Metric Unit Metric Value
    --------------------------------------------------------- ----------- ------------
    Predicated-On HADD Thread Instructions Executed Per Cycle        inst            0
    Predicated-On HFMA Operations Per Cycle                          inst            0
    Predicated-On HMUL Thread Instructions Executed Per Cycle        inst            0
    SM Frequency                                                      Ghz         1.60
    --------------------------------------------------------- ----------- ------------

    Achieved Traffic
    ------------------ ----------- ------------
    Metric Name        Metric Unit Metric Value
    ------------------ ----------- ------------
    L2 Cache Bandwidth       Tbyte         2.52
    ------------------ ----------- ------------

    L1 Achieved Value (Global/Local)
    Achieved Work
    --------------------------------------------------------- ----------- ------------
    Metric Name                                               Metric Unit Metric Value
    --------------------------------------------------------- ----------- ------------
    Predicated-On HADD Thread Instructions Executed Per Cycle        inst            0
    Predicated-On HFMA Operations Per Cycle                          inst            0
    Predicated-On HMUL Thread Instructions Executed Per Cycle        inst            0
    SM Frequency                                                      Ghz         1.60
    --------------------------------------------------------- ----------- ------------

    Achieved Traffic
    --------------------------------- ----------- ------------------
    Metric Name                       Metric Unit       Metric Value
    --------------------------------- ----------- ------------------
    L1 Cache Bandwidth (Global/Local)             443,748,189,415.04
    --------------------------------- ----------- ------------------

    Section: GPU Speed Of Light Hierarchical Roofline Chart (Single Precision)
    ----------------------------------------------------------- ----------- ------------
    Metric Name                                                 Metric Unit Metric Value
    ----------------------------------------------------------- ----------- ------------
    L1/TEX peak local/global writeback cycles                                         78
    L1/TEX active local/global writeback cycles per second              Ghz         3.47
    L2 peak writeback cycles                                                         188
    L2 active writeback cycles per second                               Ghz        78.61
    Theoretical Predicated-On FFMA Thread Instructions Executed  inst/cycle        9,984
    Predicated-On FFMA Thread Instructions Executed Per Cycle    inst/cycle       177.28
    ----------------------------------------------------------- ----------- ------------

    Roofline Single Precision
    Table Name : Floating Point Operations Roofline (Single Precision)
    DRAM Roofline
    Peak Work
    ----------------------------------------- ----------- ------------
    Metric Name                               Metric Unit Metric Value
    ----------------------------------------- ----------- ------------
    Theoretical Predicated-On FFMA Operations        inst       19,968
    SM Frequency                                      Ghz         1.60
    ----------------------------------------- ----------- ------------

    Peak Traffic
    --------------------------------- ----------- ------------
    Metric Name                       Metric Unit Metric Value
    --------------------------------- ----------- ------------
    Theoretical DRAM Bytes Accessible Kbyte/cycle         1.50
    DRAM Frequency                            Ghz         3.20
    --------------------------------- ----------- ------------

    L2 Roofline
    Peak Work
    ----------------------------------------- ----------- ------------
    Metric Name                               Metric Unit Metric Value
    ----------------------------------------- ----------- ------------
    Theoretical Predicated-On FFMA Operations        inst       19,968
    SM Frequency                                      Ghz         1.60
    ----------------------------------------- ----------- ------------

    Peak Traffic
    ------------------------------------- ----------- ------------
    Metric Name                           Metric Unit Metric Value
    ------------------------------------- ----------- ------------
    Theoretical L2 Cache Bytes Accessible       Kbyte         6.02
    L2 Cache Frequency                            Ghz         1.71
    ------------------------------------- ----------- ------------

    L1 Roofline (Global/Local)
    Peak Work
    ----------------------------------------- ----------- ------------
    Metric Name                               Metric Unit Metric Value
    ----------------------------------------- ----------- ------------
    Theoretical Predicated-On FFMA Operations        inst       19,968
    SM Frequency                                      Ghz         1.60
    ----------------------------------------- ----------- ------------

    Peak Traffic
    ----------------------------------------- ----------- ------------
    Metric Name                               Metric Unit Metric Value
    ----------------------------------------- ----------- ------------
    Theoretical L1/TEX Cache Bytes Accessible                    9,984
    L1/TEX Cache Frequency                            Ghz         1.60
    ----------------------------------------- ----------- ------------

    DRAM Achieved Value
    Achieved Work
    --------------------------------------------------------- ----------- ------------
    Metric Name                                               Metric Unit Metric Value
    --------------------------------------------------------- ----------- ------------
    Predicated-On FFMA Operations Per Cycle                          inst       354.57
    SM Frequency                                                      Ghz         1.60
    Predicated-On FADD Thread Instructions Executed Per Cycle  inst/cycle            0
    Predicated-On FMUL Thread Instructions Executed Per Cycle  inst/cycle         0.53
    --------------------------------------------------------- ----------- ------------

    Achieved Traffic
    -------------- ----------- ------------
    Metric Name    Metric Unit Metric Value
    -------------- ----------- ------------
    DRAM Bandwidth     Tbyte/s         2.44
    -------------- ----------- ------------

    L2 Achieved Value
    Achieved Work
    --------------------------------------------------------- ----------- ------------
    Metric Name                                               Metric Unit Metric Value
    --------------------------------------------------------- ----------- ------------
    Predicated-On FFMA Operations Per Cycle                          inst       354.57
    SM Frequency                                                      Ghz         1.60
    Predicated-On FADD Thread Instructions Executed Per Cycle  inst/cycle            0
    Predicated-On FMUL Thread Instructions Executed Per Cycle  inst/cycle         0.53
    --------------------------------------------------------- ----------- ------------

    Achieved Traffic
    ------------------ ----------- ------------
    Metric Name        Metric Unit Metric Value
    ------------------ ----------- ------------
    L2 Cache Bandwidth       Tbyte         2.52
    ------------------ ----------- ------------

    L1 Achieved Value (Global/Local)
    Achieved Work
    --------------------------------------------------------- ----------- ------------
    Metric Name                                               Metric Unit Metric Value
    --------------------------------------------------------- ----------- ------------
    Predicated-On FFMA Operations Per Cycle                          inst       354.57
    SM Frequency                                                      Ghz         1.60
    Predicated-On FADD Thread Instructions Executed Per Cycle  inst/cycle            0
    Predicated-On FMUL Thread Instructions Executed Per Cycle  inst/cycle         0.53
    --------------------------------------------------------- ----------- ------------

    Achieved Traffic
    --------------------------------- ----------- ------------------
    Metric Name                       Metric Unit       Metric Value
    --------------------------------- ----------- ------------------
    L1 Cache Bandwidth (Global/Local)             443,748,189,415.04
    --------------------------------- ----------- ------------------

    Section: GPU Speed Of Light Hierarchical Roofline Chart (Tensor Core)
    ------------------------------------------------------ ----------- ------------
    Metric Name                                            Metric Unit Metric Value
    ------------------------------------------------------ ----------- ------------
    L1/TEX peak local/global writeback cycles                                    78
    L1/TEX active local/global writeback cycles per second         Ghz         3.47
    L2 peak writeback cycles                                                    188
    L2 active writeback cycles per second                          Ghz        78.61
    ------------------------------------------------------ ----------- ------------

    Roofline Tensor Core
    Table Name : Tensor Core Operations Roofline
    DRAM Roofline (Op:bgmma Src:int1)
    Peak Work
    ----------------------------- ----------- ------------
    Metric Name                   Metric Unit Metric Value
    ----------------------------- ----------- ------------
    SM Frequency                          Ghz         1.60
    Theoretical Tensor Operations                1,277,952
    ----------------------------- ----------- ------------

    Peak Traffic
    --------------------------------- ----------- ------------
    Metric Name                       Metric Unit Metric Value
    --------------------------------- ----------- ------------
    Theoretical DRAM Bytes Accessible Kbyte/cycle         1.50
    DRAM Frequency                            Ghz         3.20
    --------------------------------- ----------- ------------

    L2 Cache Roofline (Op:bgmma Src:int1)
    Peak Work
    ----------------------------- ----------- ------------
    Metric Name                   Metric Unit Metric Value
    ----------------------------- ----------- ------------
    SM Frequency                          Ghz         1.60
    Theoretical Tensor Operations                1,277,952
    ----------------------------- ----------- ------------

    Peak Traffic
    ------------------------------------- ----------- ------------
    Metric Name                           Metric Unit Metric Value
    ------------------------------------- ----------- ------------
    Theoretical L2 Cache Bytes Accessible       Kbyte         6.02
    L2 Cache Frequency                            Ghz         1.71
    ------------------------------------- ----------- ------------

    L1/TEX Cache Roofline (Op:bgmma Src:int1)
    Peak Work
    ----------------------------- ----------- ------------
    Metric Name                   Metric Unit Metric Value
    ----------------------------- ----------- ------------
    SM Frequency                          Ghz         1.60
    Theoretical Tensor Operations                1,277,952
    ----------------------------- ----------- ------------

    Peak Traffic
    ----------------------------------------- ----------- ------------
    Metric Name                               Metric Unit Metric Value
    ----------------------------------------- ----------- ------------
    Theoretical L1/TEX Cache Bytes Accessible                    9,984
    L1/TEX Cache Frequency                            Ghz         1.60
    ----------------------------------------- ----------- ------------

    DRAM Roofline (Op:bmma Src:int1)
    Peak Work
    ----------------------------- ----------- ------------
    Metric Name                   Metric Unit Metric Value
    ----------------------------- ----------- ------------
    SM Frequency                          Ghz         1.60
    Theoretical Tensor Operations                  851,968
    ----------------------------- ----------- ------------

    Peak Traffic
    --------------------------------- ----------- ------------
    Metric Name                       Metric Unit Metric Value
    --------------------------------- ----------- ------------
    Theoretical DRAM Bytes Accessible Kbyte/cycle         1.50
    DRAM Frequency                            Ghz         3.20
    --------------------------------- ----------- ------------

    L2 Cache Roofline (Op:bmma Src:int1)
    Peak Work
    ----------------------------- ----------- ------------
    Metric Name                   Metric Unit Metric Value
    ----------------------------- ----------- ------------
    SM Frequency                          Ghz         1.60
    Theoretical Tensor Operations                  851,968
    ----------------------------- ----------- ------------

    Peak Traffic
    ------------------------------------- ----------- ------------
    Metric Name                           Metric Unit Metric Value
    ------------------------------------- ----------- ------------
    Theoretical L2 Cache Bytes Accessible       Kbyte         6.02
    L2 Cache Frequency                            Ghz         1.71
    ------------------------------------- ----------- ------------

    L1/TEX Cache Roofline (Op:bmma Src:int1)
    Peak Work
    ----------------------------- ----------- ------------
    Metric Name                   Metric Unit Metric Value
    ----------------------------- ----------- ------------
    SM Frequency                          Ghz         1.60
    Theoretical Tensor Operations                  851,968
    ----------------------------- ----------- ------------

    Peak Traffic
    ----------------------------------------- ----------- ------------
    Metric Name                               Metric Unit Metric Value
    ----------------------------------------- ----------- ------------
    Theoretical L1/TEX Cache Bytes Accessible                    9,984
    L1/TEX Cache Frequency                            Ghz         1.60
    ----------------------------------------- ----------- ------------

    DRAM Roofline (Op:hgmma Src:bf16 Dst:fp32 Sparsity:off)
    Peak Work
    ----------------------------- ----------- ------------
    Metric Name                   Metric Unit Metric Value
    ----------------------------- ----------- ------------
    SM Frequency                          Ghz         1.60
    Theoretical Tensor Operations                   79,872
    ----------------------------- ----------- ------------

    Peak Traffic
    --------------------------------- ----------- ------------
    Metric Name                       Metric Unit Metric Value
    --------------------------------- ----------- ------------
    Theoretical DRAM Bytes Accessible Kbyte/cycle         1.50
    DRAM Frequency                            Ghz         3.20
    --------------------------------- ----------- ------------

    L2 Cache Roofline (Op:hgmma Src:bf16 Dst:fp32 Sparsity:off)
    Peak Work
    ----------------------------- ----------- ------------
    Metric Name                   Metric Unit Metric Value
    ----------------------------- ----------- ------------
    SM Frequency                          Ghz         1.60
    Theoretical Tensor Operations                   79,872
    ----------------------------- ----------- ------------

    Peak Traffic
    ------------------------------------- ----------- ------------
    Metric Name                           Metric Unit Metric Value
    ------------------------------------- ----------- ------------
    Theoretical L2 Cache Bytes Accessible       Kbyte         6.02
    L2 Cache Frequency                            Ghz         1.71
    ------------------------------------- ----------- ------------

    L1/TEX Cache Roofline (Op:hgmma Src:bf16 Dst:fp32 Sparsity:off)
    Peak Work
    ----------------------------- ----------- ------------
    Metric Name                   Metric Unit Metric Value
    ----------------------------- ----------- ------------
    SM Frequency                          Ghz         1.60
    Theoretical Tensor Operations                   79,872
    ----------------------------- ----------- ------------

    Peak Traffic
    ----------------------------------------- ----------- ------------
    Metric Name                               Metric Unit Metric Value
    ----------------------------------------- ----------- ------------
    Theoretical L1/TEX Cache Bytes Accessible                    9,984
    L1/TEX Cache Frequency                            Ghz         1.60
    ----------------------------------------- ----------- ------------

    DRAM Roofline (Op:hgmma Src:bf16 Dst:fp32 Sparsity:on)
    Peak Work
    ----------------------------- ----------- ------------
    Metric Name                   Metric Unit Metric Value
    ----------------------------- ----------- ------------
    SM Frequency                          Ghz         1.60
    Theoretical Tensor Operations                  159,744
    ----------------------------- ----------- ------------

    Peak Traffic
    --------------------------------- ----------- ------------
    Metric Name                       Metric Unit Metric Value
    --------------------------------- ----------- ------------
    Theoretical DRAM Bytes Accessible Kbyte/cycle         1.50
    DRAM Frequency                            Ghz         3.20
    --------------------------------- ----------- ------------

    L2 Cache Roofline (Op:hgmma Src:bf16 Dst:fp32 Sparsity:on)
    Peak Work
    ----------------------------- ----------- ------------
    Metric Name                   Metric Unit Metric Value
    ----------------------------- ----------- ------------
    SM Frequency                          Ghz         1.60
    Theoretical Tensor Operations                  159,744
    ----------------------------- ----------- ------------

    Peak Traffic
    ------------------------------------- ----------- ------------
    Metric Name                           Metric Unit Metric Value
    ------------------------------------- ----------- ------------
    Theoretical L2 Cache Bytes Accessible       Kbyte         6.02
    L2 Cache Frequency                            Ghz         1.71
    ------------------------------------- ----------- ------------

    L1/TEX Cache Roofline (Op:hgmma Src:bf16 Dst:fp32 Sparsity:on)
    Peak Work
    ----------------------------- ----------- ------------
    Metric Name                   Metric Unit Metric Value
    ----------------------------- ----------- ------------
    SM Frequency                          Ghz         1.60
    Theoretical Tensor Operations                  159,744
    ----------------------------- ----------- ------------

    Peak Traffic
    ----------------------------------------- ----------- ------------
    Metric Name                               Metric Unit Metric Value
    ----------------------------------------- ----------- ------------
    Theoretical L1/TEX Cache Bytes Accessible                    9,984
    L1/TEX Cache Frequency                            Ghz         1.60
    ----------------------------------------- ----------- ------------

    DRAM Roofline (Op:hgmma Src:fp16 Sparsity:off)
    Peak Work
    ----------------------------- ----------- ------------
    Metric Name                   Metric Unit Metric Value
    ----------------------------- ----------- ------------
    SM Frequency                          Ghz         1.60
    Theoretical Tensor Operations                   79,872
    ----------------------------- ----------- ------------

    Peak Traffic
    --------------------------------- ----------- ------------
    Metric Name                       Metric Unit Metric Value
    --------------------------------- ----------- ------------
    Theoretical DRAM Bytes Accessible Kbyte/cycle         1.50
    DRAM Frequency                            Ghz         3.20
    --------------------------------- ----------- ------------

    L2 Cache Roofline (Op:hgmma Src:fp16 Sparsity:off)
    Peak Work
    ----------------------------- ----------- ------------
    Metric Name                   Metric Unit Metric Value
    ----------------------------- ----------- ------------
    SM Frequency                          Ghz         1.60
    Theoretical Tensor Operations                   79,872
    ----------------------------- ----------- ------------

    Peak Traffic
    ------------------------------------- ----------- ------------
    Metric Name                           Metric Unit Metric Value
    ------------------------------------- ----------- ------------
    Theoretical L2 Cache Bytes Accessible       Kbyte         6.02
    L2 Cache Frequency                            Ghz         1.71
    ------------------------------------- ----------- ------------

    L1/TEX Cache Roofline (Op:hgmma Src:fp16 Sparsity:off)
    Peak Work
    ----------------------------- ----------- ------------
    Metric Name                   Metric Unit Metric Value
    ----------------------------- ----------- ------------
    SM Frequency                          Ghz         1.60
    Theoretical Tensor Operations                   79,872
    ----------------------------- ----------- ------------

    Peak Traffic
    ----------------------------------------- ----------- ------------
    Metric Name                               Metric Unit Metric Value
    ----------------------------------------- ----------- ------------
    Theoretical L1/TEX Cache Bytes Accessible                    9,984
    L1/TEX Cache Frequency                            Ghz         1.60
    ----------------------------------------- ----------- ------------

    DRAM Roofline (Op:hgmma Src:fp16 Sparsity:on)
    Peak Work
    ----------------------------- ----------- ------------
    Metric Name                   Metric Unit Metric Value
    ----------------------------- ----------- ------------
    SM Frequency                          Ghz         1.60
    Theoretical Tensor Operations                  159,744
    ----------------------------- ----------- ------------

    Peak Traffic
    --------------------------------- ----------- ------------
    Metric Name                       Metric Unit Metric Value
    --------------------------------- ----------- ------------
    Theoretical DRAM Bytes Accessible Kbyte/cycle         1.50
    DRAM Frequency                            Ghz         3.20
    --------------------------------- ----------- ------------

    L2 Cache Roofline (Op:hgmma Src:fp16 Sparsity:on)
    Peak Work
    ----------------------------- ----------- ------------
    Metric Name                   Metric Unit Metric Value
    ----------------------------- ----------- ------------
    SM Frequency                          Ghz         1.60
    Theoretical Tensor Operations                  159,744
    ----------------------------- ----------- ------------

    Peak Traffic
    ------------------------------------- ----------- ------------
    Metric Name                           Metric Unit Metric Value
    ------------------------------------- ----------- ------------
    Theoretical L2 Cache Bytes Accessible       Kbyte         6.02
    L2 Cache Frequency                            Ghz         1.71
    ------------------------------------- ----------- ------------

    L1/TEX Cache Roofline (Op:hgmma Src:fp16 Sparsity:on)
    Peak Work
    ----------------------------- ----------- ------------
    Metric Name                   Metric Unit Metric Value
    ----------------------------- ----------- ------------
    SM Frequency                          Ghz         1.60
    Theoretical Tensor Operations                  159,744
    ----------------------------- ----------- ------------

    Peak Traffic
    ----------------------------------------- ----------- ------------
    Metric Name                               Metric Unit Metric Value
    ----------------------------------------- ----------- ------------
    Theoretical L1/TEX Cache Bytes Accessible                    9,984
    L1/TEX Cache Frequency                            Ghz         1.60
    ----------------------------------------- ----------- ------------

    DRAM Roofline (Op:hgmma Src:tf32 Dst:fp32 Sparsity:off)
    Peak Work
    ----------------------------- ----------- ------------
    Metric Name                   Metric Unit Metric Value
    ----------------------------- ----------- ------------
    SM Frequency                          Ghz         1.60
    Theoretical Tensor Operations                   39,936
    ----------------------------- ----------- ------------

    Peak Traffic
    --------------------------------- ----------- ------------
    Metric Name                       Metric Unit Metric Value
    --------------------------------- ----------- ------------
    Theoretical DRAM Bytes Accessible Kbyte/cycle         1.50
    DRAM Frequency                            Ghz         3.20
    --------------------------------- ----------- ------------

    L2 Cache Roofline (Op:hgmma Src:tf32 Dst:fp32 Sparsity:off)
    Peak Work
    ----------------------------- ----------- ------------
    Metric Name                   Metric Unit Metric Value
    ----------------------------- ----------- ------------
    SM Frequency                          Ghz         1.60
    Theoretical Tensor Operations                   39,936
    ----------------------------- ----------- ------------

    Peak Traffic
    ------------------------------------- ----------- ------------
    Metric Name                           Metric Unit Metric Value
    ------------------------------------- ----------- ------------
    Theoretical L2 Cache Bytes Accessible       Kbyte         6.02
    L2 Cache Frequency                            Ghz         1.71
    ------------------------------------- ----------- ------------

    L1/TEX Cache Roofline (Op:hgmma Src:tf32 Dst:fp32 Sparsity:off)
    Peak Work
    ----------------------------- ----------- ------------
    Metric Name                   Metric Unit Metric Value
    ----------------------------- ----------- ------------
    SM Frequency                          Ghz         1.60
    Theoretical Tensor Operations                   39,936
    ----------------------------- ----------- ------------

    Peak Traffic
    ----------------------------------------- ----------- ------------
    Metric Name                               Metric Unit Metric Value
    ----------------------------------------- ----------- ------------
    Theoretical L1/TEX Cache Bytes Accessible                    9,984
    L1/TEX Cache Frequency                            Ghz         1.60
    ----------------------------------------- ----------- ------------

    DRAM Roofline (Op:hgmma Src:tf32 Dst:fp32 Sparsity:on)
    Peak Work
    ----------------------------- ----------- ------------
    Metric Name                   Metric Unit Metric Value
    ----------------------------- ----------- ------------
    SM Frequency                          Ghz         1.60
    Theoretical Tensor Operations                   79,872
    ----------------------------- ----------- ------------

    Peak Traffic
    --------------------------------- ----------- ------------
    Metric Name                       Metric Unit Metric Value
    --------------------------------- ----------- ------------
    Theoretical DRAM Bytes Accessible Kbyte/cycle         1.50
    DRAM Frequency                            Ghz         3.20
    --------------------------------- ----------- ------------

    L2 Cache Roofline (Op:hgmma Src:tf32 Dst:fp32 Sparsity:on)
    Peak Work
    ----------------------------- ----------- ------------
    Metric Name                   Metric Unit Metric Value
    ----------------------------- ----------- ------------
    SM Frequency                          Ghz         1.60
    Theoretical Tensor Operations                   79,872
    ----------------------------- ----------- ------------

    Peak Traffic
    ------------------------------------- ----------- ------------
    Metric Name                           Metric Unit Metric Value
    ------------------------------------- ----------- ------------
    Theoretical L2 Cache Bytes Accessible       Kbyte         6.02
    L2 Cache Frequency                            Ghz         1.71
    ------------------------------------- ----------- ------------

    L1/TEX Cache Roofline (Op:hgmma Src:tf32 Dst:fp32 Sparsity:on)
    Peak Work
    ----------------------------- ----------- ------------
    Metric Name                   Metric Unit Metric Value
    ----------------------------- ----------- ------------
    SM Frequency                          Ghz         1.60
    Theoretical Tensor Operations                   79,872
    ----------------------------- ----------- ------------

    Peak Traffic
    ----------------------------------------- ----------- ------------
    Metric Name                               Metric Unit Metric Value
    ----------------------------------------- ----------- ------------
    Theoretical L1/TEX Cache Bytes Accessible                    9,984
    L1/TEX Cache Frequency                            Ghz         1.60
    ----------------------------------------- ----------- ------------

    DRAM Roofline (Op:hmma Src:bf16 Dst:fp32 Sparsity:off)
    Peak Work
    ----------------------------- ----------- ------------
    Metric Name                   Metric Unit Metric Value
    ----------------------------- ----------- ------------
    SM Frequency                          Ghz         1.60
    Theoretical Tensor Operations                   53,248
    ----------------------------- ----------- ------------

    Peak Traffic
    --------------------------------- ----------- ------------
    Metric Name                       Metric Unit Metric Value
    --------------------------------- ----------- ------------
    Theoretical DRAM Bytes Accessible Kbyte/cycle         1.50
    DRAM Frequency                            Ghz         3.20
    --------------------------------- ----------- ------------

    L2 Cache Roofline (Op:hmma Src:bf16 Dst:fp32 Sparsity:off)
    Peak Work
    ----------------------------- ----------- ------------
    Metric Name                   Metric Unit Metric Value
    ----------------------------- ----------- ------------
    SM Frequency                          Ghz         1.60
    Theoretical Tensor Operations                   53,248
    ----------------------------- ----------- ------------

    Peak Traffic
    ------------------------------------- ----------- ------------
    Metric Name                           Metric Unit Metric Value
    ------------------------------------- ----------- ------------
    Theoretical L2 Cache Bytes Accessible       Kbyte         6.02
    L2 Cache Frequency                            Ghz         1.71
    ------------------------------------- ----------- ------------

    L1/TEX Cache Roofline (Op:hmma Src:bf16 Dst:fp32 Sparsity:off)
    Peak Work
    ----------------------------- ----------- ------------
    Metric Name                   Metric Unit Metric Value
    ----------------------------- ----------- ------------
    SM Frequency                          Ghz         1.60
    Theoretical Tensor Operations                   53,248
    ----------------------------- ----------- ------------

    Peak Traffic
    ----------------------------------------- ----------- ------------
    Metric Name                               Metric Unit Metric Value
    ----------------------------------------- ----------- ------------
    Theoretical L1/TEX Cache Bytes Accessible                    9,984
    L1/TEX Cache Frequency                            Ghz         1.60
    ----------------------------------------- ----------- ------------

    DRAM Roofline (Op:hmma Src:bf16 Dst:fp32 Sparsity:on)
    Peak Work
    ----------------------------- ----------- ------------
    Metric Name                   Metric Unit Metric Value
    ----------------------------- ----------- ------------
    SM Frequency                          Ghz         1.60
    Theoretical Tensor Operations                   79,872
    ----------------------------- ----------- ------------

    Peak Traffic
    --------------------------------- ----------- ------------
    Metric Name                       Metric Unit Metric Value
    --------------------------------- ----------- ------------
    Theoretical DRAM Bytes Accessible Kbyte/cycle         1.50
    DRAM Frequency                            Ghz         3.20
    --------------------------------- ----------- ------------

    L2 Cache Roofline (Op:hmma Src:bf16 Dst:fp32 Sparsity:on)
    Peak Work
    ----------------------------- ----------- ------------
    Metric Name                   Metric Unit Metric Value
    ----------------------------- ----------- ------------
    SM Frequency                          Ghz         1.60
    Theoretical Tensor Operations                   79,872
    ----------------------------- ----------- ------------

    Peak Traffic
    ------------------------------------- ----------- ------------
    Metric Name                           Metric Unit Metric Value
    ------------------------------------- ----------- ------------
    Theoretical L2 Cache Bytes Accessible       Kbyte         6.02
    L2 Cache Frequency                            Ghz         1.71
    ------------------------------------- ----------- ------------

    L1/TEX Cache Roofline (Op:hmma Src:bf16 Dst:fp32 Sparsity:on)
    Peak Work
    ----------------------------- ----------- ------------
    Metric Name                   Metric Unit Metric Value
    ----------------------------- ----------- ------------
    SM Frequency                          Ghz         1.60
    Theoretical Tensor Operations                   79,872
    ----------------------------- ----------- ------------

    Peak Traffic
    ----------------------------------------- ----------- ------------
    Metric Name                               Metric Unit Metric Value
    ----------------------------------------- ----------- ------------
    Theoretical L1/TEX Cache Bytes Accessible                    9,984
    L1/TEX Cache Frequency                            Ghz         1.60
    ----------------------------------------- ----------- ------------

    DRAM Roofline (Op:hmma Src:fp16 Dst:fp16 Sparsity:off)
    Peak Work
    ----------------------------- ----------- ------------
    Metric Name                   Metric Unit Metric Value
    ----------------------------- ----------- ------------
    SM Frequency                          Ghz         1.60
    Theoretical Tensor Operations                   53,248
    ----------------------------- ----------- ------------

    Peak Traffic
    --------------------------------- ----------- ------------
    Metric Name                       Metric Unit Metric Value
    --------------------------------- ----------- ------------
    Theoretical DRAM Bytes Accessible Kbyte/cycle         1.50
    DRAM Frequency                            Ghz         3.20
    --------------------------------- ----------- ------------

    L2 Cache Roofline (Op:hmma Src:fp16 Dst:fp16 Sparsity:off)
    Peak Work
    ----------------------------- ----------- ------------
    Metric Name                   Metric Unit Metric Value
    ----------------------------- ----------- ------------
    SM Frequency                          Ghz         1.60
    Theoretical Tensor Operations                   53,248
    ----------------------------- ----------- ------------

    Peak Traffic
    ------------------------------------- ----------- ------------
    Metric Name                           Metric Unit Metric Value
    ------------------------------------- ----------- ------------
    Theoretical L2 Cache Bytes Accessible       Kbyte         6.02
    L2 Cache Frequency                            Ghz         1.71
    ------------------------------------- ----------- ------------

    L1/TEX Cache Roofline (Op:hmma Src:fp16 Dst:fp16 Sparsity:off)
    Peak Work
    ----------------------------- ----------- ------------
    Metric Name                   Metric Unit Metric Value
    ----------------------------- ----------- ------------
    SM Frequency                          Ghz         1.60
    Theoretical Tensor Operations                   53,248
    ----------------------------- ----------- ------------

    Peak Traffic
    ----------------------------------------- ----------- ------------
    Metric Name                               Metric Unit Metric Value
    ----------------------------------------- ----------- ------------
    Theoretical L1/TEX Cache Bytes Accessible                    9,984
    L1/TEX Cache Frequency                            Ghz         1.60
    ----------------------------------------- ----------- ------------

    DRAM Roofline (Op:hmma Src:fp16 Dst:fp16 Sparsity:on)
    Peak Work
    ----------------------------- ----------- ------------
    Metric Name                   Metric Unit Metric Value
    ----------------------------- ----------- ------------
    SM Frequency                          Ghz         1.60
    Theoretical Tensor Operations                   79,872
    ----------------------------- ----------- ------------

    Peak Traffic
    --------------------------------- ----------- ------------
    Metric Name                       Metric Unit Metric Value
    --------------------------------- ----------- ------------
    Theoretical DRAM Bytes Accessible Kbyte/cycle         1.50
    DRAM Frequency                            Ghz         3.20
    --------------------------------- ----------- ------------

    L2 Cache Roofline (Op:hmma Src:fp16 Dst:fp16 Sparsity:on)
    Peak Work
    ----------------------------- ----------- ------------
    Metric Name                   Metric Unit Metric Value
    ----------------------------- ----------- ------------
    SM Frequency                          Ghz         1.60
    Theoretical Tensor Operations                   79,872
    ----------------------------- ----------- ------------

    Peak Traffic
    ------------------------------------- ----------- ------------
    Metric Name                           Metric Unit Metric Value
    ------------------------------------- ----------- ------------
    Theoretical L2 Cache Bytes Accessible       Kbyte         6.02
    L2 Cache Frequency                            Ghz         1.71
    ------------------------------------- ----------- ------------

    L1/TEX Cache Roofline (Op:hmma Src:fp16 Dst:fp16 Sparsity:on)
    Peak Work
    ----------------------------- ----------- ------------
    Metric Name                   Metric Unit Metric Value
    ----------------------------- ----------- ------------
    SM Frequency                          Ghz         1.60
    Theoretical Tensor Operations                   79,872
    ----------------------------- ----------- ------------

    Peak Traffic
    ----------------------------------------- ----------- ------------
    Metric Name                               Metric Unit Metric Value
    ----------------------------------------- ----------- ------------
    Theoretical L1/TEX Cache Bytes Accessible                    9,984
    L1/TEX Cache Frequency                            Ghz         1.60
    ----------------------------------------- ----------- ------------

    DRAM Roofline (Op:hmma Src:fp16 Dst:fp32 Sparsity:off)
    Peak Work
    ----------------------------- ----------- ------------
    Metric Name                   Metric Unit Metric Value
    ----------------------------- ----------- ------------
    SM Frequency                          Ghz         1.60
    Theoretical Tensor Operations                   53,248
    ----------------------------- ----------- ------------

    Peak Traffic
    --------------------------------- ----------- ------------
    Metric Name                       Metric Unit Metric Value
    --------------------------------- ----------- ------------
    Theoretical DRAM Bytes Accessible Kbyte/cycle         1.50
    DRAM Frequency                            Ghz         3.20
    --------------------------------- ----------- ------------

    L2 Cache Roofline (Op:hmma Src:fp16 Dst:fp32 Sparsity:off)
    Peak Work
    ----------------------------- ----------- ------------
    Metric Name                   Metric Unit Metric Value
    ----------------------------- ----------- ------------
    SM Frequency                          Ghz         1.60
    Theoretical Tensor Operations                   53,248
    ----------------------------- ----------- ------------

    Peak Traffic
    ------------------------------------- ----------- ------------
    Metric Name                           Metric Unit Metric Value
    ------------------------------------- ----------- ------------
    Theoretical L2 Cache Bytes Accessible       Kbyte         6.02
    L2 Cache Frequency                            Ghz         1.71
    ------------------------------------- ----------- ------------

    L1/TEX Cache Roofline (Op:hmma Src:fp16 Dst:fp32 Sparsity:off)
    Peak Work
    ----------------------------- ----------- ------------
    Metric Name                   Metric Unit Metric Value
    ----------------------------- ----------- ------------
    SM Frequency                          Ghz         1.60
    Theoretical Tensor Operations                   53,248
    ----------------------------- ----------- ------------

    Peak Traffic
    ----------------------------------------- ----------- ------------
    Metric Name                               Metric Unit Metric Value
    ----------------------------------------- ----------- ------------
    Theoretical L1/TEX Cache Bytes Accessible                    9,984
    L1/TEX Cache Frequency                            Ghz         1.60
    ----------------------------------------- ----------- ------------

    DRAM Roofline (Op:hmma Src:fp16 Dst:fp32 Sparsity:on)
    Peak Work
    ----------------------------- ----------- ------------
    Metric Name                   Metric Unit Metric Value
    ----------------------------- ----------- ------------
    SM Frequency                          Ghz         1.60
    Theoretical Tensor Operations                   79,872
    ----------------------------- ----------- ------------

    Peak Traffic
    --------------------------------- ----------- ------------
    Metric Name                       Metric Unit Metric Value
    --------------------------------- ----------- ------------
    Theoretical DRAM Bytes Accessible Kbyte/cycle         1.50
    DRAM Frequency                            Ghz         3.20
    --------------------------------- ----------- ------------

    L2 Cache Roofline (Op:hmma Src:fp16 Dst:fp32 Sparsity:on)
    Peak Work
    ----------------------------- ----------- ------------
    Metric Name                   Metric Unit Metric Value
    ----------------------------- ----------- ------------
    SM Frequency                          Ghz         1.60
    Theoretical Tensor Operations                   79,872
    ----------------------------- ----------- ------------

    Peak Traffic
    ------------------------------------- ----------- ------------
    Metric Name                           Metric Unit Metric Value
    ------------------------------------- ----------- ------------
    Theoretical L2 Cache Bytes Accessible       Kbyte         6.02
    L2 Cache Frequency                            Ghz         1.71
    ------------------------------------- ----------- ------------

    L1/TEX Cache Roofline (Op:hmma Src:fp16 Dst:fp32 Sparsity:on)
    Peak Work
    ----------------------------- ----------- ------------
    Metric Name                   Metric Unit Metric Value
    ----------------------------- ----------- ------------
    SM Frequency                          Ghz         1.60
    Theoretical Tensor Operations                   79,872
    ----------------------------- ----------- ------------

    Peak Traffic
    ----------------------------------------- ----------- ------------
    Metric Name                               Metric Unit Metric Value
    ----------------------------------------- ----------- ------------
    Theoretical L1/TEX Cache Bytes Accessible                    9,984
    L1/TEX Cache Frequency                            Ghz         1.60
    ----------------------------------------- ----------- ------------

    DRAM Roofline (Op:hmma Src:tf32 Dst:fp32 Sparsity:off)
    Peak Work
    ----------------------------- ----------- ------------
    Metric Name                   Metric Unit Metric Value
    ----------------------------- ----------- ------------
    SM Frequency                          Ghz         1.60
    Theoretical Tensor Operations                   26,624
    ----------------------------- ----------- ------------

    Peak Traffic
    --------------------------------- ----------- ------------
    Metric Name                       Metric Unit Metric Value
    --------------------------------- ----------- ------------
    Theoretical DRAM Bytes Accessible Kbyte/cycle         1.50
    DRAM Frequency                            Ghz         3.20
    --------------------------------- ----------- ------------

    L2 Cache Roofline (Op:hmma Src:tf32 Dst:fp32 Sparsity:off)
    Peak Work
    ----------------------------- ----------- ------------
    Metric Name                   Metric Unit Metric Value
    ----------------------------- ----------- ------------
    SM Frequency                          Ghz         1.60
    Theoretical Tensor Operations                   26,624
    ----------------------------- ----------- ------------

    Peak Traffic
    ------------------------------------- ----------- ------------
    Metric Name                           Metric Unit Metric Value
    ------------------------------------- ----------- ------------
    Theoretical L2 Cache Bytes Accessible       Kbyte         6.02
    L2 Cache Frequency                            Ghz         1.71
    ------------------------------------- ----------- ------------

    L1/TEX Cache Roofline (Op:hmma Src:tf32 Dst:fp32 Sparsity:off)
    Peak Work
    ----------------------------- ----------- ------------
    Metric Name                   Metric Unit Metric Value
    ----------------------------- ----------- ------------
    SM Frequency                          Ghz         1.60
    Theoretical Tensor Operations                   26,624
    ----------------------------- ----------- ------------

    Peak Traffic
    ----------------------------------------- ----------- ------------
    Metric Name                               Metric Unit Metric Value
    ----------------------------------------- ----------- ------------
    Theoretical L1/TEX Cache Bytes Accessible                    9,984
    L1/TEX Cache Frequency                            Ghz         1.60
    ----------------------------------------- ----------- ------------

    DRAM Roofline (Op:hmma Src:tf32 Dst:fp32 Sparsity:on)
    Peak Work
    ----------------------------- ----------- ------------
    Metric Name                   Metric Unit Metric Value
    ----------------------------- ----------- ------------
    SM Frequency                          Ghz         1.60
    Theoretical Tensor Operations                   39,936
    ----------------------------- ----------- ------------

    Peak Traffic
    --------------------------------- ----------- ------------
    Metric Name                       Metric Unit Metric Value
    --------------------------------- ----------- ------------
    Theoretical DRAM Bytes Accessible Kbyte/cycle         1.50
    DRAM Frequency                            Ghz         3.20
    --------------------------------- ----------- ------------

    L2 Cache Roofline (Op:hmma Src:tf32 Dst:fp32 Sparsity:on)
    Peak Work
    ----------------------------- ----------- ------------
    Metric Name                   Metric Unit Metric Value
    ----------------------------- ----------- ------------
    SM Frequency                          Ghz         1.60
    Theoretical Tensor Operations                   39,936
    ----------------------------- ----------- ------------

    Peak Traffic
    ------------------------------------- ----------- ------------
    Metric Name                           Metric Unit Metric Value
    ------------------------------------- ----------- ------------
    Theoretical L2 Cache Bytes Accessible       Kbyte         6.02
    L2 Cache Frequency                            Ghz         1.71
    ------------------------------------- ----------- ------------

    L1/TEX Cache Roofline (Op:hmma Src:tf32 Dst:fp32 Sparsity:on)
    Peak Work
    ----------------------------- ----------- ------------
    Metric Name                   Metric Unit Metric Value
    ----------------------------- ----------- ------------
    SM Frequency                          Ghz         1.60
    Theoretical Tensor Operations                   39,936
    ----------------------------- ----------- ------------

    Peak Traffic
    ----------------------------------------- ----------- ------------
    Metric Name                               Metric Unit Metric Value
    ----------------------------------------- ----------- ------------
    Theoretical L1/TEX Cache Bytes Accessible                    9,984
    L1/TEX Cache Frequency                            Ghz         1.60
    ----------------------------------------- ----------- ------------

    DRAM Roofline (Op:igmma Src:int8 Sparsity:off)
    Peak Work
    ----------------------------- ----------- ------------
    Metric Name                   Metric Unit Metric Value
    ----------------------------- ----------- ------------
    SM Frequency                          Ghz         1.60
    Theoretical Tensor Operations                  159,744
    ----------------------------- ----------- ------------

    Peak Traffic
    --------------------------------- ----------- ------------
    Metric Name                       Metric Unit Metric Value
    --------------------------------- ----------- ------------
    Theoretical DRAM Bytes Accessible Kbyte/cycle         1.50
    DRAM Frequency                            Ghz         3.20
    --------------------------------- ----------- ------------

    L2 Cache Roofline (Op:igmma Src:int8 Sparsity:off)
    Peak Work
    ----------------------------- ----------- ------------
    Metric Name                   Metric Unit Metric Value
    ----------------------------- ----------- ------------
    SM Frequency                          Ghz         1.60
    Theoretical Tensor Operations                  159,744
    ----------------------------- ----------- ------------

    Peak Traffic
    ------------------------------------- ----------- ------------
    Metric Name                           Metric Unit Metric Value
    ------------------------------------- ----------- ------------
    Theoretical L2 Cache Bytes Accessible       Kbyte         6.02
    L2 Cache Frequency                            Ghz         1.71
    ------------------------------------- ----------- ------------

    L1/TEX Cache Roofline (Op:igmma Src:int8 Sparsity:off)
    Peak Work
    ----------------------------- ----------- ------------
    Metric Name                   Metric Unit Metric Value
    ----------------------------- ----------- ------------
    SM Frequency                          Ghz         1.60
    Theoretical Tensor Operations                  159,744
    ----------------------------- ----------- ------------

    Peak Traffic
    ----------------------------------------- ----------- ------------
    Metric Name                               Metric Unit Metric Value
    ----------------------------------------- ----------- ------------
    Theoretical L1/TEX Cache Bytes Accessible                    9,984
    L1/TEX Cache Frequency                            Ghz         1.60
    ----------------------------------------- ----------- ------------

    DRAM Roofline (Op:igmma Src:int8 Sparsity:on)
    Peak Work
    ----------------------------- ----------- ------------
    Metric Name                   Metric Unit Metric Value
    ----------------------------- ----------- ------------
    SM Frequency                          Ghz         1.60
    Theoretical Tensor Operations                  319,488
    ----------------------------- ----------- ------------

    Peak Traffic
    --------------------------------- ----------- ------------
    Metric Name                       Metric Unit Metric Value
    --------------------------------- ----------- ------------
    Theoretical DRAM Bytes Accessible Kbyte/cycle         1.50
    DRAM Frequency                            Ghz         3.20
    --------------------------------- ----------- ------------

    L2 Cache Roofline (Op:igmma Src:int8 Sparsity:on)
    Peak Work
    ----------------------------- ----------- ------------
    Metric Name                   Metric Unit Metric Value
    ----------------------------- ----------- ------------
    SM Frequency                          Ghz         1.60
    Theoretical Tensor Operations                  319,488
    ----------------------------- ----------- ------------

    Peak Traffic
    ------------------------------------- ----------- ------------
    Metric Name                           Metric Unit Metric Value
    ------------------------------------- ----------- ------------
    Theoretical L2 Cache Bytes Accessible       Kbyte         6.02
    L2 Cache Frequency                            Ghz         1.71
    ------------------------------------- ----------- ------------

    L1/TEX Cache Roofline (Op:igmma Src:int8 Sparsity:on)
    Peak Work
    ----------------------------- ----------- ------------
    Metric Name                   Metric Unit Metric Value
    ----------------------------- ----------- ------------
    SM Frequency                          Ghz         1.60
    Theoretical Tensor Operations                  319,488
    ----------------------------- ----------- ------------

    Peak Traffic
    ----------------------------------------- ----------- ------------
    Metric Name                               Metric Unit Metric Value
    ----------------------------------------- ----------- ------------
    Theoretical L1/TEX Cache Bytes Accessible                    9,984
    L1/TEX Cache Frequency                            Ghz         1.60
    ----------------------------------------- ----------- ------------

    DRAM Roofline (Op:imma Src:int8 Sparsity:off)
    Peak Work
    ----------------------------- ----------- ------------
    Metric Name                   Metric Unit Metric Value
    ----------------------------- ----------- ------------
    SM Frequency                          Ghz         1.60
    Theoretical Tensor Operations                  106,496
    ----------------------------- ----------- ------------

    Peak Traffic
    --------------------------------- ----------- ------------
    Metric Name                       Metric Unit Metric Value
    --------------------------------- ----------- ------------
    Theoretical DRAM Bytes Accessible Kbyte/cycle         1.50
    DRAM Frequency                            Ghz         3.20
    --------------------------------- ----------- ------------

    L2 Cache Roofline (Op:imma Src:int8 Sparsity:off)
    Peak Work
    ----------------------------- ----------- ------------
    Metric Name                   Metric Unit Metric Value
    ----------------------------- ----------- ------------
    SM Frequency                          Ghz         1.60
    Theoretical Tensor Operations                  106,496
    ----------------------------- ----------- ------------

    Peak Traffic
    ------------------------------------- ----------- ------------
    Metric Name                           Metric Unit Metric Value
    ------------------------------------- ----------- ------------
    Theoretical L2 Cache Bytes Accessible       Kbyte         6.02
    L2 Cache Frequency                            Ghz         1.71
    ------------------------------------- ----------- ------------

    L1/TEX Cache Roofline (Op:imma Src:int8 Sparsity:off)
    Peak Work
    ----------------------------- ----------- ------------
    Metric Name                   Metric Unit Metric Value
    ----------------------------- ----------- ------------
    SM Frequency                          Ghz         1.60
    Theoretical Tensor Operations                  106,496
    ----------------------------- ----------- ------------

    Peak Traffic
    ----------------------------------------- ----------- ------------
    Metric Name                               Metric Unit Metric Value
    ----------------------------------------- ----------- ------------
    Theoretical L1/TEX Cache Bytes Accessible                    9,984
    L1/TEX Cache Frequency                            Ghz         1.60
    ----------------------------------------- ----------- ------------

    DRAM Roofline (Op:imma Src:int8 Sparsity:on)
    Peak Work
    ----------------------------- ----------- ------------
    Metric Name                   Metric Unit Metric Value
    ----------------------------- ----------- ------------
    SM Frequency                          Ghz         1.60
    Theoretical Tensor Operations                  159,744
    ----------------------------- ----------- ------------

    Peak Traffic
    --------------------------------- ----------- ------------
    Metric Name                       Metric Unit Metric Value
    --------------------------------- ----------- ------------
    Theoretical DRAM Bytes Accessible Kbyte/cycle         1.50
    DRAM Frequency                            Ghz         3.20
    --------------------------------- ----------- ------------

    L2 Cache Roofline (Op:imma Src:int8 Sparsity:on)
    Peak Work
    ----------------------------- ----------- ------------
    Metric Name                   Metric Unit Metric Value
    ----------------------------- ----------- ------------
    SM Frequency                          Ghz         1.60
    Theoretical Tensor Operations                  159,744
    ----------------------------- ----------- ------------

    Peak Traffic
    ------------------------------------- ----------- ------------
    Metric Name                           Metric Unit Metric Value
    ------------------------------------- ----------- ------------
    Theoretical L2 Cache Bytes Accessible       Kbyte         6.02
    L2 Cache Frequency                            Ghz         1.71
    ------------------------------------- ----------- ------------

    L1/TEX Cache Roofline (Op:imma Src:int8 Sparsity:on)
    Peak Work
    ----------------------------- ----------- ------------
    Metric Name                   Metric Unit Metric Value
    ----------------------------- ----------- ------------
    SM Frequency                          Ghz         1.60
    Theoretical Tensor Operations                  159,744
    ----------------------------- ----------- ------------

    Peak Traffic
    ----------------------------------------- ----------- ------------
    Metric Name                               Metric Unit Metric Value
    ----------------------------------------- ----------- ------------
    Theoretical L1/TEX Cache Bytes Accessible                    9,984
    L1/TEX Cache Frequency                            Ghz         1.60
    ----------------------------------------- ----------- ------------

    DRAM Roofline (Src:bf16 Dst:fp32)
    Peak Work
    ----------------------------- ----------- ------------
    Metric Name                   Metric Unit Metric Value
    ----------------------------- ----------- ------------
    SM Frequency                          Ghz         1.60
    Theoretical Tensor Operations                  159,744
    ----------------------------- ----------- ------------

    Peak Traffic
    --------------------------------- ----------- ------------
    Metric Name                       Metric Unit Metric Value
    --------------------------------- ----------- ------------
    Theoretical DRAM Bytes Accessible Kbyte/cycle         1.50
    DRAM Frequency                            Ghz         3.20
    --------------------------------- ----------- ------------

    L2 Cache Roofline (Src:bf16 Dst:fp32)
    Peak Work
    ----------------------------- ----------- ------------
    Metric Name                   Metric Unit Metric Value
    ----------------------------- ----------- ------------
    SM Frequency                          Ghz         1.60
    Theoretical Tensor Operations                  159,744
    ----------------------------- ----------- ------------

    Peak Traffic
    ------------------------------------- ----------- ------------
    Metric Name                           Metric Unit Metric Value
    ------------------------------------- ----------- ------------
    Theoretical L2 Cache Bytes Accessible       Kbyte         6.02
    L2 Cache Frequency                            Ghz         1.71
    ------------------------------------- ----------- ------------

    L1/TEX Cache Roofline (Src:bf16 Dst:fp32)
    Peak Work
    ----------------------------- ----------- ------------
    Metric Name                   Metric Unit Metric Value
    ----------------------------- ----------- ------------
    SM Frequency                          Ghz         1.60
    Theoretical Tensor Operations                  159,744
    ----------------------------- ----------- ------------

    Peak Traffic
    ----------------------------------------- ----------- ------------
    Metric Name                               Metric Unit Metric Value
    ----------------------------------------- ----------- ------------
    Theoretical L1/TEX Cache Bytes Accessible                    9,984
    L1/TEX Cache Frequency                            Ghz         1.60
    ----------------------------------------- ----------- ------------

    DRAM Roofline (Src:fp16)
    Peak Work
    ----------------------------- ----------- ------------
    Metric Name                   Metric Unit Metric Value
    ----------------------------- ----------- ------------
    SM Frequency                          Ghz         1.60
    Theoretical Tensor Operations                  159,744
    ----------------------------- ----------- ------------

    Peak Traffic
    --------------------------------- ----------- ------------
    Metric Name                       Metric Unit Metric Value
    --------------------------------- ----------- ------------
    Theoretical DRAM Bytes Accessible Kbyte/cycle         1.50
    DRAM Frequency                            Ghz         3.20
    --------------------------------- ----------- ------------

    L2 Cache Roofline (Src:fp16)
    Peak Work
    ----------------------------- ----------- ------------
    Metric Name                   Metric Unit Metric Value
    ----------------------------- ----------- ------------
    SM Frequency                          Ghz         1.60
    Theoretical Tensor Operations                  159,744
    ----------------------------- ----------- ------------

    Peak Traffic
    ------------------------------------- ----------- ------------
    Metric Name                           Metric Unit Metric Value
    ------------------------------------- ----------- ------------
    Theoretical L2 Cache Bytes Accessible       Kbyte         6.02
    L2 Cache Frequency                            Ghz         1.71
    ------------------------------------- ----------- ------------

    L1/TEX Cache Roofline (Src:fp16)
    Peak Work
    ----------------------------- ----------- ------------
    Metric Name                   Metric Unit Metric Value
    ----------------------------- ----------- ------------
    SM Frequency                          Ghz         1.60
    Theoretical Tensor Operations                  159,744
    ----------------------------- ----------- ------------

    Peak Traffic
    ----------------------------------------- ----------- ------------
    Metric Name                               Metric Unit Metric Value
    ----------------------------------------- ----------- ------------
    Theoretical L1/TEX Cache Bytes Accessible                    9,984
    L1/TEX Cache Frequency                            Ghz         1.60
    ----------------------------------------- ----------- ------------

    DRAM Roofline (Src:fp64)
    Peak Work
    ----------------------------- ----------- ------------
    Metric Name                   Metric Unit Metric Value
    ----------------------------- ----------- ------------
    SM Frequency                          Ghz         1.60
    Theoretical Tensor Operations                      312
    ----------------------------- ----------- ------------

    Peak Traffic
    --------------------------------- ----------- ------------
    Metric Name                       Metric Unit Metric Value
    --------------------------------- ----------- ------------
    Theoretical DRAM Bytes Accessible Kbyte/cycle         1.50
    DRAM Frequency                            Ghz         3.20
    --------------------------------- ----------- ------------

    L2 Cache Roofline (Src:fp64)
    Peak Work
    ----------------------------- ----------- ------------
    Metric Name                   Metric Unit Metric Value
    ----------------------------- ----------- ------------
    SM Frequency                          Ghz         1.60
    Theoretical Tensor Operations                      312
    ----------------------------- ----------- ------------

    Peak Traffic
    ------------------------------------- ----------- ------------
    Metric Name                           Metric Unit Metric Value
    ------------------------------------- ----------- ------------
    Theoretical L2 Cache Bytes Accessible       Kbyte         6.02
    L2 Cache Frequency                            Ghz         1.71
    ------------------------------------- ----------- ------------

    L1/TEX Cache Roofline (Src:fp64)
    Peak Work
    ----------------------------- ----------- ------------
    Metric Name                   Metric Unit Metric Value
    ----------------------------- ----------- ------------
    SM Frequency                          Ghz         1.60
    Theoretical Tensor Operations                      312
    ----------------------------- ----------- ------------

    Peak Traffic
    ----------------------------------------- ----------- ------------
    Metric Name                               Metric Unit Metric Value
    ----------------------------------------- ----------- ------------
    Theoretical L1/TEX Cache Bytes Accessible                    9,984
    L1/TEX Cache Frequency                            Ghz         1.60
    ----------------------------------------- ----------- ------------

    DRAM Roofline (Src:fp8 Sparsity:off)
    Peak Work
    ----------------------------- ----------- ------------
    Metric Name                   Metric Unit Metric Value
    ----------------------------- ----------- ------------
    SM Frequency                          Ghz         1.60
    Theoretical Tensor Operations                  159,744
    ----------------------------- ----------- ------------

    Peak Traffic
    --------------------------------- ----------- ------------
    Metric Name                       Metric Unit Metric Value
    --------------------------------- ----------- ------------
    Theoretical DRAM Bytes Accessible Kbyte/cycle         1.50
    DRAM Frequency                            Ghz         3.20
    --------------------------------- ----------- ------------

    L2 Cache Roofline (Src:fp8 Sparsity:off)
    Peak Work
    ----------------------------- ----------- ------------
    Metric Name                   Metric Unit Metric Value
    ----------------------------- ----------- ------------
    SM Frequency                          Ghz         1.60
    Theoretical Tensor Operations                  159,744
    ----------------------------- ----------- ------------

    Peak Traffic
    ------------------------------------- ----------- ------------
    Metric Name                           Metric Unit Metric Value
    ------------------------------------- ----------- ------------
    Theoretical L2 Cache Bytes Accessible       Kbyte         6.02
    L2 Cache Frequency                            Ghz         1.71
    ------------------------------------- ----------- ------------

    L1/TEX Cache Roofline (Src:fp8 Sparsity:off)
    Peak Work
    ----------------------------- ----------- ------------
    Metric Name                   Metric Unit Metric Value
    ----------------------------- ----------- ------------
    SM Frequency                          Ghz         1.60
    Theoretical Tensor Operations                  159,744
    ----------------------------- ----------- ------------

    Peak Traffic
    ----------------------------------------- ----------- ------------
    Metric Name                               Metric Unit Metric Value
    ----------------------------------------- ----------- ------------
    Theoretical L1/TEX Cache Bytes Accessible                    9,984
    L1/TEX Cache Frequency                            Ghz         1.60
    ----------------------------------------- ----------- ------------

    DRAM Roofline (Src:fp8 Sparsity:on)
    Peak Work
    ----------------------------- ----------- ------------
    Metric Name                   Metric Unit Metric Value
    ----------------------------- ----------- ------------
    SM Frequency                          Ghz         1.60
    Theoretical Tensor Operations                  319,488
    ----------------------------- ----------- ------------

    Peak Traffic
    --------------------------------- ----------- ------------
    Metric Name                       Metric Unit Metric Value
    --------------------------------- ----------- ------------
    Theoretical DRAM Bytes Accessible Kbyte/cycle         1.50
    DRAM Frequency                            Ghz         3.20
    --------------------------------- ----------- ------------

    L2 Cache Roofline (Src:fp8 Sparsity:on)
    Peak Work
    ----------------------------- ----------- ------------
    Metric Name                   Metric Unit Metric Value
    ----------------------------- ----------- ------------
    SM Frequency                          Ghz         1.60
    Theoretical Tensor Operations                  319,488
    ----------------------------- ----------- ------------

    Peak Traffic
    ------------------------------------- ----------- ------------
    Metric Name                           Metric Unit Metric Value
    ------------------------------------- ----------- ------------
    Theoretical L2 Cache Bytes Accessible       Kbyte         6.02
    L2 Cache Frequency                            Ghz         1.71
    ------------------------------------- ----------- ------------

    L1/TEX Cache Roofline (Src:fp8 Sparsity:on)
    Peak Work
    ----------------------------- ----------- ------------
    Metric Name                   Metric Unit Metric Value
    ----------------------------- ----------- ------------
    SM Frequency                          Ghz         1.60
    Theoretical Tensor Operations                  319,488
    ----------------------------- ----------- ------------

    Peak Traffic
    ----------------------------------------- ----------- ------------
    Metric Name                               Metric Unit Metric Value
    ----------------------------------------- ----------- ------------
    Theoretical L1/TEX Cache Bytes Accessible                    9,984
    L1/TEX Cache Frequency                            Ghz         1.60
    ----------------------------------------- ----------- ------------

    DRAM Roofline (Src:int1)
    Peak Work
    ----------------------------- ----------- ------------
    Metric Name                   Metric Unit Metric Value
    ----------------------------- ----------- ------------
    SM Frequency                          Ghz         1.60
    Theoretical Tensor Operations                1,277,952
    ----------------------------- ----------- ------------

    Peak Traffic
    --------------------------------- ----------- ------------
    Metric Name                       Metric Unit Metric Value
    --------------------------------- ----------- ------------
    Theoretical DRAM Bytes Accessible Kbyte/cycle         1.50
    DRAM Frequency                            Ghz         3.20
    --------------------------------- ----------- ------------

    L2 Cache Roofline (Src:int1)
    Peak Work
    ----------------------------- ----------- ------------
    Metric Name                   Metric Unit Metric Value
    ----------------------------- ----------- ------------
    SM Frequency                          Ghz         1.60
    Theoretical Tensor Operations                1,277,952
    ----------------------------- ----------- ------------

    Peak Traffic
    ------------------------------------- ----------- ------------
    Metric Name                           Metric Unit Metric Value
    ------------------------------------- ----------- ------------
    Theoretical L2 Cache Bytes Accessible       Kbyte         6.02
    L2 Cache Frequency                            Ghz         1.71
    ------------------------------------- ----------- ------------

    L1/TEX Cache Roofline (Src:int1)
    Peak Work
    ----------------------------- ----------- ------------
    Metric Name                   Metric Unit Metric Value
    ----------------------------- ----------- ------------
    SM Frequency                          Ghz         1.60
    Theoretical Tensor Operations                1,277,952
    ----------------------------- ----------- ------------

    Peak Traffic
    ----------------------------------------- ----------- ------------
    Metric Name                               Metric Unit Metric Value
    ----------------------------------------- ----------- ------------
    Theoretical L1/TEX Cache Bytes Accessible                    9,984
    L1/TEX Cache Frequency                            Ghz         1.60
    ----------------------------------------- ----------- ------------

    DRAM Roofline (Src:int8)
    Peak Work
    ----------------------------- ----------- ------------
    Metric Name                   Metric Unit Metric Value
    ----------------------------- ----------- ------------
    SM Frequency                          Ghz         1.60
    Theoretical Tensor Operations                  319,488
    ----------------------------- ----------- ------------

    Peak Traffic
    --------------------------------- ----------- ------------
    Metric Name                       Metric Unit Metric Value
    --------------------------------- ----------- ------------
    Theoretical DRAM Bytes Accessible Kbyte/cycle         1.50
    DRAM Frequency                            Ghz         3.20
    --------------------------------- ----------- ------------

    L2 Cache Roofline (Src:int8)
    Peak Work
    ----------------------------- ----------- ------------
    Metric Name                   Metric Unit Metric Value
    ----------------------------- ----------- ------------
    SM Frequency                          Ghz         1.60
    Theoretical Tensor Operations                  319,488
    ----------------------------- ----------- ------------

    Peak Traffic
    ------------------------------------- ----------- ------------
    Metric Name                           Metric Unit Metric Value
    ------------------------------------- ----------- ------------
    Theoretical L2 Cache Bytes Accessible       Kbyte         6.02
    L2 Cache Frequency                            Ghz         1.71
    ------------------------------------- ----------- ------------

    L1/TEX Cache Roofline (Src:int8)
    Peak Work
    ----------------------------- ----------- ------------
    Metric Name                   Metric Unit Metric Value
    ----------------------------- ----------- ------------
    SM Frequency                          Ghz         1.60
    Theoretical Tensor Operations                  319,488
    ----------------------------- ----------- ------------

    Peak Traffic
    ----------------------------------------- ----------- ------------
    Metric Name                               Metric Unit Metric Value
    ----------------------------------------- ----------- ------------
    Theoretical L1/TEX Cache Bytes Accessible                    9,984
    L1/TEX Cache Frequency                            Ghz         1.60
    ----------------------------------------- ----------- ------------

    DRAM Roofline (Src:tf32 Dst:fp32)
    Peak Work
    ----------------------------- ----------- ------------
    Metric Name                   Metric Unit Metric Value
    ----------------------------- ----------- ------------
    SM Frequency                          Ghz         1.60
    Theoretical Tensor Operations                   79,872
    ----------------------------- ----------- ------------

    Peak Traffic
    --------------------------------- ----------- ------------
    Metric Name                       Metric Unit Metric Value
    --------------------------------- ----------- ------------
    Theoretical DRAM Bytes Accessible Kbyte/cycle         1.50
    DRAM Frequency                            Ghz         3.20
    --------------------------------- ----------- ------------

    L2 Cache Roofline (Src:tf32 Dst:fp32)
    Peak Work
    ----------------------------- ----------- ------------
    Metric Name                   Metric Unit Metric Value
    ----------------------------- ----------- ------------
    SM Frequency                          Ghz         1.60
    Theoretical Tensor Operations                   79,872
    ----------------------------- ----------- ------------

    Peak Traffic
    ------------------------------------- ----------- ------------
    Metric Name                           Metric Unit Metric Value
    ------------------------------------- ----------- ------------
    Theoretical L2 Cache Bytes Accessible       Kbyte         6.02
    L2 Cache Frequency                            Ghz         1.71
    ------------------------------------- ----------- ------------

    L1/TEX Cache Roofline (Src:tf32 Dst:fp32)
    Peak Work
    ----------------------------- ----------- ------------
    Metric Name                   Metric Unit Metric Value
    ----------------------------- ----------- ------------
    SM Frequency                          Ghz         1.60
    Theoretical Tensor Operations                   79,872
    ----------------------------- ----------- ------------

    Peak Traffic
    ----------------------------------------- ----------- ------------
    Metric Name                               Metric Unit Metric Value
    ----------------------------------------- ----------- ------------
    Theoretical L1/TEX Cache Bytes Accessible                    9,984
    L1/TEX Cache Frequency                            Ghz         1.60
    ----------------------------------------- ----------- ------------

    DRAM Achieved Value (Op:bgmma Src:int1)
    Achieved Work
    --------------------------- ----------- ------------
    Metric Name                 Metric Unit Metric Value
    --------------------------- ----------- ------------
    SM Frequency                        Ghz         1.60
    Tensor Operations Per Cycle                        0
    --------------------------- ----------- ------------

    Achieved Traffic
    -------------- ----------- ------------
    Metric Name    Metric Unit Metric Value
    -------------- ----------- ------------
    DRAM Bandwidth     Tbyte/s         2.44
    -------------- ----------- ------------

    L2 Cache Achieved Value (Op:bgmma Src:int1)
    Achieved Work
    --------------------------- ----------- ------------
    Metric Name                 Metric Unit Metric Value
    --------------------------- ----------- ------------
    SM Frequency                        Ghz         1.60
    Tensor Operations Per Cycle                        0
    --------------------------- ----------- ------------

    Achieved Traffic
    ------------------ ----------- ------------
    Metric Name        Metric Unit Metric Value
    ------------------ ----------- ------------
    L2 Cache Bandwidth       Tbyte         2.52
    ------------------ ----------- ------------

    L1/TEX Cache Achieved Value (Op:bgmma Src:int1)
    Achieved Work
    --------------------------- ----------- ------------
    Metric Name                 Metric Unit Metric Value
    --------------------------- ----------- ------------
    SM Frequency                        Ghz         1.60
    Tensor Operations Per Cycle                        0
    --------------------------- ----------- ------------

    Achieved Traffic
    ---------------------- ----------- ------------------
    Metric Name            Metric Unit       Metric Value
    ---------------------- ----------- ------------------
    L1/TEX Cache Bandwidth             443,748,189,415.04
    ---------------------- ----------- ------------------

    DRAM Achieved Value (Op:bmma Src:int1)
    Achieved Work
    --------------------------- ----------- ------------
    Metric Name                 Metric Unit Metric Value
    --------------------------- ----------- ------------
    SM Frequency                        Ghz         1.60
    Tensor Operations Per Cycle                        0
    --------------------------- ----------- ------------

    Achieved Traffic
    -------------- ----------- ------------
    Metric Name    Metric Unit Metric Value
    -------------- ----------- ------------
    DRAM Bandwidth     Tbyte/s         2.44
    -------------- ----------- ------------

    L2 Cache Achieved Value (Op:bmma Src:int1)
    Achieved Work
    --------------------------- ----------- ------------
    Metric Name                 Metric Unit Metric Value
    --------------------------- ----------- ------------
    SM Frequency                        Ghz         1.60
    Tensor Operations Per Cycle                        0
    --------------------------- ----------- ------------

    Achieved Traffic
    ------------------ ----------- ------------
    Metric Name        Metric Unit Metric Value
    ------------------ ----------- ------------
    L2 Cache Bandwidth       Tbyte         2.52
    ------------------ ----------- ------------

    L1/TEX Cache Achieved Value (Op:bmma Src:int1)
    Achieved Work
    --------------------------- ----------- ------------
    Metric Name                 Metric Unit Metric Value
    --------------------------- ----------- ------------
    SM Frequency                        Ghz         1.60
    Tensor Operations Per Cycle                        0
    --------------------------- ----------- ------------

    Achieved Traffic
    ---------------------- ----------- ------------------
    Metric Name            Metric Unit       Metric Value
    ---------------------- ----------- ------------------
    L1/TEX Cache Bandwidth             443,748,189,415.04
    ---------------------- ----------- ------------------

    DRAM Achieved Value (Op:hgmma Src:bf16 Dst:fp32 Sparsity:off)
    Achieved Work
    --------------------------- ----------- ------------
    Metric Name                 Metric Unit Metric Value
    --------------------------- ----------- ------------
    SM Frequency                        Ghz         1.60
    Tensor Operations Per Cycle                        0
    --------------------------- ----------- ------------

    Achieved Traffic
    -------------- ----------- ------------
    Metric Name    Metric Unit Metric Value
    -------------- ----------- ------------
    DRAM Bandwidth     Tbyte/s         2.44
    -------------- ----------- ------------

    L2 Cache Achieved Value (Op:hgmma Src:bf16 Dst:fp32 Sparsity:off)
    Achieved Work
    --------------------------- ----------- ------------
    Metric Name                 Metric Unit Metric Value
    --------------------------- ----------- ------------
    SM Frequency                        Ghz         1.60
    Tensor Operations Per Cycle                        0
    --------------------------- ----------- ------------

    Achieved Traffic
    ------------------ ----------- ------------
    Metric Name        Metric Unit Metric Value
    ------------------ ----------- ------------
    L2 Cache Bandwidth       Tbyte         2.52
    ------------------ ----------- ------------

    L1/TEX Cache Achieved Value (Op:hgmma Src:bf16 Dst:fp32 Sparsity:off)
    Achieved Work
    --------------------------- ----------- ------------
    Metric Name                 Metric Unit Metric Value
    --------------------------- ----------- ------------
    SM Frequency                        Ghz         1.60
    Tensor Operations Per Cycle                        0
    --------------------------- ----------- ------------

    Achieved Traffic
    ---------------------- ----------- ------------------
    Metric Name            Metric Unit       Metric Value
    ---------------------- ----------- ------------------
    L1/TEX Cache Bandwidth             443,748,189,415.04
    ---------------------- ----------- ------------------

    DRAM Achieved Value (Op:hgmma Src:bf16 Dst:fp32 Sparsity:on)
    Achieved Work
    --------------------------- ----------- ------------
    Metric Name                 Metric Unit Metric Value
    --------------------------- ----------- ------------
    SM Frequency                        Ghz         1.60
    Tensor Operations Per Cycle                        0
    --------------------------- ----------- ------------

    Achieved Traffic
    -------------- ----------- ------------
    Metric Name    Metric Unit Metric Value
    -------------- ----------- ------------
    DRAM Bandwidth     Tbyte/s         2.44
    -------------- ----------- ------------

    L2 Cache Achieved Value (Op:hgmma Src:bf16 Dst:fp32 Sparsity:on)
    Achieved Work
    --------------------------- ----------- ------------
    Metric Name                 Metric Unit Metric Value
    --------------------------- ----------- ------------
    SM Frequency                        Ghz         1.60
    Tensor Operations Per Cycle                        0
    --------------------------- ----------- ------------

    Achieved Traffic
    ------------------ ----------- ------------
    Metric Name        Metric Unit Metric Value
    ------------------ ----------- ------------
    L2 Cache Bandwidth       Tbyte         2.52
    ------------------ ----------- ------------

    L1/TEX Cache Achieved Value (Op:hgmma Src:bf16 Dst:fp32 Sparsity:on)
    Achieved Work
    --------------------------- ----------- ------------
    Metric Name                 Metric Unit Metric Value
    --------------------------- ----------- ------------
    SM Frequency                        Ghz         1.60
    Tensor Operations Per Cycle                        0
    --------------------------- ----------- ------------

    Achieved Traffic
    ---------------------- ----------- ------------------
    Metric Name            Metric Unit       Metric Value
    ---------------------- ----------- ------------------
    L1/TEX Cache Bandwidth             443,748,189,415.04
    ---------------------- ----------- ------------------

    DRAM Achieved Value (Op:hgmma Src:fp16 Sparsity:off)
    Achieved Work
    --------------------------- ----------- ------------
    Metric Name                 Metric Unit Metric Value
    --------------------------- ----------- ------------
    SM Frequency                        Ghz         1.60
    Tensor Operations Per Cycle                        0
    --------------------------- ----------- ------------

    Achieved Traffic
    -------------- ----------- ------------
    Metric Name    Metric Unit Metric Value
    -------------- ----------- ------------
    DRAM Bandwidth     Tbyte/s         2.44
    -------------- ----------- ------------

    L2 Cache Achieved Value (Op:hgmma Src:fp16 Sparsity:off)
    Achieved Work
    --------------------------- ----------- ------------
    Metric Name                 Metric Unit Metric Value
    --------------------------- ----------- ------------
    SM Frequency                        Ghz         1.60
    Tensor Operations Per Cycle                        0
    --------------------------- ----------- ------------

    Achieved Traffic
    ------------------ ----------- ------------
    Metric Name        Metric Unit Metric Value
    ------------------ ----------- ------------
    L2 Cache Bandwidth       Tbyte         2.52
    ------------------ ----------- ------------

    L1/TEX Cache Achieved Value (Op:hgmma Src:fp16 Sparsity:off)
    Achieved Work
    --------------------------- ----------- ------------
    Metric Name                 Metric Unit Metric Value
    --------------------------- ----------- ------------
    SM Frequency                        Ghz         1.60
    Tensor Operations Per Cycle                        0
    --------------------------- ----------- ------------

    Achieved Traffic
    ---------------------- ----------- ------------------
    Metric Name            Metric Unit       Metric Value
    ---------------------- ----------- ------------------
    L1/TEX Cache Bandwidth             443,748,189,415.04
    ---------------------- ----------- ------------------

    DRAM Achieved Value (Op:hgmma Src:fp16 Sparsity:on)
    Achieved Work
    --------------------------- ----------- ------------
    Metric Name                 Metric Unit Metric Value
    --------------------------- ----------- ------------
    SM Frequency                        Ghz         1.60
    Tensor Operations Per Cycle                        0
    --------------------------- ----------- ------------

    Achieved Traffic
    -------------- ----------- ------------
    Metric Name    Metric Unit Metric Value
    -------------- ----------- ------------
    DRAM Bandwidth     Tbyte/s         2.44
    -------------- ----------- ------------

    L2 Cache Achieved Value (Op:hgmma Src:fp16 Sparsity:on)
    Achieved Work
    --------------------------- ----------- ------------
    Metric Name                 Metric Unit Metric Value
    --------------------------- ----------- ------------
    SM Frequency                        Ghz         1.60
    Tensor Operations Per Cycle                        0
    --------------------------- ----------- ------------

    Achieved Traffic
    ------------------ ----------- ------------
    Metric Name        Metric Unit Metric Value
    ------------------ ----------- ------------
    L2 Cache Bandwidth       Tbyte         2.52
    ------------------ ----------- ------------

    L1/TEX Cache Achieved Value (Op:hgmma Src:fp16 Sparsity:on)
    Achieved Work
    --------------------------- ----------- ------------
    Metric Name                 Metric Unit Metric Value
    --------------------------- ----------- ------------
    SM Frequency                        Ghz         1.60
    Tensor Operations Per Cycle                        0
    --------------------------- ----------- ------------

    Achieved Traffic
    ---------------------- ----------- ------------------
    Metric Name            Metric Unit       Metric Value
    ---------------------- ----------- ------------------
    L1/TEX Cache Bandwidth             443,748,189,415.04
    ---------------------- ----------- ------------------

    DRAM Achieved Value (Op:hgmma Src:tf32 Dst:fp32 Sparsity:off)
    Achieved Work
    --------------------------- ----------- ------------
    Metric Name                 Metric Unit Metric Value
    --------------------------- ----------- ------------
    SM Frequency                        Ghz         1.60
    Tensor Operations Per Cycle                        0
    --------------------------- ----------- ------------

    Achieved Traffic
    -------------- ----------- ------------
    Metric Name    Metric Unit Metric Value
    -------------- ----------- ------------
    DRAM Bandwidth     Tbyte/s         2.44
    -------------- ----------- ------------

    L2 Cache Achieved Value (Op:hgmma Src:tf32 Dst:fp32 Sparsity:off)
    Achieved Work
    --------------------------- ----------- ------------
    Metric Name                 Metric Unit Metric Value
    --------------------------- ----------- ------------
    SM Frequency                        Ghz         1.60
    Tensor Operations Per Cycle                        0
    --------------------------- ----------- ------------

    Achieved Traffic
    ------------------ ----------- ------------
    Metric Name        Metric Unit Metric Value
    ------------------ ----------- ------------
    L2 Cache Bandwidth       Tbyte         2.52
    ------------------ ----------- ------------

    L1/TEX Cache Achieved Value (Op:hgmma Src:tf32 Dst:fp32 Sparsity:off)
    Achieved Work
    --------------------------- ----------- ------------
    Metric Name                 Metric Unit Metric Value
    --------------------------- ----------- ------------
    SM Frequency                        Ghz         1.60
    Tensor Operations Per Cycle                        0
    --------------------------- ----------- ------------

    Achieved Traffic
    ---------------------- ----------- ------------------
    Metric Name            Metric Unit       Metric Value
    ---------------------- ----------- ------------------
    L1/TEX Cache Bandwidth             443,748,189,415.04
    ---------------------- ----------- ------------------

    DRAM Achieved Value (Op:hgmma Src:tf32 Dst:fp32 Sparsity:on)
    Achieved Work
    --------------------------- ----------- ------------
    Metric Name                 Metric Unit Metric Value
    --------------------------- ----------- ------------
    SM Frequency                        Ghz         1.60
    Tensor Operations Per Cycle                        0
    --------------------------- ----------- ------------

    Achieved Traffic
    -------------- ----------- ------------
    Metric Name    Metric Unit Metric Value
    -------------- ----------- ------------
    DRAM Bandwidth     Tbyte/s         2.44
    -------------- ----------- ------------

    L2 Cache Achieved Value (Op:hgmma Src:tf32 Dst:fp32 Sparsity:on)
    Achieved Work
    --------------------------- ----------- ------------
    Metric Name                 Metric Unit Metric Value
    --------------------------- ----------- ------------
    SM Frequency                        Ghz         1.60
    Tensor Operations Per Cycle                        0
    --------------------------- ----------- ------------

    Achieved Traffic
    ------------------ ----------- ------------
    Metric Name        Metric Unit Metric Value
    ------------------ ----------- ------------
    L2 Cache Bandwidth       Tbyte         2.52
    ------------------ ----------- ------------

    L1/TEX Cache Achieved Value (Op:hgmma Src:tf32 Dst:fp32 Sparsity:on)
    Achieved Work
    --------------------------- ----------- ------------
    Metric Name                 Metric Unit Metric Value
    --------------------------- ----------- ------------
    SM Frequency                        Ghz         1.60
    Tensor Operations Per Cycle                        0
    --------------------------- ----------- ------------

    Achieved Traffic
    ---------------------- ----------- ------------------
    Metric Name            Metric Unit       Metric Value
    ---------------------- ----------- ------------------
    L1/TEX Cache Bandwidth             443,748,189,415.04
    ---------------------- ----------- ------------------

    DRAM Achieved Value (Op:hmma Src:bf16 Dst:fp32 Sparsity:off)
    Achieved Work
    --------------------------- ----------- ------------
    Metric Name                 Metric Unit Metric Value
    --------------------------- ----------- ------------
    SM Frequency                        Ghz         1.60
    Tensor Operations Per Cycle                        0
    --------------------------- ----------- ------------

    Achieved Traffic
    -------------- ----------- ------------
    Metric Name    Metric Unit Metric Value
    -------------- ----------- ------------
    DRAM Bandwidth     Tbyte/s         2.44
    -------------- ----------- ------------

    L2 Cache Achieved Value (Op:hmma Src:bf16 Dst:fp32 Sparsity:off)
    Achieved Work
    --------------------------- ----------- ------------
    Metric Name                 Metric Unit Metric Value
    --------------------------- ----------- ------------
    SM Frequency                        Ghz         1.60
    Tensor Operations Per Cycle                        0
    --------------------------- ----------- ------------

    Achieved Traffic
    ------------------ ----------- ------------
    Metric Name        Metric Unit Metric Value
    ------------------ ----------- ------------
    L2 Cache Bandwidth       Tbyte         2.52
    ------------------ ----------- ------------

    L1/TEX Cache Achieved Value (Op:hmma Src:bf16 Dst:fp32 Sparsity:off)
    Achieved Work
    --------------------------- ----------- ------------
    Metric Name                 Metric Unit Metric Value
    --------------------------- ----------- ------------
    SM Frequency                        Ghz         1.60
    Tensor Operations Per Cycle                        0
    --------------------------- ----------- ------------

    Achieved Traffic
    ---------------------- ----------- ------------------
    Metric Name            Metric Unit       Metric Value
    ---------------------- ----------- ------------------
    L1/TEX Cache Bandwidth             443,748,189,415.04
    ---------------------- ----------- ------------------

    DRAM Achieved Value (Op:hmma Src:bf16 Dst:fp32 Sparsity:on)
    Achieved Work
    --------------------------- ----------- ------------
    Metric Name                 Metric Unit Metric Value
    --------------------------- ----------- ------------
    SM Frequency                        Ghz         1.60
    Tensor Operations Per Cycle                        0
    --------------------------- ----------- ------------

    Achieved Traffic
    -------------- ----------- ------------
    Metric Name    Metric Unit Metric Value
    -------------- ----------- ------------
    DRAM Bandwidth     Tbyte/s         2.44
    -------------- ----------- ------------

    L2 Cache Achieved Value (Op:hmma Src:bf16 Dst:fp32 Sparsity:on)
    Achieved Work
    --------------------------- ----------- ------------
    Metric Name                 Metric Unit Metric Value
    --------------------------- ----------- ------------
    SM Frequency                        Ghz         1.60
    Tensor Operations Per Cycle                        0
    --------------------------- ----------- ------------

    Achieved Traffic
    ------------------ ----------- ------------
    Metric Name        Metric Unit Metric Value
    ------------------ ----------- ------------
    L2 Cache Bandwidth       Tbyte         2.52
    ------------------ ----------- ------------

    L1/TEX Cache Achieved Value (Op:hmma Src:bf16 Dst:fp32 Sparsity:on)
    Achieved Work
    --------------------------- ----------- ------------
    Metric Name                 Metric Unit Metric Value
    --------------------------- ----------- ------------
    SM Frequency                        Ghz         1.60
    Tensor Operations Per Cycle                        0
    --------------------------- ----------- ------------

    Achieved Traffic
    ---------------------- ----------- ------------------
    Metric Name            Metric Unit       Metric Value
    ---------------------- ----------- ------------------
    L1/TEX Cache Bandwidth             443,748,189,415.04
    ---------------------- ----------- ------------------

    DRAM Achieved Value (Op:hmma Src:fp16 Dst:fp16 Sparsity:off)
    Achieved Work
    --------------------------- ----------- ------------
    Metric Name                 Metric Unit Metric Value
    --------------------------- ----------- ------------
    SM Frequency                        Ghz         1.60
    Tensor Operations Per Cycle                        0
    --------------------------- ----------- ------------

    Achieved Traffic
    -------------- ----------- ------------
    Metric Name    Metric Unit Metric Value
    -------------- ----------- ------------
    DRAM Bandwidth     Tbyte/s         2.44
    -------------- ----------- ------------

    L2 Cache Achieved Value (Op:hmma Src:fp16 Dst:fp16 Sparsity:off)
    Achieved Work
    --------------------------- ----------- ------------
    Metric Name                 Metric Unit Metric Value
    --------------------------- ----------- ------------
    SM Frequency                        Ghz         1.60
    Tensor Operations Per Cycle                        0
    --------------------------- ----------- ------------

    Achieved Traffic
    ------------------ ----------- ------------
    Metric Name        Metric Unit Metric Value
    ------------------ ----------- ------------
    L2 Cache Bandwidth       Tbyte         2.52
    ------------------ ----------- ------------

    L1/TEX Cache Achieved Value (Op:hmma Src:fp16 Dst:fp16 Sparsity:off)
    Achieved Work
    --------------------------- ----------- ------------
    Metric Name                 Metric Unit Metric Value
    --------------------------- ----------- ------------
    SM Frequency                        Ghz         1.60
    Tensor Operations Per Cycle                        0
    --------------------------- ----------- ------------

    Achieved Traffic
    ---------------------- ----------- ------------------
    Metric Name            Metric Unit       Metric Value
    ---------------------- ----------- ------------------
    L1/TEX Cache Bandwidth             443,748,189,415.04
    ---------------------- ----------- ------------------

    DRAM Achieved Value (Op:hmma Src:fp16 Dst:fp16 Sparsity:on)
    Achieved Work
    --------------------------- ----------- ------------
    Metric Name                 Metric Unit Metric Value
    --------------------------- ----------- ------------
    SM Frequency                        Ghz         1.60
    Tensor Operations Per Cycle                        0
    --------------------------- ----------- ------------

    Achieved Traffic
    -------------- ----------- ------------
    Metric Name    Metric Unit Metric Value
    -------------- ----------- ------------
    DRAM Bandwidth     Tbyte/s         2.44
    -------------- ----------- ------------

    L2 Cache Achieved Value (Op:hmma Src:fp16 Dst:fp16 Sparsity:on)
    Achieved Work
    --------------------------- ----------- ------------
    Metric Name                 Metric Unit Metric Value
    --------------------------- ----------- ------------
    SM Frequency                        Ghz         1.60
    Tensor Operations Per Cycle                        0
    --------------------------- ----------- ------------

    Achieved Traffic
    ------------------ ----------- ------------
    Metric Name        Metric Unit Metric Value
    ------------------ ----------- ------------
    L2 Cache Bandwidth       Tbyte         2.52
    ------------------ ----------- ------------

    L1/TEX Cache Achieved Value (Op:hmma Src:fp16 Dst:fp16 Sparsity:on)
    Achieved Work
    --------------------------- ----------- ------------
    Metric Name                 Metric Unit Metric Value
    --------------------------- ----------- ------------
    SM Frequency                        Ghz         1.60
    Tensor Operations Per Cycle                        0
    --------------------------- ----------- ------------

    Achieved Traffic
    ---------------------- ----------- ------------------
    Metric Name            Metric Unit       Metric Value
    ---------------------- ----------- ------------------
    L1/TEX Cache Bandwidth             443,748,189,415.04
    ---------------------- ----------- ------------------

    DRAM Achieved Value (Op:hmma Src:fp16 Dst:fp32 Sparsity:off)
    Achieved Work
    --------------------------- ----------- ------------
    Metric Name                 Metric Unit Metric Value
    --------------------------- ----------- ------------
    SM Frequency                        Ghz         1.60
    Tensor Operations Per Cycle                        0
    --------------------------- ----------- ------------

    Achieved Traffic
    -------------- ----------- ------------
    Metric Name    Metric Unit Metric Value
    -------------- ----------- ------------
    DRAM Bandwidth     Tbyte/s         2.44
    -------------- ----------- ------------

    L2 Cache Achieved Value (Op:hmma Src:fp16 Dst:fp32 Sparsity:off)
    Achieved Work
    --------------------------- ----------- ------------
    Metric Name                 Metric Unit Metric Value
    --------------------------- ----------- ------------
    SM Frequency                        Ghz         1.60
    Tensor Operations Per Cycle                        0
    --------------------------- ----------- ------------

    Achieved Traffic
    ------------------ ----------- ------------
    Metric Name        Metric Unit Metric Value
    ------------------ ----------- ------------
    L2 Cache Bandwidth       Tbyte         2.52
    ------------------ ----------- ------------

    L1/TEX Cache Achieved Value (Op:hmma Src:fp16 Dst:fp32 Sparsity:off)
    Achieved Work
    --------------------------- ----------- ------------
    Metric Name                 Metric Unit Metric Value
    --------------------------- ----------- ------------
    SM Frequency                        Ghz         1.60
    Tensor Operations Per Cycle                        0
    --------------------------- ----------- ------------

    Achieved Traffic
    ---------------------- ----------- ------------------
    Metric Name            Metric Unit       Metric Value
    ---------------------- ----------- ------------------
    L1/TEX Cache Bandwidth             443,748,189,415.04
    ---------------------- ----------- ------------------

    DRAM Achieved Value (Op:hmma Src:fp16 Dst:fp32 Sparsity:on)
    Achieved Work
    --------------------------- ----------- ------------
    Metric Name                 Metric Unit Metric Value
    --------------------------- ----------- ------------
    SM Frequency                        Ghz         1.60
    Tensor Operations Per Cycle                        0
    --------------------------- ----------- ------------

    Achieved Traffic
    -------------- ----------- ------------
    Metric Name    Metric Unit Metric Value
    -------------- ----------- ------------
    DRAM Bandwidth     Tbyte/s         2.44
    -------------- ----------- ------------

    L2 Cache Achieved Value (Op:hmma Src:fp16 Dst:fp32 Sparsity:on)
    Achieved Work
    --------------------------- ----------- ------------
    Metric Name                 Metric Unit Metric Value
    --------------------------- ----------- ------------
    SM Frequency                        Ghz         1.60
    Tensor Operations Per Cycle                        0
    --------------------------- ----------- ------------

    Achieved Traffic
    ------------------ ----------- ------------
    Metric Name        Metric Unit Metric Value
    ------------------ ----------- ------------
    L2 Cache Bandwidth       Tbyte         2.52
    ------------------ ----------- ------------

    L1/TEX Cache Achieved Value (Op:hmma Src:fp16 Dst:fp32 Sparsity:on)
    Achieved Work
    --------------------------- ----------- ------------
    Metric Name                 Metric Unit Metric Value
    --------------------------- ----------- ------------
    SM Frequency                        Ghz         1.60
    Tensor Operations Per Cycle                        0
    --------------------------- ----------- ------------

    Achieved Traffic
    ---------------------- ----------- ------------------
    Metric Name            Metric Unit       Metric Value
    ---------------------- ----------- ------------------
    L1/TEX Cache Bandwidth             443,748,189,415.04
    ---------------------- ----------- ------------------

    DRAM Achieved Value (Op:hmma Src:tf32 Dst:fp32 Sparsity:off)
    Achieved Work
    --------------------------- ----------- ------------
    Metric Name                 Metric Unit Metric Value
    --------------------------- ----------- ------------
    SM Frequency                        Ghz         1.60
    Tensor Operations Per Cycle                        0
    --------------------------- ----------- ------------

    Achieved Traffic
    -------------- ----------- ------------
    Metric Name    Metric Unit Metric Value
    -------------- ----------- ------------
    DRAM Bandwidth     Tbyte/s         2.44
    -------------- ----------- ------------

    L2 Cache Achieved Value (Op:hmma Src:tf32 Dst:fp32 Sparsity:off)
    Achieved Work
    --------------------------- ----------- ------------
    Metric Name                 Metric Unit Metric Value
    --------------------------- ----------- ------------
    SM Frequency                        Ghz         1.60
    Tensor Operations Per Cycle                        0
    --------------------------- ----------- ------------

    Achieved Traffic
    ------------------ ----------- ------------
    Metric Name        Metric Unit Metric Value
    ------------------ ----------- ------------
    L2 Cache Bandwidth       Tbyte         2.52
    ------------------ ----------- ------------

    L1/TEX Cache Achieved Value (Op:hmma Src:tf32 Dst:fp32 Sparsity:off)
    Achieved Work
    --------------------------- ----------- ------------
    Metric Name                 Metric Unit Metric Value
    --------------------------- ----------- ------------
    SM Frequency                        Ghz         1.60
    Tensor Operations Per Cycle                        0
    --------------------------- ----------- ------------

    Achieved Traffic
    ---------------------- ----------- ------------------
    Metric Name            Metric Unit       Metric Value
    ---------------------- ----------- ------------------
    L1/TEX Cache Bandwidth             443,748,189,415.04
    ---------------------- ----------- ------------------

    DRAM Achieved Value (Op:hmma Src:tf32 Dst:fp32 Sparsity:on)
    Achieved Work
    --------------------------- ----------- ------------
    Metric Name                 Metric Unit Metric Value
    --------------------------- ----------- ------------
    SM Frequency                        Ghz         1.60
    Tensor Operations Per Cycle                        0
    --------------------------- ----------- ------------

    Achieved Traffic
    -------------- ----------- ------------
    Metric Name    Metric Unit Metric Value
    -------------- ----------- ------------
    DRAM Bandwidth     Tbyte/s         2.44
    -------------- ----------- ------------

    L2 Cache Achieved Value (Op:hmma Src:tf32 Dst:fp32 Sparsity:on)
    Achieved Work
    --------------------------- ----------- ------------
    Metric Name                 Metric Unit Metric Value
    --------------------------- ----------- ------------
    SM Frequency                        Ghz         1.60
    Tensor Operations Per Cycle                        0
    --------------------------- ----------- ------------

    Achieved Traffic
    ------------------ ----------- ------------
    Metric Name        Metric Unit Metric Value
    ------------------ ----------- ------------
    L2 Cache Bandwidth       Tbyte         2.52
    ------------------ ----------- ------------

    L1/TEX Cache Achieved Value (Op:hmma Src:tf32 Dst:fp32 Sparsity:on)
    Achieved Work
    --------------------------- ----------- ------------
    Metric Name                 Metric Unit Metric Value
    --------------------------- ----------- ------------
    SM Frequency                        Ghz         1.60
    Tensor Operations Per Cycle                        0
    --------------------------- ----------- ------------

    Achieved Traffic
    ---------------------- ----------- ------------------
    Metric Name            Metric Unit       Metric Value
    ---------------------- ----------- ------------------
    L1/TEX Cache Bandwidth             443,748,189,415.04
    ---------------------- ----------- ------------------

    DRAM Achieved Value (Op:igmma Src:int8 Sparsity:off)
    Achieved Work
    --------------------------- ----------- ------------
    Metric Name                 Metric Unit Metric Value
    --------------------------- ----------- ------------
    SM Frequency                        Ghz         1.60
    Tensor Operations Per Cycle                        0
    --------------------------- ----------- ------------

    Achieved Traffic
    -------------- ----------- ------------
    Metric Name    Metric Unit Metric Value
    -------------- ----------- ------------
    DRAM Bandwidth     Tbyte/s         2.44
    -------------- ----------- ------------

    L2 Cache Achieved Value (Op:igmma Src:int8 Sparsity:off)
    Achieved Work
    --------------------------- ----------- ------------
    Metric Name                 Metric Unit Metric Value
    --------------------------- ----------- ------------
    SM Frequency                        Ghz         1.60
    Tensor Operations Per Cycle                        0
    --------------------------- ----------- ------------

    Achieved Traffic
    ------------------ ----------- ------------
    Metric Name        Metric Unit Metric Value
    ------------------ ----------- ------------
    L2 Cache Bandwidth       Tbyte         2.52
    ------------------ ----------- ------------

    L1/TEX Cache Achieved Value (Op:igmma Src:int8 Sparsity:off)
    Achieved Work
    --------------------------- ----------- ------------
    Metric Name                 Metric Unit Metric Value
    --------------------------- ----------- ------------
    SM Frequency                        Ghz         1.60
    Tensor Operations Per Cycle                        0
    --------------------------- ----------- ------------

    Achieved Traffic
    ---------------------- ----------- ------------------
    Metric Name            Metric Unit       Metric Value
    ---------------------- ----------- ------------------
    L1/TEX Cache Bandwidth             443,748,189,415.04
    ---------------------- ----------- ------------------

    DRAM Achieved Value (Op:igmma Src:int8 Sparsity:on)
    Achieved Work
    --------------------------- ----------- ------------
    Metric Name                 Metric Unit Metric Value
    --------------------------- ----------- ------------
    SM Frequency                        Ghz         1.60
    Tensor Operations Per Cycle                        0
    --------------------------- ----------- ------------

    Achieved Traffic
    -------------- ----------- ------------
    Metric Name    Metric Unit Metric Value
    -------------- ----------- ------------
    DRAM Bandwidth     Tbyte/s         2.44
    -------------- ----------- ------------

    L2 Cache Achieved Value (Op:igmma Src:int8 Sparsity:on)
    Achieved Work
    --------------------------- ----------- ------------
    Metric Name                 Metric Unit Metric Value
    --------------------------- ----------- ------------
    SM Frequency                        Ghz         1.60
    Tensor Operations Per Cycle                        0
    --------------------------- ----------- ------------

    Achieved Traffic
    ------------------ ----------- ------------
    Metric Name        Metric Unit Metric Value
    ------------------ ----------- ------------
    L2 Cache Bandwidth       Tbyte         2.52
    ------------------ ----------- ------------

    L1/TEX Cache Achieved Value (Op:igmma Src:int8 Sparsity:on)
    Achieved Work
    --------------------------- ----------- ------------
    Metric Name                 Metric Unit Metric Value
    --------------------------- ----------- ------------
    SM Frequency                        Ghz         1.60
    Tensor Operations Per Cycle                        0
    --------------------------- ----------- ------------

    Achieved Traffic
    ---------------------- ----------- ------------------
    Metric Name            Metric Unit       Metric Value
    ---------------------- ----------- ------------------
    L1/TEX Cache Bandwidth             443,748,189,415.04
    ---------------------- ----------- ------------------

    DRAM Achieved Value (Op:imma Src:int8 Sparsity:off)
    Achieved Work
    --------------------------- ----------- ------------
    Metric Name                 Metric Unit Metric Value
    --------------------------- ----------- ------------
    SM Frequency                        Ghz         1.60
    Tensor Operations Per Cycle                        0
    --------------------------- ----------- ------------

    Achieved Traffic
    -------------- ----------- ------------
    Metric Name    Metric Unit Metric Value
    -------------- ----------- ------------
    DRAM Bandwidth     Tbyte/s         2.44
    -------------- ----------- ------------

    L2 Cache Achieved Value (Op:imma Src:int8 Sparsity:off)
    Achieved Work
    --------------------------- ----------- ------------
    Metric Name                 Metric Unit Metric Value
    --------------------------- ----------- ------------
    SM Frequency                        Ghz         1.60
    Tensor Operations Per Cycle                        0
    --------------------------- ----------- ------------

    Achieved Traffic
    ------------------ ----------- ------------
    Metric Name        Metric Unit Metric Value
    ------------------ ----------- ------------
    L2 Cache Bandwidth       Tbyte         2.52
    ------------------ ----------- ------------

    L1/TEX Cache Achieved Value (Op:imma Src:int8 Sparsity:off)
    Achieved Work
    --------------------------- ----------- ------------
    Metric Name                 Metric Unit Metric Value
    --------------------------- ----------- ------------
    SM Frequency                        Ghz         1.60
    Tensor Operations Per Cycle                        0
    --------------------------- ----------- ------------

    Achieved Traffic
    ---------------------- ----------- ------------------
    Metric Name            Metric Unit       Metric Value
    ---------------------- ----------- ------------------
    L1/TEX Cache Bandwidth             443,748,189,415.04
    ---------------------- ----------- ------------------

    DRAM Achieved Value (Op:imma Src:int8 Sparsity:on)
    Achieved Work
    --------------------------- ----------- ------------
    Metric Name                 Metric Unit Metric Value
    --------------------------- ----------- ------------
    SM Frequency                        Ghz         1.60
    Tensor Operations Per Cycle                        0
    --------------------------- ----------- ------------

    Achieved Traffic
    -------------- ----------- ------------
    Metric Name    Metric Unit Metric Value
    -------------- ----------- ------------
    DRAM Bandwidth     Tbyte/s         2.44
    -------------- ----------- ------------

    L2 Cache Achieved Value (Op:imma Src:int8 Sparsity:on)
    Achieved Work
    --------------------------- ----------- ------------
    Metric Name                 Metric Unit Metric Value
    --------------------------- ----------- ------------
    SM Frequency                        Ghz         1.60
    Tensor Operations Per Cycle                        0
    --------------------------- ----------- ------------

    Achieved Traffic
    ------------------ ----------- ------------
    Metric Name        Metric Unit Metric Value
    ------------------ ----------- ------------
    L2 Cache Bandwidth       Tbyte         2.52
    ------------------ ----------- ------------

    L1/TEX Cache Achieved Value (Op:imma Src:int8 Sparsity:on)
    Achieved Work
    --------------------------- ----------- ------------
    Metric Name                 Metric Unit Metric Value
    --------------------------- ----------- ------------
    SM Frequency                        Ghz         1.60
    Tensor Operations Per Cycle                        0
    --------------------------- ----------- ------------

    Achieved Traffic
    ---------------------- ----------- ------------------
    Metric Name            Metric Unit       Metric Value
    ---------------------- ----------- ------------------
    L1/TEX Cache Bandwidth             443,748,189,415.04
    ---------------------- ----------- ------------------

    DRAM Achieved Value (Src:bf16 Dst:fp32)
    Achieved Work
    --------------------------- ----------- ------------
    Metric Name                 Metric Unit Metric Value
    --------------------------- ----------- ------------
    SM Frequency                        Ghz         1.60
    Tensor Operations Per Cycle                        0
    --------------------------- ----------- ------------

    Achieved Traffic
    -------------- ----------- ------------
    Metric Name    Metric Unit Metric Value
    -------------- ----------- ------------
    DRAM Bandwidth     Tbyte/s         2.44
    -------------- ----------- ------------

    L2 Cache Achieved Value (Src:bf16 Dst:fp32)
    Achieved Work
    --------------------------- ----------- ------------
    Metric Name                 Metric Unit Metric Value
    --------------------------- ----------- ------------
    SM Frequency                        Ghz         1.60
    Tensor Operations Per Cycle                        0
    --------------------------- ----------- ------------

    Achieved Traffic
    ------------------ ----------- ------------
    Metric Name        Metric Unit Metric Value
    ------------------ ----------- ------------
    L2 Cache Bandwidth       Tbyte         2.52
    ------------------ ----------- ------------

    L1/TEX Cache Achieved Value (Src:bf16 Dst:fp32)
    Achieved Work
    --------------------------- ----------- ------------
    Metric Name                 Metric Unit Metric Value
    --------------------------- ----------- ------------
    SM Frequency                        Ghz         1.60
    Tensor Operations Per Cycle                        0
    --------------------------- ----------- ------------

    Achieved Traffic
    ---------------------- ----------- ------------------
    Metric Name            Metric Unit       Metric Value
    ---------------------- ----------- ------------------
    L1/TEX Cache Bandwidth             443,748,189,415.04
    ---------------------- ----------- ------------------

    DRAM Achieved Value (Src:fp16)
    Achieved Work
    --------------------------- ----------- ------------
    Metric Name                 Metric Unit Metric Value
    --------------------------- ----------- ------------
    SM Frequency                        Ghz         1.60
    Tensor Operations Per Cycle                        0
    --------------------------- ----------- ------------

    Achieved Traffic
    -------------- ----------- ------------
    Metric Name    Metric Unit Metric Value
    -------------- ----------- ------------
    DRAM Bandwidth     Tbyte/s         2.44
    -------------- ----------- ------------

    L2 Cache Achieved Value (Src:fp16)
    Achieved Work
    --------------------------- ----------- ------------
    Metric Name                 Metric Unit Metric Value
    --------------------------- ----------- ------------
    SM Frequency                        Ghz         1.60
    Tensor Operations Per Cycle                        0
    --------------------------- ----------- ------------

    Achieved Traffic
    ------------------ ----------- ------------
    Metric Name        Metric Unit Metric Value
    ------------------ ----------- ------------
    L2 Cache Bandwidth       Tbyte         2.52
    ------------------ ----------- ------------

    L1/TEX Cache Achieved Value (Src:fp16)
    Achieved Work
    --------------------------- ----------- ------------
    Metric Name                 Metric Unit Metric Value
    --------------------------- ----------- ------------
    SM Frequency                        Ghz         1.60
    Tensor Operations Per Cycle                        0
    --------------------------- ----------- ------------

    Achieved Traffic
    ---------------------- ----------- ------------------
    Metric Name            Metric Unit       Metric Value
    ---------------------- ----------- ------------------
    L1/TEX Cache Bandwidth             443,748,189,415.04
    ---------------------- ----------- ------------------

    DRAM Achieved Value (Src:fp64)
    Achieved Work
    --------------------------- ----------- ------------
    Metric Name                 Metric Unit Metric Value
    --------------------------- ----------- ------------
    SM Frequency                        Ghz         1.60
    Tensor Operations Per Cycle                        0
    --------------------------- ----------- ------------

    Achieved Traffic
    -------------- ----------- ------------
    Metric Name    Metric Unit Metric Value
    -------------- ----------- ------------
    DRAM Bandwidth     Tbyte/s         2.44
    -------------- ----------- ------------

    L2 Cache Achieved Value (Src:fp64)
    Achieved Work
    --------------------------- ----------- ------------
    Metric Name                 Metric Unit Metric Value
    --------------------------- ----------- ------------
    SM Frequency                        Ghz         1.60
    Tensor Operations Per Cycle                        0
    --------------------------- ----------- ------------

    Achieved Traffic
    ------------------ ----------- ------------
    Metric Name        Metric Unit Metric Value
    ------------------ ----------- ------------
    L2 Cache Bandwidth       Tbyte         2.52
    ------------------ ----------- ------------

    L1/TEX Cache Achieved Value (Src:fp64)
    Achieved Work
    --------------------------- ----------- ------------
    Metric Name                 Metric Unit Metric Value
    --------------------------- ----------- ------------
    SM Frequency                        Ghz         1.60
    Tensor Operations Per Cycle                        0
    --------------------------- ----------- ------------

    Achieved Traffic
    ---------------------- ----------- ------------------
    Metric Name            Metric Unit       Metric Value
    ---------------------- ----------- ------------------
    L1/TEX Cache Bandwidth             443,748,189,415.04
    ---------------------- ----------- ------------------

    DRAM Achieved Value (Src:fp8 Sparsity:off)
    Achieved Work
    --------------------------- ----------- ------------
    Metric Name                 Metric Unit Metric Value
    --------------------------- ----------- ------------
    SM Frequency                        Ghz         1.60
    Tensor Operations Per Cycle                45,384.62
    --------------------------- ----------- ------------

    Achieved Traffic
    -------------- ----------- ------------
    Metric Name    Metric Unit Metric Value
    -------------- ----------- ------------
    DRAM Bandwidth     Tbyte/s         2.44
    -------------- ----------- ------------

    L2 Cache Achieved Value (Src:fp8 Sparsity:off)
    Achieved Work
    --------------------------- ----------- ------------
    Metric Name                 Metric Unit Metric Value
    --------------------------- ----------- ------------
    SM Frequency                        Ghz         1.60
    Tensor Operations Per Cycle                45,384.62
    --------------------------- ----------- ------------

    Achieved Traffic
    ------------------ ----------- ------------
    Metric Name        Metric Unit Metric Value
    ------------------ ----------- ------------
    L2 Cache Bandwidth       Tbyte         2.52
    ------------------ ----------- ------------

    L1/TEX Cache Achieved Value (Src:fp8 Sparsity:off)
    Achieved Work
    --------------------------- ----------- ------------
    Metric Name                 Metric Unit Metric Value
    --------------------------- ----------- ------------
    SM Frequency                        Ghz         1.60
    Tensor Operations Per Cycle                45,384.62
    --------------------------- ----------- ------------

    Achieved Traffic
    ---------------------- ----------- ------------------
    Metric Name            Metric Unit       Metric Value
    ---------------------- ----------- ------------------
    L1/TEX Cache Bandwidth             443,748,189,415.04
    ---------------------- ----------- ------------------

    DRAM Achieved Value (Src:fp8 Sparsity:on)
    Achieved Work
    --------------------------- ----------- ------------
    Metric Name                 Metric Unit Metric Value
    --------------------------- ----------- ------------
    SM Frequency                        Ghz         1.60
    Tensor Operations Per Cycle                        0
    --------------------------- ----------- ------------

    Achieved Traffic
    -------------- ----------- ------------
    Metric Name    Metric Unit Metric Value
    -------------- ----------- ------------
    DRAM Bandwidth     Tbyte/s         2.44
    -------------- ----------- ------------

    L2 Cache Achieved Value (Src:fp8 Sparsity:on)
    Achieved Work
    --------------------------- ----------- ------------
    Metric Name                 Metric Unit Metric Value
    --------------------------- ----------- ------------
    SM Frequency                        Ghz         1.60
    Tensor Operations Per Cycle                        0
    --------------------------- ----------- ------------

    Achieved Traffic
    ------------------ ----------- ------------
    Metric Name        Metric Unit Metric Value
    ------------------ ----------- ------------
    L2 Cache Bandwidth       Tbyte         2.52
    ------------------ ----------- ------------

    L1/TEX Cache Achieved Value (Src:fp8 Sparsity:on)
    Achieved Work
    --------------------------- ----------- ------------
    Metric Name                 Metric Unit Metric Value
    --------------------------- ----------- ------------
    SM Frequency                        Ghz         1.60
    Tensor Operations Per Cycle                        0
    --------------------------- ----------- ------------

    Achieved Traffic
    ---------------------- ----------- ------------------
    Metric Name            Metric Unit       Metric Value
    ---------------------- ----------- ------------------
    L1/TEX Cache Bandwidth             443,748,189,415.04
    ---------------------- ----------- ------------------

    DRAM Achieved Value (Src:int1)
    Achieved Work
    --------------------------- ----------- ------------
    Metric Name                 Metric Unit Metric Value
    --------------------------- ----------- ------------
    SM Frequency                        Ghz         1.60
    Tensor Operations Per Cycle                        0
    --------------------------- ----------- ------------

    Achieved Traffic
    -------------- ----------- ------------
    Metric Name    Metric Unit Metric Value
    -------------- ----------- ------------
    DRAM Bandwidth     Tbyte/s         2.44
    -------------- ----------- ------------

    L2 Cache Achieved Value (Src:int1)
    Achieved Work
    --------------------------- ----------- ------------
    Metric Name                 Metric Unit Metric Value
    --------------------------- ----------- ------------
    SM Frequency                        Ghz         1.60
    Tensor Operations Per Cycle                        0
    --------------------------- ----------- ------------

    Achieved Traffic
    ------------------ ----------- ------------
    Metric Name        Metric Unit Metric Value
    ------------------ ----------- ------------
    L2 Cache Bandwidth       Tbyte         2.52
    ------------------ ----------- ------------

    L1/TEX Cache Achieved Value (Src:int1)
    Achieved Work
    --------------------------- ----------- ------------
    Metric Name                 Metric Unit Metric Value
    --------------------------- ----------- ------------
    SM Frequency                        Ghz         1.60
    Tensor Operations Per Cycle                        0
    --------------------------- ----------- ------------

    Achieved Traffic
    ---------------------- ----------- ------------------
    Metric Name            Metric Unit       Metric Value
    ---------------------- ----------- ------------------
    L1/TEX Cache Bandwidth             443,748,189,415.04
    ---------------------- ----------- ------------------

    DRAM Achieved Value (Src:int8)
    Achieved Work
    --------------------------- ----------- ------------
    Metric Name                 Metric Unit Metric Value
    --------------------------- ----------- ------------
    SM Frequency                        Ghz         1.60
    Tensor Operations Per Cycle                        0
    --------------------------- ----------- ------------

    Achieved Traffic
    -------------- ----------- ------------
    Metric Name    Metric Unit Metric Value
    -------------- ----------- ------------
    DRAM Bandwidth     Tbyte/s         2.44
    -------------- ----------- ------------

    L2 Cache Achieved Value (Src:int8)
    Achieved Work
    --------------------------- ----------- ------------
    Metric Name                 Metric Unit Metric Value
    --------------------------- ----------- ------------
    SM Frequency                        Ghz         1.60
    Tensor Operations Per Cycle                        0
    --------------------------- ----------- ------------

    Achieved Traffic
    ------------------ ----------- ------------
    Metric Name        Metric Unit Metric Value
    ------------------ ----------- ------------
    L2 Cache Bandwidth       Tbyte         2.52
    ------------------ ----------- ------------

    L1/TEX Cache Achieved Value (Src:int8)
    Achieved Work
    --------------------------- ----------- ------------
    Metric Name                 Metric Unit Metric Value
    --------------------------- ----------- ------------
    SM Frequency                        Ghz         1.60
    Tensor Operations Per Cycle                        0
    --------------------------- ----------- ------------

    Achieved Traffic
    ---------------------- ----------- ------------------
    Metric Name            Metric Unit       Metric Value
    ---------------------- ----------- ------------------
    L1/TEX Cache Bandwidth             443,748,189,415.04
    ---------------------- ----------- ------------------

    DRAM Achieved Value (Src:tf32 Dst:fp32)
    Achieved Work
    --------------------------- ----------- ------------
    Metric Name                 Metric Unit Metric Value
    --------------------------- ----------- ------------
    SM Frequency                        Ghz         1.60
    Tensor Operations Per Cycle                        0
    --------------------------- ----------- ------------

    Achieved Traffic
    -------------- ----------- ------------
    Metric Name    Metric Unit Metric Value
    -------------- ----------- ------------
    DRAM Bandwidth     Tbyte/s         2.44
    -------------- ----------- ------------

    L2 Cache Achieved Value (Src:tf32 Dst:fp32)
    Achieved Work
    --------------------------- ----------- ------------
    Metric Name                 Metric Unit Metric Value
    --------------------------- ----------- ------------
    SM Frequency                        Ghz         1.60
    Tensor Operations Per Cycle                        0
    --------------------------- ----------- ------------

    Achieved Traffic
    ------------------ ----------- ------------
    Metric Name        Metric Unit Metric Value
    ------------------ ----------- ------------
    L2 Cache Bandwidth       Tbyte         2.52
    ------------------ ----------- ------------

    L1/TEX Cache Achieved Value (Src:tf32 Dst:fp32)
    Achieved Work
    --------------------------- ----------- ------------
    Metric Name                 Metric Unit Metric Value
    --------------------------- ----------- ------------
    SM Frequency                        Ghz         1.60
    Tensor Operations Per Cycle                        0
    --------------------------- ----------- ------------

    Achieved Traffic
    ---------------------- ----------- ------------------
    Metric Name            Metric Unit       Metric Value
    ---------------------- ----------- ------------------
    L1/TEX Cache Bandwidth             443,748,189,415.04
    ---------------------- ----------- ------------------

    --------------------------------------- ----------- ------------------------
    Metric Name                             Metric Unit             Metric Value
    --------------------------------------- ----------- ------------------------
    Op:bgmma Src:int1                                                          0
    Op:bgmma Src:int1                                 %                        0
    Op:bgmma Src:int1                                                  1,277,952
    Op:bgmma Src:int1                                      2,047,909,009,470,752
    Op:bgmma Src:int1                                                          0
    Op:bgmma Src:int1                                                          0
    Op:bmma Src:int1                                                           0
    Op:bmma Src:int1                                  %                        0
    Op:bmma Src:int1                                                     851,968
    Op:bmma Src:int1                                    1,365,272,672,980,501.25
    Op:bmma Src:int1                                                           0
    Op:bmma Src:int1                                                           0
    Op:hgmma Src:bf16 Dst:fp32 Sparsity:off                                    0
    Op:hgmma Src:bf16 Dst:fp32 Sparsity:off           %                        0
    Op:hgmma Src:bf16 Dst:fp32 Sparsity:off                               79,872
    Op:hgmma Src:bf16 Dst:fp32 Sparsity:off                  127,994,313,091,922
    Op:hgmma Src:bf16 Dst:fp32 Sparsity:off                                    0
    Op:hgmma Src:bf16 Dst:fp32 Sparsity:off                                    0
    Op:hgmma Src:bf16 Dst:fp32 Sparsity:on                                     0
    Op:hgmma Src:bf16 Dst:fp32 Sparsity:on            %                        0
    Op:hgmma Src:bf16 Dst:fp32 Sparsity:on                               159,744
    Op:hgmma Src:bf16 Dst:fp32 Sparsity:on                   255,988,626,183,844
    Op:hgmma Src:bf16 Dst:fp32 Sparsity:on                                     0
    Op:hgmma Src:bf16 Dst:fp32 Sparsity:on                                     0
    Op:hgmma Src:fp16 Sparsity:off                                             0
    Op:hgmma Src:fp16 Sparsity:off                    %                        0
    Op:hgmma Src:fp16 Sparsity:off                                        79,872
    Op:hgmma Src:fp16 Sparsity:off                           127,994,313,091,922
    Op:hgmma Src:fp16 Sparsity:off                                             0
    Op:hgmma Src:fp16 Sparsity:off                                             0
    Op:hgmma Src:fp16 Sparsity:on                                              0
    Op:hgmma Src:fp16 Sparsity:on                     %                        0
    Op:hgmma Src:fp16 Sparsity:on                                        159,744
    Op:hgmma Src:fp16 Sparsity:on                            255,988,626,183,844
    Op:hgmma Src:fp16 Sparsity:on                                              0
    Op:hgmma Src:fp16 Sparsity:on                                              0
    Op:hgmma Src:tf32 Dst:fp32 Sparsity:off                                    0
    Op:hgmma Src:tf32 Dst:fp32 Sparsity:off           %                        0
    Op:hgmma Src:tf32 Dst:fp32 Sparsity:off                               39,936
    Op:hgmma Src:tf32 Dst:fp32 Sparsity:off                   63,997,156,545,961
    Op:hgmma Src:tf32 Dst:fp32 Sparsity:off                                    0
    Op:hgmma Src:tf32 Dst:fp32 Sparsity:off                                    0
    Op:hgmma Src:tf32 Dst:fp32 Sparsity:on                                     0
    Op:hgmma Src:tf32 Dst:fp32 Sparsity:on            %                        0
    Op:hgmma Src:tf32 Dst:fp32 Sparsity:on                                79,872
    Op:hgmma Src:tf32 Dst:fp32 Sparsity:on                   127,994,313,091,922
    Op:hgmma Src:tf32 Dst:fp32 Sparsity:on                                     0
    Op:hgmma Src:tf32 Dst:fp32 Sparsity:on                                     0
    Op:hmma Src:bf16 Dst:fp32 Sparsity:off                                     0
    Op:hmma Src:bf16 Dst:fp32 Sparsity:off            %                        0
    Op:hmma Src:bf16 Dst:fp32 Sparsity:off                                53,248
    Op:hmma Src:bf16 Dst:fp32 Sparsity:off                 85,329,542,061,281.33
    Op:hmma Src:bf16 Dst:fp32 Sparsity:off                                     0
    Op:hmma Src:bf16 Dst:fp32 Sparsity:off                                     0
    Op:hmma Src:bf16 Dst:fp32 Sparsity:on                                      0
    Op:hmma Src:bf16 Dst:fp32 Sparsity:on             %                        0
    Op:hmma Src:bf16 Dst:fp32 Sparsity:on                                 79,872
    Op:hmma Src:bf16 Dst:fp32 Sparsity:on                    127,994,313,091,922
    Op:hmma Src:bf16 Dst:fp32 Sparsity:on                                      0
    Op:hmma Src:bf16 Dst:fp32 Sparsity:on                                      0
    Op:hmma Src:fp16 Dst:fp16 Sparsity:off                                     0
    Op:hmma Src:fp16 Dst:fp16 Sparsity:off            %                        0
    Op:hmma Src:fp16 Dst:fp16 Sparsity:off                                53,248
    Op:hmma Src:fp16 Dst:fp16 Sparsity:off                 85,329,542,061,281.33
    Op:hmma Src:fp16 Dst:fp16 Sparsity:off                                     0
    Op:hmma Src:fp16 Dst:fp16 Sparsity:off                                     0
    Op:hmma Src:fp16 Dst:fp16 Sparsity:on                                      0
    Op:hmma Src:fp16 Dst:fp16 Sparsity:on             %                        0
    Op:hmma Src:fp16 Dst:fp16 Sparsity:on                                 79,872
    Op:hmma Src:fp16 Dst:fp16 Sparsity:on                    127,994,313,091,922
    Op:hmma Src:fp16 Dst:fp16 Sparsity:on                                      0
    Op:hmma Src:fp16 Dst:fp16 Sparsity:on                                      0
    Op:hmma Src:fp16 Dst:fp32 Sparsity:off                                     0
    Op:hmma Src:fp16 Dst:fp32 Sparsity:off            %                        0
    Op:hmma Src:fp16 Dst:fp32 Sparsity:off                                53,248
    Op:hmma Src:fp16 Dst:fp32 Sparsity:off                 85,329,542,061,281.33
    Op:hmma Src:fp16 Dst:fp32 Sparsity:off                                     0
    Op:hmma Src:fp16 Dst:fp32 Sparsity:off                                     0
    Op:hmma Src:fp16 Dst:fp32 Sparsity:on                                      0
    Op:hmma Src:fp16 Dst:fp32 Sparsity:on             %                        0
    Op:hmma Src:fp16 Dst:fp32 Sparsity:on                                 79,872
    Op:hmma Src:fp16 Dst:fp32 Sparsity:on                    127,994,313,091,922
    Op:hmma Src:fp16 Dst:fp32 Sparsity:on                                      0
    Op:hmma Src:fp16 Dst:fp32 Sparsity:on                                      0
    Op:hmma Src:tf32 Dst:fp32 Sparsity:off                                     0
    Op:hmma Src:tf32 Dst:fp32 Sparsity:off            %                        0
    Op:hmma Src:tf32 Dst:fp32 Sparsity:off                                26,624
    Op:hmma Src:tf32 Dst:fp32 Sparsity:off                 42,664,771,030,640.66
    Op:hmma Src:tf32 Dst:fp32 Sparsity:off                                     0
    Op:hmma Src:tf32 Dst:fp32 Sparsity:off                                     0
    Op:hmma Src:tf32 Dst:fp32 Sparsity:on                                      0
    Op:hmma Src:tf32 Dst:fp32 Sparsity:on             %                        0
    Op:hmma Src:tf32 Dst:fp32 Sparsity:on                                 39,936
    Op:hmma Src:tf32 Dst:fp32 Sparsity:on                     63,997,156,545,961
    Op:hmma Src:tf32 Dst:fp32 Sparsity:on                                      0
    Op:hmma Src:tf32 Dst:fp32 Sparsity:on                                      0
    Op:igmma Src:int8 Sparsity:off                                             0
    Op:igmma Src:int8 Sparsity:off                    %                        0
    Op:igmma Src:int8 Sparsity:off                                       159,744
    Op:igmma Src:int8 Sparsity:off                           255,988,626,183,844
    Op:igmma Src:int8 Sparsity:off                                             0
    Op:igmma Src:int8 Sparsity:off                                             0
    Op:igmma Src:int8 Sparsity:on                                              0
    Op:igmma Src:int8 Sparsity:on                     %                        0
    Op:igmma Src:int8 Sparsity:on                                        319,488
    Op:igmma Src:int8 Sparsity:on                            511,977,252,367,688
    Op:igmma Src:int8 Sparsity:on                                              0
    Op:igmma Src:int8 Sparsity:on                                              0
    Op:imma Src:int8 Sparsity:off                                              0
    Op:imma Src:int8 Sparsity:off                     %                        0
    Op:imma Src:int8 Sparsity:off                                        106,496
    Op:imma Src:int8 Sparsity:off                         170,659,084,122,562.66
    Op:imma Src:int8 Sparsity:off                                              0
    Op:imma Src:int8 Sparsity:off                                              0
    Op:imma Src:int8 Sparsity:on                                               0
    Op:imma Src:int8 Sparsity:on                      %                        0
    Op:imma Src:int8 Sparsity:on                                         159,744
    Op:imma Src:int8 Sparsity:on                             255,988,626,183,844
    Op:imma Src:int8 Sparsity:on                                               0
    Op:imma Src:int8 Sparsity:on                                               0
    Src:bf16 Dst:fp32                                                          0
    Src:bf16 Dst:fp32                                 %                        0
    Src:bf16 Dst:fp32                                                    159,744
    Src:bf16 Dst:fp32                                        255,988,626,183,844
    Src:bf16 Dst:fp32                                                          0
    Src:bf16 Dst:fp32                                                          0
    Src:fp16                                                                   0
    Src:fp16                                          %                        0
    Src:fp16                                                             159,744
    Src:fp16                                                 255,988,626,183,844
    Src:fp16                                                                   0
    Src:fp16                                                                   0
    Src:fp64                                                                   0
    Src:fp64                                          %                        0
    Src:fp64                                                                 312
    Src:fp64                                                  499,977,785,515.32
    Src:fp64                                                                   0
    Src:fp64                                                                   0
    Src:fp8 Sparsity:off                                           8,355,053,568
    Src:fp8 Sparsity:off                              %                    28.41
    Src:fp8 Sparsity:off                                                 159,744
    Src:fp8 Sparsity:off                                     255,988,626,183,844
    Src:fp8 Sparsity:off                                               45,384.62
    Src:fp8 Sparsity:off                                   72,728,530,362,116.98
    Src:fp8 Sparsity:on                                                        0
    Src:fp8 Sparsity:on                               %                        0
    Src:fp8 Sparsity:on                                                  319,488
    Src:fp8 Sparsity:on                                      511,977,252,367,688
    Src:fp8 Sparsity:on                                                        0
    Src:fp8 Sparsity:on                                                        0
    Src:int1                                                                   0
    Src:int1                                          %                        0
    Src:int1                                                           1,277,952
    Src:int1                                               2,047,909,009,470,752
    Src:int1                                                                   0
    Src:int1                                                                   0
    Src:int8                                                                   0
    Src:int8                                          %                        0
    Src:int8                                                             319,488
    Src:int8                                                 511,977,252,367,688
    Src:int8                                                                   0
    Src:int8                                                                   0
    Src:tf32 Dst:fp32                                                          0
    Src:tf32 Dst:fp32                                 %                        0
    Src:tf32 Dst:fp32                                                     79,872
    Src:tf32 Dst:fp32                                        127,994,313,091,922
    Src:tf32 Dst:fp32                                                          0
    Src:tf32 Dst:fp32                                                          0
    --------------------------------------- ----------- ------------------------

    Section: PM Sampling
    ------------------------- ----------- ------------
    Metric Name               Metric Unit Metric Value
    ------------------------- ----------- ------------
    Elapsed Cycles                  cycle      186,925
    Duration                           us       114.88
    Maximum Buffer Size             Mbyte        21.10
    Maximum Sampling Interval          us         1.50
    # Pass Groups                                    1
    ------------------------- ----------- ------------

    Section: Compute Workload Analysis
    ---------------------- ----------- ------------
    Metric Name            Metric Unit Metric Value
    ---------------------- ----------- ------------
    Executed Ipc Active     inst/cycle         3.16
    Executed Ipc Elapsed    inst/cycle         3.10
    Issue Slots Busy                 %        77.47
    Issued Ipc Active       inst/cycle         3.16
    Max. Issued Slots Busy           %        78.81
    SM Busy                          %        77.47
    ---------------------- ----------- ------------

    Pipe Utilization (Elapsed Cycles)
    Table Name : Pipe Utilization (% of elapsed cycles)
    Table Description : Pipeline utilization based on the number of elapsed (all) cycles in the workload. This takes the rates of different instructions executing on the pipeline into account. For an instruction requiring 4 cycles to complete execution, the counter is increased by 1 for 4 cycles. Use this to understand the overall pipeline utilization over the entire workload.
    -------------------- ----------- ------------
    Metric Name          Metric Unit Metric Value
    -------------------- ----------- ------------
    ALU                            %        63.91
    FMA                            %        17.85
    Shared (FP64+Tensor)           %         7.10
    Tensor (All)                   %         7.10
    Tensor (FP)                    %         7.10
    TMA                            %         0.44
    FP64                           %            0
    Tensor (DP)                    %            0
    Tensor (INT)                   %            0
    -------------------- ----------- ------------

    Table Name : Pipe Utilization (% of peak instructions executed over elapsed cycles)
    Table Description : Pipeline utilization based on the number of executed instructions over elapsed (all) cycles. This does not account for any variation in instruction latencies for this pipeline. For an instruction requiring 4 cycles to complete execution, the counter is increased by 1 only. Use this to understand the composition of instructions/latencies (high-latency, low-rate instructions won't result in peak values).
    ------------------- ----------- ------------
    Metric Name         Metric Unit Metric Value
    ------------------- ----------- ------------
    ALU                           %        63.91
    LSU                           %        40.21
    Tensor (Warp Group)           %        28.41
    FMA                           %        17.13
    Uniform                       %        13.77
    ADU                           %        10.90
    Tensor (FP)                   %         3.55
    CBU                           %         1.65
    TMA                           %         0.22
    FMA (FP16)                    %            0
    FP64                          %            0
    Tensor (DP)                   %            0
    Tensor (INT)                  %            0
    TEX                           %            0
    XU                            %            0
    ------------------- ----------- ------------

    Pipe Utilization (Active Cycles)
    Table Name : Pipe Utilization (% of active cycles)
    Table Description : Pipeline utilization based on the number of cycles the pipeline was active. This takes the rates of different instructions executing on the pipeline into account. For an instruction requiring 4 cycles to complete execution, the counter is increased by 1 for 4 cycles. Use this to understand the pipeline utilization for the time it was active.
    -------------------- ----------- ------------
    Metric Name          Metric Unit Metric Value
    -------------------- ----------- ------------
    ALU                            %        65.19
    FMA                            %        18.21
    Shared (FP64+Tensor)           %         7.25
    Tensor (All)                   %         7.25
    Tensor (FP)                    %         7.25
    TMA                            %         0.45
    FP64                           %            0
    Tensor (DP)                    %            0
    Tensor (INT)                   %            0
    -------------------- ----------- ------------

    Table Name : Pipe Utilization (% of peak instructions executed over active cycles)
    Table Description : Pipeline utilization based on the number of executed instructions over active cycles. This does not account for any variation in instruction latencies for this pipeline. For an instruction requiring 4 cycles to complete execution, the counter is increased by 1 only. Use this to understand the composition of instructions/latencies (high-latency, low-rate instructions won't result in peak values).
    ------------------- ----------- ------------
    Metric Name         Metric Unit Metric Value
    ------------------- ----------- ------------
    ALU                           %        65.19
    LSU                           %        41.02
    Tensor (Warp Group)           %        28.98
    FMA                           %        17.47
    Uniform                       %        14.05
    ADU                           %        11.11
    Tensor (FP)                   %         3.62
    CBU                           %         1.68
    TMA                           %         0.23
    FMA (FP16)                    %            0
    FP64                          %            0
    Tensor (DP)                   %            0
    Tensor (INT)                  %            0
    TEX                           %            0
    XU                            %            0
    ------------------- ----------- ------------

    OPT   ALU is the highest-utilized pipeline (63.9%) based on elapsed cycles in the workload, taking into account the
          rates of its different instructions. It executes integer and logic operations. The pipeline is
          well-utilized, but might become a bottleneck if more work is added. Based on the number of executed
          instructions, the highest utilized pipeline (63.9%) is ALU. It executes integer and logic operations.
          Comparing the two, the overall pipeline utilization appears to be caused by frequent, low-latency
          instructions. See the Profiling Guide
          (https://docs.nvidia.com/nsight-compute/ProfilingGuide/index.html#metrics-decoder) or hover over the
          pipeline name to understand the workloads handled by each pipeline. The Instruction Statistics section shows
          the mix of executed instructions for this workload. Check the Warp State Statistics section for which
          reasons cause warps to stall.

    Section: Memory Workload Analysis
    -------------------------------------- ----------- ------------
    Metric Name                            Metric Unit Metric Value
    -------------------------------------- ----------- ------------
    Local Memory Spilling Requests                                0
    Local Memory Spilling Request Overhead           %            0
    Memory Throughput                          Tbyte/s         2.44
    Mem Busy                                         %        53.07
    Max Bandwidth                                    %        50.70
    Instructions Executed                         inst   44,457,600
    L1/TEX Hit Rate                                  %        68.04
    L2 Persisting Size                           Mbyte        11.80
    L2 Compression Success Rate                      %            0
    L2 Compression Ratio                             %            0
    L2 Compression Input Sectors                sector      479,000
    L2 Hit Rate                                      %         8.08
    Mem Pipes Busy                                   %        40.21
    -------------------------------------- ----------- ------------

    Section: Memory Workload Analysis Chart
    ------------------------------------------------------- ----------- ------------
    Metric Name                                             Metric Unit Metric Value
    ------------------------------------------------------- ----------- ------------
    DRAM Bandwidth                                              Tbyte/s         2.44
    L2 Compression Success Rate                                       %            0
    L2 Cache Sectors                                             sector   14,191,481
    L2 Cache Sector Throughput For TEX                                %        25.78
    Missed L2 Cache Sectors For TEX Accessing Peer Memory        sector            0
    Missed L2 Cache Sectors For TEX Accessing System Memory      sector            0
    Missed L2 Cache Sectors For TEX                              sector    8,662,722
    PCIe read bandwidth                                          byte/s            0
    PCIe write bandwidth                                        Mbyte/s       213.93
    ------------------------------------------------------- ----------- ------------

    Memory Chart
    Table Name : Memory Chart
    ---------------------------------------------------------------------------------------------------------- ----------- ------------
    Metric Name                                                                                                Metric Unit Metric Value
    ---------------------------------------------------------------------------------------------------------- ----------- ------------
    dram__bytes_read.sum                                                                                             Mbyte       276.73
    dram__bytes_read.sum.pct_of_peak_sustained_elapsed                                                                   %        50.07
    dram__bytes_read.sum.per_second                                                                                Tbyte/s         2.41
    dram__bytes_write.sum                                                                                            Mbyte         3.46
    dram__bytes_write.sum.pct_of_peak_sustained_elapsed                                                                  %         0.63
    dram__bytes_write.sum.per_second                                                                               Gbyte/s        30.15
    gcc__average_cache_request_hit_rate.pct                                                                              %        97.06
    gcc__cache_requests_type_constant.sum                                                                          request        1,170
    gcc__cache_requests_type_constant.sum.pct_of_peak_sustained_elapsed                                                  %         0.18
    gcc__cache_requests_type_instruction.sum                                                                       request        2,808
    gcc__cache_requests_type_instruction.sum.pct_of_peak_sustained_elapsed                                               %         0.43
    gcc__xbar2gcc_sectors.sum                                                                                                     2,408
    gcc__xbar2gcc_sectors.sum.pct_of_peak_sustained_elapsed                                                              %         0.19
    idc__request_hit_rate.pct                                                                                            %        97.71
    idc__requests.sum                                                                                                           145,920
    idc__requests.sum.pct_of_peak_sustained_elapsed                                                                      %         2.03
    l1tex__data_pipe_lsu_wavefronts_mem_shared.sum.pct_of_peak_sustained_elapsed                                         %        44.68
    l1tex__m_l1tex2xbar_write_bytes.sum                                                                              Mbyte        15.26
    l1tex__m_l1tex2xbar_write_bytes.sum.pct_of_peak_sustained_elapsed                                                    %         3.32
    l1tex__m_l1tex2xbar_write_bytes.sum.per_second                                                                 Gbyte/s       132.87
    l1tex__m_l1tex2xbar_write_bytes_mem_dshared.sum                                                                   byte            0
    l1tex__m_l1tex2xbar_write_bytes_mem_dshared.sum.pct_of_peak_sustained_elapsed                                        %            0
    l1tex__m_l1tex2xbar_write_bytes_mem_dshared.sum.per_second                                                      byte/s            0
    l1tex__m_l1tex2xbar_write_bytes_mem_global_op_tma_red.sum                                                         byte            0
    l1tex__m_l1tex2xbar_write_bytes_mem_global_op_tma_red.sum.pct_of_peak_sustained_elapsed                              %            0
    l1tex__m_l1tex2xbar_write_bytes_mem_global_op_tma_red.sum.per_second                                            byte/s            0
    l1tex__m_l1tex2xbar_write_bytes_mem_global_op_tma_st.sum                                                          byte            0
    l1tex__m_l1tex2xbar_write_bytes_mem_global_op_tma_st.sum.pct_of_peak_sustained_elapsed                               %            0
    l1tex__m_l1tex2xbar_write_bytes_mem_global_op_tma_st.sum.per_second                                             byte/s            0
    l1tex__m_l1tex2xbar_write_sectors_mem_dshared_op_atom.sum                                                       sector            0
    l1tex__m_l1tex2xbar_write_sectors_mem_dshared_op_atom.sum.pct_of_peak_sustained_elapsed                              %            0
    l1tex__m_l1tex2xbar_write_sectors_mem_dshared_op_atom.sum.per_second                                          sector/s            0
    l1tex__m_l1tex2xbar_write_sectors_mem_dshared_op_ld.sum                                                         sector            0
    l1tex__m_l1tex2xbar_write_sectors_mem_dshared_op_ld.sum.pct_of_peak_sustained_elapsed                                %            0
    l1tex__m_l1tex2xbar_write_sectors_mem_dshared_op_ld.sum.per_second                                            sector/s            0
    l1tex__m_l1tex2xbar_write_sectors_mem_dshared_op_redas.sum                                                      sector            0
    l1tex__m_l1tex2xbar_write_sectors_mem_dshared_op_redas.sum.pct_of_peak_sustained_elapsed                             %            0
    l1tex__m_l1tex2xbar_write_sectors_mem_dshared_op_redas.sum.per_second                                         sector/s            0
    l1tex__m_l1tex2xbar_write_sectors_mem_dshared_op_st.sum                                                         sector            0
    l1tex__m_l1tex2xbar_write_sectors_mem_dshared_op_st.sum.pct_of_peak_sustained_elapsed                                %            0
    l1tex__m_l1tex2xbar_write_sectors_mem_dshared_op_st.sum.per_second                                            sector/s            0
    l1tex__m_l1tex2xbar_write_sectors_mem_global_op_tma_red.sum                                                     sector            0
    l1tex__m_l1tex2xbar_write_sectors_mem_global_op_tma_red.sum.pct_of_peak_sustained_elapsed                            %            0
    l1tex__m_l1tex2xbar_write_sectors_mem_global_op_tma_red.sum.per_second                                        sector/s            0
    l1tex__m_l1tex2xbar_write_sectors_mem_global_op_tma_st.sum                                                      sector            0
    l1tex__m_l1tex2xbar_write_sectors_mem_global_op_tma_st.sum.pct_of_peak_sustained_elapsed                             %            0
    l1tex__m_l1tex2xbar_write_sectors_mem_global_op_tma_st.sum.per_second                                         sector/s            0
    l1tex__m_xbar2l1tex_read_bytes.sum                                                                               Mbyte       291.85
    l1tex__m_xbar2l1tex_read_bytes.sum.pct_of_peak_sustained_elapsed                                                     %        15.88
    l1tex__m_xbar2l1tex_read_bytes.sum.per_second                                                                  Tbyte/s         2.54
    l1tex__m_xbar2l1tex_read_bytes_mem_dshared.sum                                                                    byte            0
    l1tex__m_xbar2l1tex_read_bytes_mem_dshared.sum.pct_of_peak_sustained_elapsed                                         %            0
    l1tex__m_xbar2l1tex_read_bytes_mem_dshared.sum.per_second                                                       byte/s            0
    l1tex__m_xbar2l1tex_read_bytes_mem_global_op_tma_ld.sum                                                          Mbyte       277.41
    l1tex__m_xbar2l1tex_read_bytes_mem_global_op_tma_ld.sum.pct_of_peak_sustained_elapsed                                %        15.09
    l1tex__m_xbar2l1tex_read_bytes_mem_global_op_tma_ld.sum.per_second                                             Tbyte/s         2.41
    l1tex__m_xbar2l1tex_read_sectors_mem_dshared_op_atom.sum                                                        sector            0
    l1tex__m_xbar2l1tex_read_sectors_mem_dshared_op_atom.sum.pct_of_peak_sustained_elapsed                               %            0
    l1tex__m_xbar2l1tex_read_sectors_mem_dshared_op_atom.sum.per_second                                           sector/s            0
    l1tex__m_xbar2l1tex_read_sectors_mem_dshared_op_ld.sum                                                          sector            0
    l1tex__m_xbar2l1tex_read_sectors_mem_dshared_op_ld.sum.pct_of_peak_sustained_elapsed                                 %            0
    l1tex__m_xbar2l1tex_read_sectors_mem_dshared_op_ld.sum.per_second                                             sector/s            0
    l1tex__m_xbar2l1tex_read_sectors_mem_dshared_op_redas.sum                                                       sector            0
    l1tex__m_xbar2l1tex_read_sectors_mem_dshared_op_redas.sum.pct_of_peak_sustained_elapsed                              %            0
    l1tex__m_xbar2l1tex_read_sectors_mem_dshared_op_redas.sum.per_second                                          sector/s            0
    l1tex__m_xbar2l1tex_read_sectors_mem_dshared_op_st.sum                                                          sector            0
    l1tex__m_xbar2l1tex_read_sectors_mem_dshared_op_st.sum.pct_of_peak_sustained_elapsed                                 %            0
    l1tex__m_xbar2l1tex_read_sectors_mem_dshared_op_st.sum.per_second                                             sector/s            0
    l1tex__m_xbar2l1tex_read_sectors_mem_global_op_tma_ld.sum                                                       sector    8,669,184
    l1tex__m_xbar2l1tex_read_sectors_mem_global_op_tma_ld.sum.pct_of_peak_sustained_elapsed                              %        15.09
    l1tex__m_xbar2l1tex_read_sectors_mem_global_op_tma_ld.sum.per_second                                         sector/ns        75.46
    l1tex__t_bytes_pipe_lsu_mem_global_op_ldgsts_cache_access.sum                                                     byte            0
    l1tex__t_bytes_pipe_lsu_mem_global_op_ldgsts_cache_access.sum.pct_of_peak_sustained_elapsed                          %            0
    l1tex__t_bytes_pipe_lsu_mem_global_op_ldgsts_cache_access.sum.per_second                                        byte/s            0
    l1tex__t_requests_pipe_lsu_mem_dshared_op_atom.sum                                                                                0
    l1tex__t_requests_pipe_lsu_mem_dshared_op_atom.sum.pct_of_peak_sustained_elapsed                                     %            0
    l1tex__t_requests_pipe_lsu_mem_dshared_op_ld.sum                                                                                  0
    l1tex__t_requests_pipe_lsu_mem_dshared_op_ld.sum.pct_of_peak_sustained_elapsed                                       %            0
    l1tex__t_requests_pipe_lsu_mem_dshared_op_redas.sum                                                                               0
    l1tex__t_requests_pipe_lsu_mem_dshared_op_redas.sum.pct_of_peak_sustained_elapsed                                    %            0
    l1tex__t_requests_pipe_lsu_mem_dshared_op_st.sum                                                                                  0
    l1tex__t_requests_pipe_lsu_mem_dshared_op_st.sum.pct_of_peak_sustained_elapsed                                       %            0
    l1tex__t_requests_pipe_lsu_mem_global_op_atom.sum                                                                                 0
    l1tex__t_requests_pipe_lsu_mem_global_op_atom.sum.pct_of_peak_sustained_elapsed                                      %            0
    l1tex__t_requests_pipe_lsu_mem_global_op_ld.sum                                                                             205,120
    l1tex__t_requests_pipe_lsu_mem_global_op_ld.sum.pct_of_peak_sustained_elapsed                                        %         1.43
    l1tex__t_requests_pipe_lsu_mem_global_op_red.sum                                                                                  0
    l1tex__t_requests_pipe_lsu_mem_global_op_red.sum.pct_of_peak_sustained_elapsed                                       %            0
    l1tex__t_requests_pipe_lsu_mem_global_op_st.sum                                                                             233,984
    l1tex__t_requests_pipe_lsu_mem_global_op_st.sum.pct_of_peak_sustained_elapsed                                        %         1.63
    l1tex__t_requests_pipe_lsu_mem_local_op_ld.sum                                                                              127,488
    l1tex__t_requests_pipe_lsu_mem_local_op_ld.sum.pct_of_peak_sustained_elapsed                                         %         0.89
    l1tex__t_requests_pipe_lsu_mem_local_op_st.sum                                                                               63,744
    l1tex__t_requests_pipe_lsu_mem_local_op_st.sum.pct_of_peak_sustained_elapsed                                         %         0.44
    l1tex__t_requests_pipe_tex_mem_surface_op_atom.sum                                                                                0
    l1tex__t_requests_pipe_tex_mem_surface_op_atom.sum.pct_of_peak_sustained_elapsed                                     %            0
    l1tex__t_requests_pipe_tex_mem_surface_op_ld.sum                                                                                  0
    l1tex__t_requests_pipe_tex_mem_surface_op_ld.sum.pct_of_peak_sustained_elapsed                                       %            0
    l1tex__t_requests_pipe_tex_mem_surface_op_red.sum                                                                                 0
    l1tex__t_requests_pipe_tex_mem_surface_op_red.sum.pct_of_peak_sustained_elapsed                                      %            0
    l1tex__t_requests_pipe_tex_mem_surface_op_st.sum                                                                                  0
    l1tex__t_requests_pipe_tex_mem_surface_op_st.sum.pct_of_peak_sustained_elapsed                                       %            0
    l1tex__t_requests_pipe_tex_mem_texture.sum                                                                                        0
    l1tex__t_requests_pipe_tex_mem_texture.sum.pct_of_peak_sustained_elapsed                                             %            0
    l1tex__t_sector_hit_rate.pct                                                                                         %        68.04
    lrc__average_ilc_input_sector_compression_rate.ratio                                                                           1.00
    lrc__average_xbar2gpc_sectors_op_read.ratio                                                                                    1.01
    lrc__ilc_input_sectors.sum                                                                                      sector      479,000
    lrc__ilc_input_sectors.sum.pct_of_peak_sustained_elapsed                                                             %         2.60
    lrc__ilc_input_sectors.sum.per_second                                                                        sector/ns         4.17
    lrc__lts2lrc_sectors_op_read.sum                                                                                sector    9,021,878
    lrc__lts2lrc_sectors_op_read.sum.pct_of_peak_sustained_elapsed                                                       %        24.49
    lrc__lts2lrc_sectors_op_read.sum.per_second                                                                  sector/ns        78.53
    lrc__xbar2gpc_sectors_op_read.sum                                                                               sector    9,121,118
    lrc__xbar2gpc_sectors_op_read.sum.pct_of_peak_sustained_elapsed                                                      %         1.38
    lrc__xbar2gpc_sectors_op_read.sum.per_second                                                                 sector/ns        79.40
    lts__average_gcomp_input_sector_success_rate.pct                                                                     %            0
    lts__average_gcomp_output_sector_compression_achieved_rate.ratio                                                                  0
    lts__t_sector_hit_rate.pct                                                                                           %         8.08
    lts__t_sectors_srcunit_ltcfabric.sum                                                                            sector    4,605,234
    lts__t_sectors_srcunit_ltcfabric.sum.pct_of_peak_sustained_elapsed                                                   %        25.00
    lts__t_sectors_srcunit_ltcfabric.sum.per_second                                                              sector/ns        40.09
    lts__t_sectors_srcunit_tex_aperture_peer_op_atom.sum                                                            sector            0
    lts__t_sectors_srcunit_tex_aperture_peer_op_atom.sum.pct_of_peak_sustained_elapsed                                   %            0
    lts__t_sectors_srcunit_tex_aperture_peer_op_atom.sum.per_second                                               sector/s            0
    lts__t_sectors_srcunit_tex_aperture_peer_op_read_lookup_miss.sum                                                sector            0
    lts__t_sectors_srcunit_tex_aperture_peer_op_read_lookup_miss.sum.pct_of_peak_sustained_elapsed                       %            0
    lts__t_sectors_srcunit_tex_aperture_peer_op_read_lookup_miss.sum.per_second                                   sector/s            0
    lts__t_sectors_srcunit_tex_aperture_peer_op_red.sum                                                             sector            0
    lts__t_sectors_srcunit_tex_aperture_peer_op_red.sum.pct_of_peak_sustained_elapsed                                    %            0
    lts__t_sectors_srcunit_tex_aperture_peer_op_red.sum.per_second                                                sector/s            0
    lts__t_sectors_srcunit_tex_aperture_peer_op_write.sum                                                           sector            0
    lts__t_sectors_srcunit_tex_aperture_peer_op_write.sum.pct_of_peak_sustained_elapsed                                  %            0
    lts__t_sectors_srcunit_tex_aperture_peer_op_write.sum.per_second                                              sector/s            0
    lts__t_sectors_srcunit_tex_aperture_sysmem_op_atom.sum                                                          sector            0
    lts__t_sectors_srcunit_tex_aperture_sysmem_op_atom.sum.pct_of_peak_sustained_elapsed                                 %            0
    lts__t_sectors_srcunit_tex_aperture_sysmem_op_atom.sum.per_second                                             sector/s            0
    lts__t_sectors_srcunit_tex_aperture_sysmem_op_read_lookup_miss.sum                                              sector            0
    lts__t_sectors_srcunit_tex_aperture_sysmem_op_read_lookup_miss.sum.pct_of_peak_sustained_elapsed                     %            0
    lts__t_sectors_srcunit_tex_aperture_sysmem_op_read_lookup_miss.sum.per_second                                 sector/s            0
    lts__t_sectors_srcunit_tex_aperture_sysmem_op_red.sum                                                           sector            0
    lts__t_sectors_srcunit_tex_aperture_sysmem_op_red.sum.pct_of_peak_sustained_elapsed                                  %            0
    lts__t_sectors_srcunit_tex_aperture_sysmem_op_red.sum.per_second                                              sector/s            0
    lts__t_sectors_srcunit_tex_aperture_sysmem_op_write.sum                                                         sector            0
    lts__t_sectors_srcunit_tex_aperture_sysmem_op_write.sum.pct_of_peak_sustained_elapsed                                %            0
    lts__t_sectors_srcunit_tex_aperture_sysmem_op_write.sum.per_second                                            sector/s            0
    lts__t_sectors_srcunit_tex_op_atom.sum                                                                          sector            0
    lts__t_sectors_srcunit_tex_op_atom.sum.pct_of_peak_sustained_elapsed                                                 %            0
    lts__t_sectors_srcunit_tex_op_atom.sum.per_second                                                             sector/s            0
    lts__t_sectors_srcunit_tex_op_read.avg.pct_of_peak_sustained_elapsed                                                 %        24.50
    lts__t_sectors_srcunit_tex_op_read.sum                                                                          sector    9,028,241
    lts__t_sectors_srcunit_tex_op_red.sum                                                                           sector            0
    lts__t_sectors_srcunit_tex_op_red.sum.pct_of_peak_sustained_elapsed                                                  %            0
    lts__t_sectors_srcunit_tex_op_red.sum.per_second                                                              sector/s            0
    lts__t_sectors_srcunit_tex_op_write.avg.pct_of_peak_sustained_elapsed                                                %         2.59
    lts__t_sectors_srcunit_tex_op_write.sum                                                                         sector      477,000
    lts__t_sectors_srcunit_tex_op_write.sum.pct_of_peak_sustained_elapsed                                                %         2.59
    lts__t_sectors_srcunit_tex_op_write.sum.per_second                                                           sector/ns         4.15
    sm__icc_request_hit_rate.pct                                                                                         %        99.68
    sm__icc_requests.sum                                                                                             cycle    1,995,488
    sm__icc_requests.sum.pct_of_peak_sustained_elapsed                                                                   %        27.79
    sm__sass_l1tex_m_xbar2l1tex_read_bytes_mem_global_op_ldgsts_cache_bypass.sum                                      byte            0
    sm__sass_l1tex_m_xbar2l1tex_read_bytes_mem_global_op_ldgsts_cache_bypass.sum.pct_of_peak_sustained_elapsed           %            0
    sm__sass_l1tex_m_xbar2l1tex_read_bytes_mem_global_op_ldgsts_cache_bypass.sum.per_second                         byte/s            0
    sm__sass_l1tex_t_requests_pipe_lsu_mem_global_op_ldgsts.sum                                                                       0
    sm__sass_l1tex_t_requests_pipe_lsu_mem_global_op_ldgsts.sum.pct_of_peak_sustained_elapsed                            %            0
    smsp__cycles_elapsed.sum                                                                                         cycle   57,437,448
    smsp__imc_request_hit_rate.pct                                                                                       %        98.40
    smsp__imc_requests.sum                                                                                           cycle      200,448
    smsp__imc_requests.sum.pct_of_peak_sustained_elapsed                                                                 %         0.35
    smsp__inst_executed_op_generic_atom_dot_alu.sum                                                                   inst            0
    smsp__inst_executed_op_generic_atom_dot_alu.sum.pct_of_peak_sustained_elapsed                                        %            0
    smsp__inst_executed_op_generic_atom_dot_cas.sum                                                                   inst            0
    smsp__inst_executed_op_generic_atom_dot_cas.sum.pct_of_peak_sustained_elapsed                                        %            0
    smsp__inst_executed_op_global_red.sum                                                                             inst            0
    smsp__inst_executed_op_global_red.sum.pct_of_peak_sustained_elapsed                                                  %            0
    smsp__inst_executed_op_ldgsts.sum                                                                                 inst            0
    smsp__inst_executed_op_ldgsts.sum.pct_of_peak_sustained_elapsed                                                      %            0
    smsp__inst_executed_op_ldsm.sum                                                                                   inst            0
    smsp__inst_executed_op_ldsm.sum.pct_of_peak_sustained_elapsed                                                        %            0
    smsp__inst_executed_op_shared_atom.sum                                                                            inst            0
    smsp__inst_executed_op_shared_atom.sum.pct_of_peak_sustained_elapsed                                                 %            0
    smsp__inst_executed_op_shared_stsm.sum                                                                            inst            0
    smsp__inst_executed_op_shared_stsm.sum.pct_of_peak_sustained_elapsed                                                 %            0
    smsp__inst_executed_op_surface_atom_dot_alu.sum                                                                   inst            0
    smsp__inst_executed_op_surface_atom_dot_alu.sum.pct_of_peak_sustained_elapsed                                        %            0
    smsp__inst_executed_op_surface_atom_dot_cas.sum                                                                   inst            0
    smsp__inst_executed_op_surface_atom_dot_cas.sum.pct_of_peak_sustained_elapsed                                        %            0
    smsp__inst_executed_op_surface_ld.sum                                                                             inst            0
    smsp__inst_executed_op_surface_ld.sum.pct_of_peak_sustained_elapsed                                                  %            0
    smsp__inst_executed_op_surface_red.sum                                                                            inst            0
    smsp__inst_executed_op_surface_red.sum.pct_of_peak_sustained_elapsed                                                 %            0
    smsp__inst_executed_op_surface_st.sum                                                                             inst            0
    smsp__inst_executed_op_surface_st.sum.pct_of_peak_sustained_elapsed                                                  %            0
    smsp__inst_executed_op_texture.sum                                                                                inst            0
    smsp__inst_executed_op_texture.sum.pct_of_peak_sustained_elapsed                                                     %            0
    smsp__inst_executed_op_tma_ld.sum                                                                                 inst       31,872
    smsp__inst_executed_op_tma_ld.sum.pct_of_peak_sustained_elapsed                                                      %         0.06
    smsp__inst_executed_op_tma_st.sum                                                                                 inst            0
    smsp__inst_executed_op_tma_st.sum.pct_of_peak_sustained_elapsed                                                      %            0
    smsp__sass_inst_executed_op_dshared.sum                                                                           inst            0
    smsp__sass_inst_executed_op_dshared.sum.pct_of_peak_sustained_elapsed                                                %            0
    smsp__sass_inst_executed_op_global_ld.sum                                                                         inst      205,120
    smsp__sass_inst_executed_op_global_st.sum                                                                         inst      233,984
    smsp__sass_inst_executed_op_local_ld.sum                                                                          inst      127,488
    smsp__sass_inst_executed_op_local_st.sum                                                                          inst       31,872
    smsp__sass_inst_executed_op_shared.sum                                                                            inst    5,900,640
    smsp__sass_inst_executed_op_shared.sum.pct_of_peak_sustained_elapsed                                                 %        10.27
    smsp__sass_inst_executed_op_shared_gmma.sum                                                                       inst    1,019,904
    smsp__sass_inst_executed_op_shared_gmma.sum.pct_of_peak_sustained_elapsed                                            %         7.10
    smsp__sass_inst_executed_op_shared_ld.sum                                                                         inst    4,583,936
    smsp__sass_inst_executed_op_shared_st.sum                                                                         inst      296,800
    ---------------------------------------------------------------------------------------------------------- ----------- ------------

    OPT   Est. Speedup: 48.38%
          Out of the 15328000.0 bytes sent to the L2 Compression unit only 0.00% were successfully compressed. To
          increase this success rate, consider marking only those memory regions as compressible that contain the most
          zero values and/or expose the most homogeneous values.

    Section: Memory Workload Analysis Tables
    ------------------------------------------ ----------- ------------
    Metric Name                                Metric Unit Metric Value
    ------------------------------------------ ----------- ------------
    DRAM Throughput                                      %        50.70
    L1TEX Hit Rate For Global Loads                      %        27.96
    L1TEX Hit Rate For Global Stores                     %        78.66
    L1TEX Hit Rate For Local Loads                       %        93.30
    L1TEX Hit Rate For Local Stores                      %        92.95
    L1TEX Throughput                                     %        53.07
    L2 Hit Rate For Loads                                %         2.80
    L2 Hit Rate For Stores                               %        99.80
    L2 Throughput                                        %        64.19
    Maximum Bytes Per Sector For Global Loads  byte/sector           32
    Average Bytes Per Sector For Global Loads  byte/sector        23.35
    Maximum Bytes Per Sector For Global Stores byte/sector           32
    Average Bytes Per Sector For Global Stores byte/sector           16
    Maximum Bytes Per Sector For Local Loads   byte/sector           32
    Average Bytes Per Sector For Local Loads   byte/sector            1
    Maximum Bytes Per Sector For Local Stores  byte/sector           32
    Average Bytes Per Sector For Local Stores  byte/sector            1
    ------------------------------------------ ----------- ------------

    Memory Tables
    Table Name : Shared Memory
    ------------------------------------------------------------------------------------------------ ----------- ------------
    Metric Name                                                                                      Metric Unit Metric Value
    ------------------------------------------------------------------------------------------------ ----------- ------------
    l1tex__data_bank_conflicts_pipe_lsu_mem_shared.sum                                                                195,728
    l1tex__data_bank_conflicts_pipe_lsu_mem_shared_op_atom.sum                                                              0
    l1tex__data_bank_conflicts_pipe_lsu_mem_shared_op_ld.sum                                                           39,175
    l1tex__data_bank_conflicts_pipe_lsu_mem_shared_op_ldgsts.sum                                                            0
    l1tex__data_bank_conflicts_pipe_lsu_mem_shared_op_st.sum                                                          154,598
    l1tex__data_pipe_lsu_wavefronts_mem_shared.sum                                                                  6,415,112
    l1tex__data_pipe_lsu_wavefronts_mem_shared.sum.pct_of_peak_sustained_elapsed                               %        44.68
    l1tex__data_pipe_lsu_wavefronts_mem_shared_op_atom.sum                                                                  0
    l1tex__data_pipe_lsu_wavefronts_mem_shared_op_atom.sum.pct_of_peak_sustained_elapsed                       %            0
    l1tex__data_pipe_lsu_wavefronts_mem_shared_op_ld.sum                                                            4,979,841
    l1tex__data_pipe_lsu_wavefronts_mem_shared_op_ld.sum.pct_of_peak_sustained_elapsed                         %        34.68
    l1tex__data_pipe_lsu_wavefronts_mem_shared_op_st.sum                                                              596,859
    l1tex__data_pipe_lsu_wavefronts_mem_shared_op_st.sum.pct_of_peak_sustained_elapsed                         %         4.16
    smsp__inst_executed_op_ldgsts.sum                                                                       inst            0
    smsp__inst_executed_op_ldsm.sum                                                                         inst            0
    smsp__inst_executed_op_shared_atom.sum                                                                  inst            0
    smsp__inst_executed_op_shared_stsm.sum                                                                  inst            0
    smsp__sass_inst_executed_op_shared_ld.sum                                                               inst    4,583,936
    smsp__sass_inst_executed_op_shared_st.sum                                                               inst      296,800
    smsp__sass_l1tex_data_pipe_lsu_wavefronts_mem_shared_op_ldgsts.sum                                                      0
    smsp__sass_l1tex_data_pipe_lsu_wavefronts_mem_shared_op_ldgsts.sum.pct_of_peak_sustained_elapsed           %            0
    ------------------------------------------------------------------------------------------------ ----------- ------------

    Table Name : L1/TEX Cache
    -------------------------------------------------------------------------------------------------------------- ----------- ------------
    Metric Name                                                                                                    Metric Unit Metric Value
    -------------------------------------------------------------------------------------------------------------- ----------- ------------
    ctc__rx_bytes_data_user.sum                                                                                                     (!) n/a
    ctc__rx_bytes_data_user.sum.pct_of_peak_sustained_elapsed                                                                       (!) n/a
    ctc__rx_bytes_data_user.sum.per_second                                                                                          (!) n/a
    ctc__tx_bytes_data_user.sum                                                                                                     (!) n/a
    ctc__tx_bytes_data_user.sum.pct_of_peak_sustained_elapsed                                                                       (!) n/a
    ctc__tx_bytes_data_user.sum.per_second                                                                                          (!) n/a
    l1tex__lsu_writeback_active_mem_lgds.sum                                                                             cycle      398,264
    l1tex__lsu_writeback_active_mem_lgds.sum.pct_of_peak_sustained_elapsed                                                   %         2.77
    l1tex__m_l1tex2xbar_write_sectors_mem_dshared_op_atom.sum                                                           sector            0
    l1tex__m_l1tex2xbar_write_sectors_mem_dshared_op_atom.sum.pct_of_peak_sustained_elapsed                                  %            0
    l1tex__m_l1tex2xbar_write_sectors_mem_dshared_op_ld.sum                                                             sector            0
    l1tex__m_l1tex2xbar_write_sectors_mem_dshared_op_ld.sum.pct_of_peak_sustained_elapsed                                    %            0
    l1tex__m_l1tex2xbar_write_sectors_mem_dshared_op_redas.sum                                                          sector            0
    l1tex__m_l1tex2xbar_write_sectors_mem_dshared_op_redas.sum.pct_of_peak_sustained_elapsed                                 %            0
    l1tex__m_l1tex2xbar_write_sectors_mem_dshared_op_st.sum                                                             sector            0
    l1tex__m_l1tex2xbar_write_sectors_mem_dshared_op_st.sum.pct_of_peak_sustained_elapsed                                    %            0
    l1tex__m_l1tex2xbar_write_sectors_mem_dshared_op_tma_red.sum                                                        sector            0
    l1tex__m_l1tex2xbar_write_sectors_mem_dshared_op_tma_red.sum.pct_of_peak_sustained_elapsed                               %            0
    l1tex__m_l1tex2xbar_write_sectors_mem_dshared_op_tma_st.sum                                                         sector            0
    l1tex__m_l1tex2xbar_write_sectors_mem_dshared_op_tma_st.sum.pct_of_peak_sustained_elapsed                                %            0
    l1tex__m_l1tex2xbar_write_sectors_mem_global_op_atom.sum                                                            sector            0
    l1tex__m_l1tex2xbar_write_sectors_mem_global_op_atom.sum.pct_of_peak_sustained_elapsed                                   %            0
    l1tex__m_l1tex2xbar_write_sectors_mem_global_op_red.sum                                                             sector            0
    l1tex__m_l1tex2xbar_write_sectors_mem_global_op_red.sum.pct_of_peak_sustained_elapsed                                    %            0
    l1tex__m_l1tex2xbar_write_sectors_mem_lg_op_st.sum                                                                  sector      477,306
    l1tex__m_l1tex2xbar_write_sectors_mem_lg_op_st.sum.pct_of_peak_sustained_elapsed                                         %         3.32
    l1tex__m_l1tex2xbar_write_sectors_mem_surface_op_atom.sum                                                           sector            0
    l1tex__m_l1tex2xbar_write_sectors_mem_surface_op_atom.sum.pct_of_peak_sustained_elapsed                                  %            0
    l1tex__m_l1tex2xbar_write_sectors_mem_surface_op_red.sum                                                            sector            0
    l1tex__m_l1tex2xbar_write_sectors_mem_surface_op_red.sum.pct_of_peak_sustained_elapsed                                   %            0
    l1tex__m_l1tex2xbar_write_sectors_mem_surface_op_st.sum                                                             sector            0
    l1tex__m_l1tex2xbar_write_sectors_mem_surface_op_st.sum.pct_of_peak_sustained_elapsed                                    %            0
    l1tex__m_xbar2l1tex_read_sectors_mem_dshared_op_atom.sum                                                            sector            0
    l1tex__m_xbar2l1tex_read_sectors_mem_dshared_op_atom.sum.pct_of_peak_sustained_elapsed                                   %            0
    l1tex__m_xbar2l1tex_read_sectors_mem_dshared_op_ld.sum                                                              sector            0
    l1tex__m_xbar2l1tex_read_sectors_mem_dshared_op_ld.sum.pct_of_peak_sustained_elapsed                                     %            0
    l1tex__m_xbar2l1tex_read_sectors_mem_dshared_op_redas.sum                                                           sector            0
    l1tex__m_xbar2l1tex_read_sectors_mem_dshared_op_redas.sum.pct_of_peak_sustained_elapsed                                  %            0
    l1tex__m_xbar2l1tex_read_sectors_mem_dshared_op_st.sum                                                              sector            0
    l1tex__m_xbar2l1tex_read_sectors_mem_dshared_op_st.sum.pct_of_peak_sustained_elapsed                                     %            0
    l1tex__m_xbar2l1tex_read_sectors_mem_dshared_op_tma_red.sum                                                         sector            0
    l1tex__m_xbar2l1tex_read_sectors_mem_dshared_op_tma_red.sum.pct_of_peak_sustained_elapsed                                %            0
    l1tex__m_xbar2l1tex_read_sectors_mem_dshared_op_tma_st.sum                                                          sector            0
    l1tex__m_xbar2l1tex_read_sectors_mem_dshared_op_tma_st.sum.pct_of_peak_sustained_elapsed                                 %            0
    l1tex__m_xbar2l1tex_read_sectors_mem_global_op_atom.sum                                                             sector            0
    l1tex__m_xbar2l1tex_read_sectors_mem_global_op_atom.sum.pct_of_peak_sustained_elapsed                                    %            0
    l1tex__m_xbar2l1tex_read_sectors_mem_lg_op_ld.sum                                                                   sector      454,379
    l1tex__m_xbar2l1tex_read_sectors_mem_lg_op_ld.sum.pct_of_peak_sustained_elapsed                                          %         0.79
    l1tex__m_xbar2l1tex_read_sectors_mem_surface_op_atom.sum                                                            sector            0
    l1tex__m_xbar2l1tex_read_sectors_mem_surface_op_atom.sum.pct_of_peak_sustained_elapsed                                   %            0
    l1tex__m_xbar2l1tex_read_sectors_mem_surface_op_ld.sum                                                              sector            0
    l1tex__m_xbar2l1tex_read_sectors_mem_surface_op_ld.sum.pct_of_peak_sustained_elapsed                                     %            0
    l1tex__m_xbar2l1tex_read_sectors_mem_texture.sum                                                                    sector            0
    l1tex__m_xbar2l1tex_read_sectors_mem_texture.sum.pct_of_peak_sustained_elapsed                                           %            0
    l1tex__t_output_wavefronts_pipe_lsu_mem_dshared_op_atom.sum                                                                           0
    l1tex__t_output_wavefronts_pipe_lsu_mem_dshared_op_ld.sum                                                                             0
    l1tex__t_output_wavefronts_pipe_lsu_mem_dshared_op_ld.sum.pct_of_peak_sustained_elapsed                                  %            0
    l1tex__t_output_wavefronts_pipe_lsu_mem_dshared_op_redas.sum                                                                          0
    l1tex__t_output_wavefronts_pipe_lsu_mem_dshared_op_redas.sum.pct_of_peak_sustained_elapsed                               %            0
    l1tex__t_output_wavefronts_pipe_lsu_mem_dshared_op_st.sum                                                                             0
    l1tex__t_output_wavefronts_pipe_lsu_mem_dshared_op_st.sum.pct_of_peak_sustained_elapsed                                  %            0
    l1tex__t_output_wavefronts_pipe_lsu_mem_global_op_atom.sum                                                                            0
    l1tex__t_output_wavefronts_pipe_lsu_mem_global_op_atom.sum.pct_of_peak_sustained_elapsed                                 %            0
    l1tex__t_output_wavefronts_pipe_lsu_mem_global_op_ld.sum                                                                        222,656
    l1tex__t_output_wavefronts_pipe_lsu_mem_global_op_ld.sum.pct_of_peak_sustained_elapsed                                   %         1.55
    l1tex__t_output_wavefronts_pipe_lsu_mem_global_op_red.sum                                                                             0
    l1tex__t_output_wavefronts_pipe_lsu_mem_global_op_red.sum.pct_of_peak_sustained_elapsed                                  %            0
    l1tex__t_output_wavefronts_pipe_lsu_mem_global_op_st.sum                                                                        287,232
    l1tex__t_output_wavefronts_pipe_lsu_mem_global_op_st.sum.pct_of_peak_sustained_elapsed                                   %         2.00
    l1tex__t_output_wavefronts_pipe_lsu_mem_local_op_ld.sum                                                                         127,488
    l1tex__t_output_wavefronts_pipe_lsu_mem_local_op_ld.sum.pct_of_peak_sustained_elapsed                                    %         0.89
    l1tex__t_output_wavefronts_pipe_lsu_mem_local_op_st.sum                                                                          63,744
    l1tex__t_output_wavefronts_pipe_lsu_mem_local_op_st.sum.pct_of_peak_sustained_elapsed                                    %         0.44
    l1tex__t_output_wavefronts_pipe_tex_mem_surface_op_atom.sum                                                                           0
    l1tex__t_output_wavefronts_pipe_tex_mem_surface_op_atom.sum.pct_of_peak_sustained_elapsed                                %            0
    l1tex__t_output_wavefronts_pipe_tex_mem_surface_op_ld.sum                                                                             0
    l1tex__t_output_wavefronts_pipe_tex_mem_surface_op_ld.sum.pct_of_peak_sustained_elapsed                                  %            0
    l1tex__t_output_wavefronts_pipe_tex_mem_surface_op_red.sum                                                                            0
    l1tex__t_output_wavefronts_pipe_tex_mem_surface_op_red.sum.pct_of_peak_sustained_elapsed                                 %            0
    l1tex__t_output_wavefronts_pipe_tex_mem_surface_op_st.sum                                                                             0
    l1tex__t_output_wavefronts_pipe_tex_mem_surface_op_st.sum.pct_of_peak_sustained_elapsed                                  %            0
    l1tex__t_output_wavefronts_pipe_tex_mem_texture.sum                                                                                   0
    l1tex__t_output_wavefronts_pipe_tex_mem_texture.sum.pct_of_peak_sustained_elapsed                                        %            0
    l1tex__t_requests_pipe_lsu_mem_dshared_op_atom.sum                                                                                    0
    l1tex__t_requests_pipe_lsu_mem_dshared_op_atom.sum.pct_of_peak_sustained_elapsed                                         %            0
    l1tex__t_requests_pipe_lsu_mem_dshared_op_ld.sum                                                                                      0
    l1tex__t_requests_pipe_lsu_mem_dshared_op_ld.sum.pct_of_peak_sustained_elapsed                                           %            0
    l1tex__t_requests_pipe_lsu_mem_dshared_op_redas.sum                                                                                   0
    l1tex__t_requests_pipe_lsu_mem_dshared_op_redas.sum.pct_of_peak_sustained_elapsed                                        %            0
    l1tex__t_requests_pipe_lsu_mem_dshared_op_st.sum                                                                                      0
    l1tex__t_requests_pipe_lsu_mem_dshared_op_st.sum.pct_of_peak_sustained_elapsed                                           %            0
    l1tex__t_requests_pipe_lsu_mem_global_op_atom.sum                                                                                     0
    l1tex__t_requests_pipe_lsu_mem_global_op_atom.sum.pct_of_peak_sustained_elapsed                                          %            0
    l1tex__t_requests_pipe_lsu_mem_global_op_ld.sum                                                                                 205,120
    l1tex__t_requests_pipe_lsu_mem_global_op_ld.sum.pct_of_peak_sustained_elapsed                                            %         1.43
    l1tex__t_requests_pipe_lsu_mem_global_op_red.sum                                                                                      0
    l1tex__t_requests_pipe_lsu_mem_global_op_red.sum.pct_of_peak_sustained_elapsed                                           %            0
    l1tex__t_requests_pipe_lsu_mem_global_op_st.sum                                                                                 233,984
    l1tex__t_requests_pipe_lsu_mem_global_op_st.sum.pct_of_peak_sustained_elapsed                                            %         1.63
    l1tex__t_requests_pipe_lsu_mem_local_op_ld.sum                                                                                  127,488
    l1tex__t_requests_pipe_lsu_mem_local_op_ld.sum.pct_of_peak_sustained_elapsed                                             %         0.89
    l1tex__t_requests_pipe_lsu_mem_local_op_st.sum                                                                                   63,744
    l1tex__t_requests_pipe_lsu_mem_local_op_st.sum.pct_of_peak_sustained_elapsed                                             %         0.44
    l1tex__t_requests_pipe_tex_mem_surface_op_atom.sum                                                                                    0
    l1tex__t_requests_pipe_tex_mem_surface_op_atom.sum.pct_of_peak_sustained_elapsed                                         %            0
    l1tex__t_requests_pipe_tex_mem_surface_op_ld.sum                                                                                      0
    l1tex__t_requests_pipe_tex_mem_surface_op_ld.sum.pct_of_peak_sustained_elapsed                                           %            0
    l1tex__t_requests_pipe_tex_mem_surface_op_red.sum                                                                                     0
    l1tex__t_requests_pipe_tex_mem_surface_op_red.sum.pct_of_peak_sustained_elapsed                                          %            0
    l1tex__t_requests_pipe_tex_mem_surface_op_st.sum                                                                                      0
    l1tex__t_requests_pipe_tex_mem_surface_op_st.sum.pct_of_peak_sustained_elapsed                                           %            0
    l1tex__t_requests_pipe_tex_mem_texture.sum                                                                                            0
    l1tex__t_requests_pipe_tex_mem_texture.sum.pct_of_peak_sustained_elapsed                                                 %            0
    l1tex__t_sector_pipe_lsu_mem_global_op_atom_hit_rate.pct                                                                 %            0
    l1tex__t_sector_pipe_lsu_mem_global_op_ld_hit_rate.pct                                                                   %        27.96
    l1tex__t_sector_pipe_lsu_mem_global_op_red_hit_rate.pct                                                                  %            0
    l1tex__t_sector_pipe_lsu_mem_global_op_st_hit_rate.pct                                                                   %        78.66
    l1tex__t_sector_pipe_lsu_mem_local_op_ld_hit_rate.pct                                                                    %        93.30
    l1tex__t_sector_pipe_lsu_mem_local_op_st_hit_rate.pct                                                                    %        92.95
    l1tex__t_sector_pipe_tex_mem_surface_op_atom_hit_rate.pct                                                                %            0
    l1tex__t_sector_pipe_tex_mem_surface_op_ld_hit_rate.pct                                                                  %            0
    l1tex__t_sector_pipe_tex_mem_surface_op_red_hit_rate.pct                                                                 %            0
    l1tex__t_sector_pipe_tex_mem_surface_op_st_hit_rate.pct                                                                  %            0
    l1tex__t_sector_pipe_tex_mem_texture_op_tex_hit_rate.pct                                                                 %            0
    l1tex__t_sectors_pipe_lsu_mem_dshared_op_atom.sum                                                                   sector            0
    l1tex__t_sectors_pipe_lsu_mem_dshared_op_atom_lookup_miss.sum                                                       sector            0
    l1tex__t_sectors_pipe_lsu_mem_dshared_op_ld.sum                                                                     sector            0
    l1tex__t_sectors_pipe_lsu_mem_dshared_op_ld_lookup_miss.sum                                                         sector            0
    l1tex__t_sectors_pipe_lsu_mem_dshared_op_redas.sum                                                                  sector            0
    l1tex__t_sectors_pipe_lsu_mem_dshared_op_redas_lookup_miss.sum                                                      sector            0
    l1tex__t_sectors_pipe_lsu_mem_dshared_op_st.sum                                                                     sector            0
    l1tex__t_sectors_pipe_lsu_mem_dshared_op_st_lookup_miss.sum                                                         sector            0
    l1tex__t_sectors_pipe_lsu_mem_global_op_atom.sum                                                                    sector            0
    l1tex__t_sectors_pipe_lsu_mem_global_op_atom_lookup_hit.sum                                                         sector            0
    l1tex__t_sectors_pipe_lsu_mem_global_op_atom_lookup_miss.sum                                                        sector            0
    l1tex__t_sectors_pipe_lsu_mem_global_op_ld.sum                                                                      sector      580,416
    l1tex__t_sectors_pipe_lsu_mem_global_op_ld_lookup_hit.sum                                                           sector      162,288
    l1tex__t_sectors_pipe_lsu_mem_global_op_ld_lookup_miss.sum                                                          sector      418,128
    l1tex__t_sectors_pipe_lsu_mem_global_op_red.sum                                                                     sector            0
    l1tex__t_sectors_pipe_lsu_mem_global_op_red_lookup_hit.sum                                                          sector            0
    l1tex__t_sectors_pipe_lsu_mem_global_op_red_lookup_miss.sum                                                         sector            0
    l1tex__t_sectors_pipe_lsu_mem_global_op_st.sum                                                                      sector      393,473
    l1tex__t_sectors_pipe_lsu_mem_global_op_st_lookup_hit.sum                                                           sector      309,507
    l1tex__t_sectors_pipe_lsu_mem_global_op_st_lookup_miss.sum                                                          sector       83,966
    l1tex__t_sectors_pipe_lsu_mem_local_op_ld.sum                                                                       sector      509,848
    l1tex__t_sectors_pipe_lsu_mem_local_op_ld_lookup_hit.sum                                                            sector      475,672
    l1tex__t_sectors_pipe_lsu_mem_local_op_ld_lookup_miss.sum                                                           sector       34,176
    l1tex__t_sectors_pipe_lsu_mem_local_op_st.sum                                                                       sector      254,960
    l1tex__t_sectors_pipe_lsu_mem_local_op_st_lookup_hit.sum                                                            sector      236,984
    l1tex__t_sectors_pipe_lsu_mem_local_op_st_lookup_miss.sum                                                           sector       17,976
    l1tex__t_sectors_pipe_tex_mem_surface_op_atom.sum                                                                   sector            0
    l1tex__t_sectors_pipe_tex_mem_surface_op_atom_lookup_hit.sum                                                        sector            0
    l1tex__t_sectors_pipe_tex_mem_surface_op_atom_lookup_miss.sum                                                       sector            0
    l1tex__t_sectors_pipe_tex_mem_surface_op_ld.sum                                                                     sector            0
    l1tex__t_sectors_pipe_tex_mem_surface_op_ld_lookup_hit.sum                                                          sector            0
    l1tex__t_sectors_pipe_tex_mem_surface_op_ld_lookup_miss.sum                                                         sector            0
    l1tex__t_sectors_pipe_tex_mem_surface_op_red.sum                                                                    sector            0
    l1tex__t_sectors_pipe_tex_mem_surface_op_red_lookup_hit.sum                                                         sector            0
    l1tex__t_sectors_pipe_tex_mem_surface_op_red_lookup_miss.sum                                                        sector            0
    l1tex__t_sectors_pipe_tex_mem_surface_op_st.sum                                                                     sector            0
    l1tex__t_sectors_pipe_tex_mem_surface_op_st_lookup_hit.sum                                                          sector            0
    l1tex__t_sectors_pipe_tex_mem_surface_op_st_lookup_miss.sum                                                         sector            0
    l1tex__t_sectors_pipe_tex_mem_texture.sum                                                                           sector            0
    l1tex__t_sectors_pipe_tex_mem_texture_lookup_hit.sum                                                                sector            0
    l1tex__t_sectors_pipe_tex_mem_texture_lookup_miss.sum                                                               sector            0
    l1tex__tex_writeback_active.sum                                                                                      cycle            0
    l1tex__tex_writeback_active.sum.pct_of_peak_sustained_elapsed                                                            %            0
    sm__sass_inst_executed_op_ldgsts_cache_access.sum                                                                     inst            0
    sm__sass_inst_executed_op_ldgsts_cache_bypass.sum                                                                     inst            0
    sm__sass_l1tex_t_requests_pipe_lsu_mem_global_op_ldgsts_cache_access.sum                                                              0
    sm__sass_l1tex_t_requests_pipe_lsu_mem_global_op_ldgsts_cache_bypass.sum                                                              0
    sm__sass_l1tex_t_sectors_pipe_lsu_mem_global_op_ldgsts_cache_access.sum                                             sector            0
    sm__sass_l1tex_t_sectors_pipe_lsu_mem_global_op_ldgsts_cache_access.sum.pct_of_peak_sustained_elapsed                    %            0
    sm__sass_l1tex_t_sectors_pipe_lsu_mem_global_op_ldgsts_cache_bypass.sum                                             sector            0
    sm__sass_l1tex_t_sectors_pipe_lsu_mem_global_op_ldgsts_cache_bypass.sum.pct_of_peak_sustained_elapsed                    %            0
    smsp__inst_executed_op_generic_atom_dot_alu.sum                                                                       inst            0
    smsp__inst_executed_op_generic_atom_dot_cas.sum                                                                       inst            0
    smsp__inst_executed_op_global_red.sum                                                                                 inst            0
    smsp__inst_executed_op_surface_atom_dot_alu.sum                                                                       inst            0
    smsp__inst_executed_op_surface_atom_dot_cas.sum                                                                       inst            0
    smsp__inst_executed_op_surface_ld.sum                                                                                 inst            0
    smsp__inst_executed_op_surface_red.sum                                                                                inst            0
    smsp__inst_executed_op_surface_st.sum                                                                                 inst            0
    smsp__inst_executed_op_texture.sum                                                                                    inst            0
    smsp__sass_inst_executed_op_dshared_atom.sum                                                                          inst            0
    smsp__sass_inst_executed_op_dshared_ld.sum                                                                            inst            0
    smsp__sass_inst_executed_op_dshared_redas.sum                                                                         inst            0
    smsp__sass_inst_executed_op_dshared_st.sum                                                                            inst            0
    smsp__sass_inst_executed_op_dshared_stas.sum                                                                          inst            0
    smsp__sass_inst_executed_op_dshared_tma_red.sum                                                                       inst            0
    smsp__sass_inst_executed_op_dshared_tma_st.sum                                                                        inst            0
    smsp__sass_inst_executed_op_global_ld.sum                                                                             inst      205,120
    smsp__sass_inst_executed_op_global_st.sum                                                                             inst      233,984
    smsp__sass_inst_executed_op_local_ld.sum                                                                              inst      127,488
    smsp__sass_inst_executed_op_local_st.sum                                                                              inst       31,872
    smsp__sass_inst_executed_op_tma_ld.sum                                                                                inst       31,872
    smsp__sass_inst_executed_op_tma_red.sum                                                                               inst            0
    smsp__sass_inst_executed_op_tma_st.sum                                                                                inst            0
    smsp__sass_l1tex_data_pipe_lsu_wavefronts_mem_shared_op_ldgsts_cache_access.sum                                                       0
    smsp__sass_l1tex_data_pipe_lsu_wavefronts_mem_shared_op_ldgsts_cache_access.sum.pct_of_peak_sustained_elapsed            %            0
    smsp__sass_l1tex_m_xbar2l1tex_read_sectors_mem_global_op_ldgsts_cache_bypass.sum                                    sector            0
    smsp__sass_l1tex_m_xbar2l1tex_read_sectors_mem_global_op_ldgsts_cache_bypass.sum.pct_of_peak_sustained_elapsed           %            0
    -------------------------------------------------------------------------------------------------------------- ----------- ------------

    Table Name : L2 Cache
    ---------------------------------------------------------------------------- ------------ ------------
    Metric Name                                                                   Metric Unit Metric Value
    ---------------------------------------------------------------------------- ------------ ------------
    lts__t_requests.sum                                                               request    4,628,856
    lts__t_requests_srcunit_gcc.sum                                                   request          658
    lts__t_requests_srcunit_ltcfabric.sum                                             request    2,150,552
    lts__t_requests_srcunit_tex.sum                                                   request    2,447,911
    lts__t_requests_srcunit_tex_op_atom_dot_alu.sum                                   request            0
    lts__t_requests_srcunit_tex_op_atom_dot_cas.sum                                   request            0
    lts__t_requests_srcunit_tex_op_read.sum                                           request    2,278,497
    lts__t_requests_srcunit_tex_op_red.sum                                            request            0
    lts__t_requests_srcunit_tex_op_write.sum                                          request      169,414
    lts__t_sectors.avg.pct_of_peak_sustained_elapsed                                        %        25.68
    lts__t_sectors.avg.peak_sustained                                            sector/cycle            3
    lts__t_sectors.avg.per_cycle_elapsed                                         sector/cycle         0.77
    lts__t_sectors.sum                                                                 sector   14,191,481
    lts__t_sectors.sum.per_second                                                   sector/ns       123.53
    lts__t_sectors_aperture_device_lookup_miss.sum                                     sector   13,000,175
    lts__t_sectors_aperture_peer_lookup_miss.sum                                       sector            0
    lts__t_sectors_aperture_sysmem_lookup_miss.sum                                     sector            1
    lts__t_sectors_data_ecc.avg.pct_of_peak_sustained_elapsed                               %         0.00
    lts__t_sectors_data_ecc.avg.peak_sustained                                   sector/cycle            8
    lts__t_sectors_data_ecc.avg.per_cycle_elapsed                                sector/cycle         0.00
    lts__t_sectors_data_ecc.sum                                                        sector           62
    lts__t_sectors_data_ecc.sum.per_second                                          sector/ms       539.69
    lts__t_sectors_lookup_hit.sum                                                      sector    1,146,852
    lts__t_sectors_lookup_miss.sum                                                     sector   13,000,176
    lts__t_sectors_srcunit_gcc.avg.pct_of_peak_sustained_elapsed                            %         0.01
    lts__t_sectors_srcunit_gcc.avg.peak_sustained                                sector/cycle            1
    lts__t_sectors_srcunit_gcc.avg.per_cycle_elapsed                             sector/cycle         0.00
    lts__t_sectors_srcunit_gcc.sum                                                     sector        2,632
    lts__t_sectors_srcunit_gcc.sum.per_second                                       sector/us        22.91
    lts__t_sectors_srcunit_gcc_aperture_device_lookup_miss.sum                         sector          721
    lts__t_sectors_srcunit_gcc_aperture_peer_lookup_miss.sum                           sector            0
    lts__t_sectors_srcunit_gcc_aperture_sysmem_lookup_miss.sum                         sector            0
    lts__t_sectors_srcunit_gcc_lookup_hit.sum                                          sector        1,911
    lts__t_sectors_srcunit_gcc_lookup_miss.sum                                         sector          721
    lts__t_sectors_srcunit_ltcfabric.avg.pct_of_peak_sustained_elapsed                      %        25.00
    lts__t_sectors_srcunit_ltcfabric.avg.peak_sustained                          sector/cycle            1
    lts__t_sectors_srcunit_ltcfabric.avg.per_cycle_elapsed                       sector/cycle         0.25
    lts__t_sectors_srcunit_ltcfabric.sum                                               sector    4,605,234
    lts__t_sectors_srcunit_ltcfabric.sum.per_second                                 sector/ns        40.09
    lts__t_sectors_srcunit_ltcfabric_aperture_device_lookup_miss.sum                   sector    4,319,372
    lts__t_sectors_srcunit_ltcfabric_aperture_peer_lookup_miss.sum                     sector            0
    lts__t_sectors_srcunit_ltcfabric_aperture_sysmem_lookup_miss.sum                   sector            0
    lts__t_sectors_srcunit_ltcfabric_lookup_hit.sum                                    sector      279,732
    lts__t_sectors_srcunit_ltcfabric_lookup_miss.sum                                   sector    4,313,236
    lts__t_sectors_srcunit_tex.avg.pct_of_peak_sustained_elapsed                            %        25.78
    lts__t_sectors_srcunit_tex.avg.peak_sustained                                sector/cycle            2
    lts__t_sectors_srcunit_tex.avg.per_cycle_elapsed                             sector/cycle         0.52
    lts__t_sectors_srcunit_tex.sum                                                     sector    9,500,578
    lts__t_sectors_srcunit_tex.sum.pct_of_peak_sustained_elapsed                            %        25.78
    lts__t_sectors_srcunit_tex.sum.per_second                                       sector/ns        82.70
    lts__t_sectors_srcunit_tex_aperture_device_lookup_miss.sum                         sector    8,663,460
    lts__t_sectors_srcunit_tex_aperture_device_op_atom_dot_alu_lookup_miss.sum         sector            0
    lts__t_sectors_srcunit_tex_aperture_device_op_atom_dot_cas_lookup_miss.sum         sector            0
    lts__t_sectors_srcunit_tex_aperture_device_op_read_lookup_miss.sum                 sector    8,665,100
    lts__t_sectors_srcunit_tex_aperture_device_op_red_lookup_miss.sum                  sector            0
    lts__t_sectors_srcunit_tex_aperture_device_op_write_lookup_miss.sum                sector            0
    lts__t_sectors_srcunit_tex_aperture_peer_lookup_miss.sum                           sector            0
    lts__t_sectors_srcunit_tex_aperture_peer_op_atom_dot_alu_lookup_miss.sum           sector            0
    lts__t_sectors_srcunit_tex_aperture_peer_op_atom_dot_cas_lookup_miss.sum           sector            0
    lts__t_sectors_srcunit_tex_aperture_peer_op_read_lookup_miss.sum                   sector            0
    lts__t_sectors_srcunit_tex_aperture_peer_op_red_lookup_miss.sum                    sector            0
    lts__t_sectors_srcunit_tex_aperture_peer_op_write_lookup_miss.sum                  sector            0
    lts__t_sectors_srcunit_tex_aperture_sysmem_lookup_miss.sum                         sector            0
    lts__t_sectors_srcunit_tex_aperture_sysmem_op_atom_dot_alu_lookup_miss.sum         sector            0
    lts__t_sectors_srcunit_tex_aperture_sysmem_op_atom_dot_cas_lookup_miss.sum         sector            0
    lts__t_sectors_srcunit_tex_aperture_sysmem_op_read_lookup_miss.sum                 sector            0
    lts__t_sectors_srcunit_tex_aperture_sysmem_op_red_lookup_miss.sum                  sector            0
    lts__t_sectors_srcunit_tex_aperture_sysmem_op_write_lookup_miss.sum                sector            0
    lts__t_sectors_srcunit_tex_lookup_hit.sum                                          sector      837,950
    lts__t_sectors_srcunit_tex_lookup_miss.sum                                         sector    8,662,722
    lts__t_sectors_srcunit_tex_op_atom_dot_alu.avg.pct_of_peak_sustained_elapsed            %            0
    lts__t_sectors_srcunit_tex_op_atom_dot_alu.avg.peak_sustained                sector/cycle            1
    lts__t_sectors_srcunit_tex_op_atom_dot_alu.avg.per_cycle_elapsed             sector/cycle            0
    lts__t_sectors_srcunit_tex_op_atom_dot_alu.sum                                     sector            0
    lts__t_sectors_srcunit_tex_op_atom_dot_alu.sum.per_second                        sector/s            0
    lts__t_sectors_srcunit_tex_op_atom_dot_alu_lookup_hit.sum                          sector            0
    lts__t_sectors_srcunit_tex_op_atom_dot_alu_lookup_miss.sum                         sector            0
    lts__t_sectors_srcunit_tex_op_atom_dot_cas.avg.pct_of_peak_sustained_elapsed            %            0
    lts__t_sectors_srcunit_tex_op_atom_dot_cas.avg.peak_sustained                sector/cycle            1
    lts__t_sectors_srcunit_tex_op_atom_dot_cas.avg.per_cycle_elapsed             sector/cycle            0
    lts__t_sectors_srcunit_tex_op_atom_dot_cas.sum                                     sector            0
    lts__t_sectors_srcunit_tex_op_atom_dot_cas.sum.per_second                        sector/s            0
    lts__t_sectors_srcunit_tex_op_atom_dot_cas_lookup_hit.sum                          sector            0
    lts__t_sectors_srcunit_tex_op_atom_dot_cas_lookup_miss.sum                         sector            0
    lts__t_sectors_srcunit_tex_op_read.avg.pct_of_peak_sustained_elapsed                    %        24.50
    lts__t_sectors_srcunit_tex_op_read.avg.peak_sustained                        sector/cycle            2
    lts__t_sectors_srcunit_tex_op_read.avg.per_cycle_elapsed                     sector/cycle         0.49
    lts__t_sectors_srcunit_tex_op_read.sum                                             sector    9,028,241
    lts__t_sectors_srcunit_tex_op_read.sum.per_second                               sector/ns        78.59
    lts__t_sectors_srcunit_tex_op_read_lookup_hit.sum                                  sector      360,817
    lts__t_sectors_srcunit_tex_op_read_lookup_miss.sum                                 sector    8,660,310
    lts__t_sectors_srcunit_tex_op_red.avg.pct_of_peak_sustained_elapsed                     %            0
    lts__t_sectors_srcunit_tex_op_red.avg.peak_sustained                         sector/cycle            1
    lts__t_sectors_srcunit_tex_op_red.avg.per_cycle_elapsed                      sector/cycle            0
    lts__t_sectors_srcunit_tex_op_red.sum                                              sector            0
    lts__t_sectors_srcunit_tex_op_red.sum.per_second                                 sector/s            0
    lts__t_sectors_srcunit_tex_op_red_lookup_hit.sum                                   sector            0
    lts__t_sectors_srcunit_tex_op_red_lookup_miss.sum                                  sector            0
    lts__t_sectors_srcunit_tex_op_write.avg.pct_of_peak_sustained_elapsed                   %         2.59
    lts__t_sectors_srcunit_tex_op_write.avg.peak_sustained                       sector/cycle            1
    lts__t_sectors_srcunit_tex_op_write.avg.per_cycle_elapsed                    sector/cycle         0.03
    lts__t_sectors_srcunit_tex_op_write.sum                                            sector      477,000
    lts__t_sectors_srcunit_tex_op_write.sum.per_second                              sector/ns         4.15
    lts__t_sectors_srcunit_tex_op_write_lookup_hit.sum                                 sector      477,263
    lts__t_sectors_srcunit_tex_op_write_lookup_miss.sum                                sector            0
    ---------------------------------------------------------------------------- ------------ ------------

    Table Name : L2 Cache Eviction Policies
    ----------------------------------------------------------------------- ----------- ------------
    Metric Name                                                             Metric Unit Metric Value
    ----------------------------------------------------------------------- ----------- ------------
    lts__t_sectors_evict_first_lookup_hit.sum                                    sector       33,114
    lts__t_sectors_evict_first_lookup_miss.sum                                   sector   12,973,478
    lts__t_sectors_evict_last_lookup_hit.sum                                     sector            0
    lts__t_sectors_evict_last_lookup_miss.sum                                    sector            0
    lts__t_sectors_evict_normal_demote_lookup_hit.sum                            sector            0
    lts__t_sectors_evict_normal_demote_lookup_miss.sum                           sector            0
    lts__t_sectors_evict_normal_lookup_hit.sum                                   sector    1,059,881
    lts__t_sectors_evict_normal_lookup_miss.sum                                  sector       26,726
    lts__t_sectors_srcunit_ltcfabric_evict_first_lookup_hit.sum                  sector        6,768
    lts__t_sectors_srcunit_ltcfabric_evict_first_lookup_miss.sum                 sector    4,314,304
    lts__t_sectors_srcunit_ltcfabric_evict_last_lookup_hit.sum                   sector            0
    lts__t_sectors_srcunit_ltcfabric_evict_last_lookup_miss.sum                  sector            0
    lts__t_sectors_srcunit_ltcfabric_evict_normal_demote_lookup_hit.sum          sector            0
    lts__t_sectors_srcunit_ltcfabric_evict_normal_demote_lookup_miss.sum         sector            0
    lts__t_sectors_srcunit_ltcfabric_evict_normal_lookup_hit.sum                 sector      250,283
    lts__t_sectors_srcunit_ltcfabric_evict_normal_lookup_miss.sum                sector        5,152
    lts__t_sectors_srcunit_tex_evict_first_lookup_hit.sum                        sector       23,796
    lts__t_sectors_srcunit_tex_evict_first_lookup_miss.sum                       sector    8,641,692
    lts__t_sectors_srcunit_tex_evict_last_lookup_hit.sum                         sector            0
    lts__t_sectors_srcunit_tex_evict_last_lookup_miss.sum                        sector            0
    lts__t_sectors_srcunit_tex_evict_normal_demote_lookup_hit.sum                sector            0
    lts__t_sectors_srcunit_tex_evict_normal_demote_lookup_miss.sum               sector            0
    lts__t_sectors_srcunit_tex_evict_normal_lookup_hit.sum                       sector      814,154
    lts__t_sectors_srcunit_tex_evict_normal_lookup_miss.sum                      sector       21,030
    lts__t_sectors_srcunit_tex_op_atom_evict_first_lookup_hit.sum                sector            0
    lts__t_sectors_srcunit_tex_op_atom_evict_first_lookup_miss.sum               sector            0
    lts__t_sectors_srcunit_tex_op_atom_evict_last_lookup_hit.sum                 sector            0
    lts__t_sectors_srcunit_tex_op_atom_evict_last_lookup_miss.sum                sector            0
    lts__t_sectors_srcunit_tex_op_atom_evict_normal_lookup_hit.sum               sector            0
    lts__t_sectors_srcunit_tex_op_atom_evict_normal_lookup_miss.sum              sector            0
    lts__t_sectors_srcunit_tex_op_read_evict_first_lookup_hit.sum                sector       27,116
    lts__t_sectors_srcunit_tex_op_read_evict_first_lookup_miss.sum               sector    8,645,516
    lts__t_sectors_srcunit_tex_op_read_evict_last_lookup_hit.sum                 sector            0
    lts__t_sectors_srcunit_tex_op_read_evict_last_lookup_miss.sum                sector            0
    lts__t_sectors_srcunit_tex_op_read_evict_normal_demote_lookup_hit.sum        sector            0
    lts__t_sectors_srcunit_tex_op_read_evict_normal_demote_lookup_miss.sum       sector            0
    lts__t_sectors_srcunit_tex_op_read_evict_normal_lookup_hit.sum               sector      333,701
    lts__t_sectors_srcunit_tex_op_read_evict_normal_lookup_miss.sum              sector       21,106
    lts__t_sectors_srcunit_tex_op_write_evict_first_lookup_hit.sum               sector            0
    lts__t_sectors_srcunit_tex_op_write_evict_first_lookup_miss.sum              sector            0
    lts__t_sectors_srcunit_tex_op_write_evict_last_lookup_hit.sum                sector            0
    lts__t_sectors_srcunit_tex_op_write_evict_last_lookup_miss.sum               sector            0
    lts__t_sectors_srcunit_tex_op_write_evict_normal_demote_lookup_hit.sum       sector            0
    lts__t_sectors_srcunit_tex_op_write_evict_normal_demote_lookup_miss.sum      sector            0
    lts__t_sectors_srcunit_tex_op_write_evict_normal_lookup_hit.sum              sector      477,263
    lts__t_sectors_srcunit_tex_op_write_evict_normal_lookup_miss.sum             sector            0
    ----------------------------------------------------------------------- ----------- ------------

    Table Name : Device Memory
    --------------------------------------------------- ----------- ------------
    Metric Name                                         Metric Unit Metric Value
    --------------------------------------------------- ----------- ------------
    dram__bytes_read.sum                                      Mbyte       276.73
    dram__bytes_read.sum.pct_of_peak_sustained_elapsed            %        50.07
    dram__bytes_read.sum.per_second                         Tbyte/s         2.41
    dram__bytes_write.sum                                     Mbyte         3.46
    dram__bytes_write.sum.pct_of_peak_sustained_elapsed           %         0.63
    dram__bytes_write.sum.per_second                        Gbyte/s        30.15
    dram__sectors_read.sum                                   sector    8,647,872
    dram__sectors_write.sum                                  sector      108,248
    --------------------------------------------------- ----------- ------------

    OPT   Est. Speedup: 14.34%
          The memory access pattern for global loads from L1TEX might not be optimal. On average, only 23.4 of the 32
          bytes transmitted per sector are utilized by each thread. This could possibly be caused by a stride between
          threads. Check the Source Counters section for uncoalesced global loads.
    ----- --------------------------------------------------------------------------------------------------------------
    OPT   Est. Speedup: 26.53%
          The memory access pattern for global stores to L1TEX might not be optimal. On average, only 16.0 of the 32
          bytes transmitted per sector are utilized by each thread. This could possibly be caused by a stride between
          threads. Check the Source Counters section for uncoalesced global stores.
    ----- --------------------------------------------------------------------------------------------------------------
    OPT   Est. Speedup: 51.41%
          The memory access pattern for local loads from L1TEX might not be optimal. On average, only 1.0 of the 32
          bytes transmitted per sector are utilized by each thread. This could possibly be caused by a stride between
          threads. Check the Source Counters section for uncoalesced local loads.
    ----- --------------------------------------------------------------------------------------------------------------
    OPT   Est. Speedup: 51.41%
          The memory access pattern for local stores to L1TEX might not be optimal. On average, only 1.0 of the 32
          bytes transmitted per sector are utilized by each thread. This could possibly be caused by a stride between
          threads. Check the Source Counters section for uncoalesced local stores.
    ----- --------------------------------------------------------------------------------------------------------------
    OPT   Est. Speedup: 14.02%
          The memory access pattern for shared stores might not be optimal and causes on average a 2.0 - way bank
          conflict across all 296800 shared store requests.This results in 154598 bank conflicts,  which represent
          25.90% of the overall 596859 wavefronts for shared stores. Check the Source Counters section for uncoalesced
          shared stores.

    Section: Scheduler Statistics
    -------------------------------------- ----------- ------------
    Metric Name                            Metric Unit Metric Value
    -------------------------------------- ----------- ------------
    One or More Eligible                             %        78.60
    Issued Warp Per Scheduler                                  0.79
    No Eligible                                      %        21.40
    Theoretical Active Warps Per Scheduler        warp           16
    Active Warps Per Scheduler                    warp         8.62
    Eligible Warps Per Scheduler                  warp         2.93
    -------------------------------------- ----------- ------------

    Table Name : Warps Per Scheduler
    ------------------------------- ----------- ------------
    Metric Name                     Metric Unit Metric Value
    ------------------------------- ----------- ------------
    Issued Warp Per Scheduler                           0.79
    Theoretical Warps Per Scheduler        warp            9
    GPU Maximum Warps Per Scheduler        warp           16
    Active Warps Per Scheduler             warp         8.62
    Eligible Warps Per Scheduler           warp         2.93
    ------------------------------- ----------- ------------

    Section: Warp State Statistics
    ---------------------------------------- ----------- ------------
    Metric Name                              Metric Unit Metric Value
    ---------------------------------------- ----------- ------------
    Warp Cycles Per Issued Instruction             cycle        10.97
    Warp Cycles Per Executed Instruction           cycle        10.98
    Issued Warp Per Scheduler                                    0.79
    Avg. Active Threads Per Warp                                30.63
    Avg. Not Predicated Off Threads Per Warp                    29.71
    ---------------------------------------- ----------- ------------

    Table Name : Warp State (All Cycles)
    ------------------------ ----------- ------------
    Metric Name              Metric Unit Metric Value
    ------------------------ ----------- ------------
    Stall Not Selected              inst         2.74
    Stall Barrier                   inst         1.90
    Stall Math Pipe Throttle        inst         1.37
    Stall Long Scoreboard           inst         1.14
    Stall Wait                      inst         1.13
    Selected                        inst         1.00
    Stall GMMA                      inst         0.55
    Stall Short Scoreboard          inst         0.47
    Stall Dispatch Stall            inst         0.39
    Stall Branch Resolving          inst         0.16
    Stall No Instruction            inst         0.08
    Stall Drain                     inst         0.04
    Stall MIO Throttle              inst         0.02
    Stall IMC Miss                  inst         0.01
    Stall LG Throttle               inst         0.00
    Stall Membar                    inst            0
    Stall Misc                      inst         0.00
    Stall Sleeping                  inst            0
    Stall Tex Throttle              inst            0
    ------------------------ ----------- ------------

    Section: Instruction Statistics
    ---------------------------------------- ----------- ------------
    Metric Name                              Metric Unit Metric Value
    ---------------------------------------- ----------- ------------
    Instructions Executed                           inst   44,457,600
    Avg. Executed Instructions Per Scheduler        inst   142,549.74
    Executed Instructions                           inst   44,475,520
    Avg. Issued Instructions Per Scheduler          inst   142,626.66
    Issued Instructions                             inst   44,499,519
    ---------------------------------------- ----------- ------------

    Opcode Category Chart
    Table Name : Executed Instruction Categories
    --------------------------------------------- ----------- ------------------------------
    Metric Name                                   Metric Unit                   Metric Value
    --------------------------------------------- ----------- ------------------------------
    Executed Instructions by SASS Opcode Category                    44,457,600 (21,822,912;
                                                                       6,135,616; 5,824,896;
                                                                       4,201,856; 2,549,760;
                                                                       1,693,184; 1,078,016;
                                                                  551,040; 350,592; 217,856;
                                                                                     31,872)
    --------------------------------------------- ----------- ------------------------------

    Opcode Charts
    Table Name : Executed Instruction Mix
    ----------------------------------------------------- ----------- ------------------------------
    Metric Name                                           Metric Unit                   Metric Value
    ----------------------------------------------------- ----------- ------------------------------
    Executed Warp-Level Instructions By Basic SASS Opcode                     44,457,600 (8,541,696;
                                                                               8,462,304; 4,583,936;
                                                                               4,106,240; 2,600,064;
                                                                               1,537,824; 1,529,856;
                                                                               1,285,184; 1,019,904;
                                                                        1,019,904; 916,320; 853,824;
                                                                          828,672; 806,016; 733,056;
                                                                          478,080; 408,704; 350,592;
                                                                          322,304; 318,720; 296,064;
                                                                          289,184; 262,944; 254,976;
                                                                          254,976; 244,480; 231,072;
                                                                          217,856; 217,632; 200,448;
                                                                          175,296; 159,360; 136,704;
                                                                          131,456; 127,488; 127,488;
                                                                            121,856; 63,744; 58,112;
                                                                             31,872; 31,872; 31,872;
                                                                             31,872; 31,872; 15,936;
                                                                                              7,968)
    ----------------------------------------------------- ----------- ------------------------------

    Section: NVLink Topology
    NVLink Topology
    The system does not have any NVLink connections.

    Section: NUMA Affinity
    -------------------------- ----------- ------------------------------
    Metric Name                Metric Unit                   Metric Value
    -------------------------- ----------- ------------------------------
    CPU Affinity                             8 (0-47,96-143; 0-47,96-143;
                                                0-47,96-143; 0-47,96-143;
                                                           48-95,144-191;
                                                           48-95,144-191;
                                            48-95,144-191; 48-95,144-191)
    Device Names                                 8 (NVIDIA H20-3e; NVIDIA
                                                   H20-3e; NVIDIA H20-3e;
                                                    NVIDIA H20-3e; NVIDIA
                                                   H20-3e; NVIDIA H20-3e;
                                            NVIDIA H20-3e; NVIDIA H20-3e)
    NUMA ID by CPU Affinity                    8 (0; 0; 0; 0; 1; 1; 1; 1)
    NUMA ID by Memory Affinity                 8 (0; 0; 0; 0; 1; 1; 1; 1)
    -------------------------- ----------- ------------------------------

    Table Name : NUMA Affinity
    ------ ------------- ----------------------- ------------- --------------------------
    GPU ID GPU Name      NUMA ID by CPU Affinity  CPU Affinity NUMA ID by Memory Affinity
    ------ ------------- ----------------------- ------------- --------------------------
         0 NVIDIA H20-3e                       0   0-47,96-143                          0
         1 NVIDIA H20-3e                       0   0-47,96-143                          0
         2 NVIDIA H20-3e                       0   0-47,96-143                          0
         3 NVIDIA H20-3e                       0   0-47,96-143                          0
         4 NVIDIA H20-3e                       1 48-95,144-191                          1
         5 NVIDIA H20-3e                       1 48-95,144-191                          1
         6 NVIDIA H20-3e                       1 48-95,144-191                          1
         7 NVIDIA H20-3e                       1 48-95,144-191                          1
    ------ ------------- ----------------------- ------------- --------------------------

    Section: Launch Statistics
    -------------------------------- --------------- ---------------
    Metric Name                          Metric Unit    Metric Value
    -------------------------------- --------------- ---------------
    Block Size                                                   128
    Cluster Scheduling Policy                           PolicySpread
    Cluster Size                                                   0
    Function Cache Configuration                     CachePreferNone
    Grid Size                                                 10,272
    Registers Per Thread             register/thread              55
    Shared Memory Configuration Size           Kbyte          200.70
    Driver Shared Memory Per Block       Kbyte/block            1.02
    Dynamic Shared Memory Per Block      Kbyte/block           18.43
    Static Shared Memory Per Block       Kbyte/block            1.02
    # SMs                                         SM              78
    Stack Size                                                 1,024
    Threads                                   thread       1,314,816
    # TPCs                                                        39
    Enabled TPC IDs                                              all
    Uses Green Context                                             0
    Waves Per SM                                               14.63
    Theoretical Occupancy                          %           56.25
    Achieved Occupancy                             %           54.27
    -------------------------------- --------------- ---------------

    Section: Occupancy
    ------------------------------- ----------- ------------
    Metric Name                     Metric Unit Metric Value
    ------------------------------- ----------- ------------
    Max Active Clusters                 cluster            0
    Max Cluster Size                      block            8
    Overall GPU Occupancy                     %            0
    Cluster Occupancy                         %            0
    Block Limit Barriers                  block           32
    Block Limit SM                        block           32
    Block Limit Registers                 block            9
    Block Limit Shared Mem                block            9
    Block Limit Warps                     block           16
    Theoretical Active Warps per SM        warp           36
    Theoretical Occupancy                     %        56.25
    Achieved Occupancy                        %        54.27
    Achieved Active Warps Per SM           warp        34.74
    Theoretical Warps Per Scheduler        warp            9
    GPU Maximum Warps Per Scheduler        warp           16
    ------------------------------- ----------- ------------

    % Occupancy Graphs
    Table Name : Impact of Varying Register Count Per Thread
    ------------------------------ --------------- ------------------------------
    Metric Name                        Metric Unit                   Metric Value
    ------------------------------ --------------- ------------------------------
    % Occupancy Per Register Count      %/register     7,304 (56; 56; 56; 56; 56;
                                                      56; 56; 56; 56; 56; 56; 56;
                                                      56; 56; 56; 56; 56; 56; 56;
                                                      56; 56; 56; 56; 56; 56; 56;
                                                      56; 56; 56; 56; 56; 56; 56;
                                                      56; 56; 56; 56; 56; 56; 56;
                                                      56; 56; 56; 56; 56; 56; 56;
                                                      56; 56; 56; 56; 56; 56; 56;
                                                      56; 56; 56; 50; 50; 50; 50;
                                                      50; 50; 50; 50; 43; 43; 43;
                                                      43; 43; 43; 43; 43; 37; 37;
                                                      37; 37; 37; 37; 37; 37; 31;
                                                      31; 31; 31; 31; 31; 31; 31;
                                                      31; 31; 31; 31; 31; 31; 31;
                                                      31; 25; 25; 25; 25; 25; 25;
                                                      25; 25; 25; 25; 25; 25; 25;
                                                      25; 25; 25; 25; 25; 25; 25;
                                                      25; 25; 25; 25; 25; 25; 25;
                                                      25; 25; 25; 25; 25; 18; 18;
                                                      18; 18; 18; 18; 18; 18; 18;
                                                      18; 18; 18; 18; 18; 18; 18;
                                                      18; 18; 18; 18; 18; 18; 18;
                                                      18; 18; 18; 18; 18; 18; 18;
                                                      18; 18; 18; 18; 18; 18; 18;
                                                      18; 18; 18; 12; 12; 12; 12;
                                                      12; 12; 12; 12; 12; 12; 12;
                                                      12; 12; 12; 12; 12; 12; 12;
                                                      12; 12; 12; 12; 12; 12; 12;
                                                      12; 12; 12; 12; 12; 12; 12;
                                                      12; 12; 12; 12; 12; 12; 12;
                                                      12; 12; 12; 12; 12; 12; 12;
                                                      12; 12; 12; 12; 12; 12; 12;
                                                      12; 12; 12; 12; 12; 12; 12;
                                                      12; 12; 12; 12; 12; 12; 12;
                                                      12; 12; 12; 12; 12; 12; 12;
                                                      12; 12; 12; 12; 12; 12; 12;
                                                      12; 12; 12; 12; 12; 12; 12)
    Registers Per Thread           register/thread                             55
    ------------------------------ --------------- ------------------------------

    Table Name : Impact of Varying Block Size
    -------------------------- ----------- ------------------------------
    Metric Name                Metric Unit                   Metric Value
    -------------------------- ----------- ------------------------------
    % Occupancy Per Block Size           %     2,818 (14; 14; 14; 28; 28;
                                              42; 42; 56; 56; 54; 54; 56;
                                              56; 54; 54; 50; 50; 56; 56;
                                              46; 46; 51; 51; 56; 56; 40;
                                              40; 43; 43; 46; 46; 50; 50;
                                              53; 53; 56; 56; 29; 29; 31;
                                              31; 32; 32; 34; 34; 35; 35;
                                              37; 37; 39; 39; 40; 40; 42;
                                              42; 43; 43; 45; 45; 46; 46;
                                                          48; 48; 50; 50)
    Block Size                                                        128
    -------------------------- ----------- ------------------------------

    Table Name : Impact of Varying Shared Memory Usage Per Block
    ------------------------------- ----------- ------------------------------
    Metric Name                     Metric Unit                   Metric Value
    ------------------------------- ----------- ------------------------------
    % Occupancy Per Shared Mem Size     %/Kbyte  7.22 (0.06; 0.06; 0.06; 0.06;
                                                       0.06; 0.06; 0.06; 0.06;
                                                       0.06; 0.06; 0.06; 0.06;
                                                       0.06; 0.06; 0.06; 0.06;
                                                       0.06; 0.06; 0.06; 0.06;
                                                       0.06; 0.06; 0.06; 0.06;
                                                       0.06; 0.06; 0.06; 0.06;
                                                       0.06; 0.06; 0.06; 0.06;
                                                       0.06; 0.06; 0.06; 0.06;
                                                       0.06; 0.06; 0.06; 0.06;
                                                       0.06; 0.06; 0.06; 0.06;
                                                       0.05; 0.05; 0.05; 0.05;
                                                       0.05; 0.05; 0.04; 0.04;
                                                       0.04; 0.04; 0.04; 0.04;
                                                       0.04; 0.04; 0.04; 0.04;
                                                       0.04; 0.04; 0.04; 0.04;
                                                       0.04; 0.04; 0.03; 0.03;
                                                       0.03; 0.03; 0.03; 0.03;
                                                       0.03; 0.03; 0.03; 0.03;
                                                       0.03; 0.03; 0.03; 0.03;
                                                       0.03; 0.03; 0.03; 0.03;
                                                       0.03; 0.03; 0.03; 0.03;
                                                       0.03; 0.03; 0.03; 0.03;
                                                       0.03; 0.03; 0.03; 0.03;
                                                       0.03; 0.03; 0.03; 0.02;
                                                       0.02; 0.02; 0.02; 0.02;
                                                       0.02; 0.02; 0.02; 0.02;
                                                       0.02; 0.02; 0.02; 0.02;
                                                       0.02; 0.02; 0.02; 0.02;
                                                       0.02; 0.02; 0.02; 0.02;
                                                       0.02; 0.02; 0.02; 0.02;
                                                       0.02; 0.02; 0.02; 0.02;
                                                       0.02; 0.02; 0.02; 0.01;
                                                       0.01; 0.01; 0.01; 0.01;
                                                       0.01; 0.01; 0.01; 0.01;
                                                       0.01; 0.01; 0.01; 0.01;
                                                       0.01; 0.01; 0.01; 0.01;
                                                       0.01; 0.01; 0.01; 0.01;
                                                       0.01; 0.01; 0.01; 0.01;
                                                       0.01; 0.01; 0.01; 0.01;
                                                       0.01; 0.01; 0.01; 0.01;
                                                       0.01; 0.01; 0.01; 0.01;
                                                       0.01; 0.01; 0.01; 0.01;
                                                       0.01; 0.01; 0.01; 0.01;
                                                       0.01; 0.01; 0.01; 0.01;
                                                       0.01; 0.01; 0.01; 0.01;
                                                       0.01; 0.01; 0.01; 0.01;
                                                       0.01; 0.01; 0.01; 0.01;
                                                       0.01; 0.01; 0.01; 0.01;
                                                       0.01; 0.01; 0.01; 0.01;
                                                       0.01; 0.01; 0.01; 0.01;
                                                       0.01; 0.01; 0.01; 0.01;
                                                       0.01; 0.01; 0.01; 0.01;
                                                       0.01; 0.01; 0.01; 0.01;
                                                       0.01; 0.01; 0.01; 0.01;
                                                       0.01; 0.01; 0.01; 0.01;
                                                       0.01; 0.01; 0.01; 0.01;
                                                       0.01; 0.01; 0.01; 0.01;
                                                       0.01; 0.01; 0.01; 0.01;
                                                       0.01; 0.01; 0.01; 0.01;
                                                       0.01; 0.01; 0.01; 0.01;
                                                       0.01; 0.01; 0.01; 0.01;
                                                       0.01; 0.01; 0.01; 0.01;
                                                       0.01; 0.01; 0.01; 0.01;
                                                       0.01; 0.01; 0.01; 0.01;
                                                       0.01; 0.01; 0.01; 0.01;
                                                       0.01; 0.01; 0.01; 0.01;
                                                       0.01; 0.01; 0.01; 0.01;
                                                       0.01; 0.01; 0.01; 0.01;
                                                       0.01; 0.01; 0.01; 0.01;
                                                       0.01; 0.01; 0.01; 0.01;
                                                       0.01; 0.01; 0.01; 0.01;
                                                       0.01; 0.01; 0.01; 0.01;
                                                       0.01; 0.01; 0.01; 0.01;
                                                       0.01; 0.01; 0.01; 0.01;
                                                       0.01; 0.01; 0.01; 0.01;
                                                       0.01; 0.01; 0.01; 0.01;
                                                       0.01; 0.01; 0.01; 0.01;
                                                       0.01; 0.01; 0.01; 0.01;
                                                       0.01; 0.01; 0.01; 0.01;
                                                       0.01; 0.01; 0.01; 0.01;
                                                       0.01; 0.01; 0.01; 0.01;
                                                       0.01; 0.01; 0.01; 0.01;
                                                       0.01; 0.01; 0.01; 0.01;
                                                       0.01; 0.01; 0.01; 0.01;
                                                       0.01; 0.01; 0.01; 0.01;
                                                       0.01; 0.01; 0.01; 0.01;
                                                       0.01; 0.01; 0.01; 0.01;
                                                       0.01; 0.01; 0.01; 0.01;
                                                       0.01; 0.01; 0.01; 0.01;
                                                       0.01; 0.01; 0.01; 0.01;
                                                       0.01; 0.01; 0.01; 0.01;
                                                       0.01; 0.01; 0.01; 0.01;
                                                       0.01; 0.01; 0.01; 0.01;
                                                       0.01; 0.01; 0.01; 0.01;
                                                       0.01; 0.01; 0.01; 0.01;
                                                       0.01; 0.01; 0.01; 0.01;
                                                       0.01; 0.01; 0.01; 0.01;
                                                       0.01; 0.01; 0.01; 0.01;
                                                       0.01; 0.01; 0.01; 0.01;
                                                       0.01; 0.01; 0.01; 0.01;
                                                       0.01; 0.01; 0.01; 0.01;
                                                       0.01; 0.01; 0.01; 0.01;
                                                       0.01; 0.01; 0.01; 0.01;
                                                       0.01; 0.01; 0.01; 0.01;
                                                       0.01; 0.01; 0.01; 0.01;
                                                       0.01; 0.01; 0.01; 0.01;
                                                       0.01; 0.01; 0.01; 0.01;
                                                       0.01; 0.01; 0.01; 0.01;
                                                       0.01; 0.01; 0.01; 0.01;
                                                       0.01; 0.01; 0.01; 0.01;
                                                       0.01; 0.01; 0.01; 0.01;
                                                       0.01; 0.01; 0.01; 0.01;
                                                          0.01; 0.01; 0.01; 0)
    Shared Memory Per Block         Kbyte/block                          20.48
    ------------------------------- ----------- ------------------------------

    Table Name : Impact of Varying Block Barriers
    ----------------------------------- ----------- ------------------------------
    Metric Name                         Metric Unit                   Metric Value
    ----------------------------------- ----------- ------------------------------
    % Occupancy Per Block Barriers Size                 1,154 (56; 56; 56; 56; 56;
                                                       56; 56; 56; 50; 43; 37; 31;
                                                       31; 25; 25; 25; 25; 18; 18;
                                                       18; 18; 18; 12; 12; 12; 12;
                                                       12; 12; 12; 12; 12; 12; 12;
                                                        6; 6; 6; 6; 6; 6; 6; 6; 6;
                                                        6; 6; 6; 6; 6; 6; 6; 6; 6;
                                                        6; 6; 6; 6; 6; 6; 6; 6; 6;
                                                                    6; 6; 6; 6; 6)
    Block Barrier Count                                                          1
    ----------------------------------- ----------- ------------------------------

    Table Name : Impact of Varying Cluster Size
    --------------- ----------- ------------
    Metric Name     Metric Unit Metric Value
    --------------- ----------- ------------
    Cluster Size                           0
    Active Clusters                        0
    --------------- ----------- ------------

    # Warps Graphs
    Table Name : Impact of Varying Register Count Per Thread
    -------------------------- --------------- ------------------------------
    Metric Name                    Metric Unit                   Metric Value
    -------------------------- --------------- ------------------------------
    # Warps Per Register Count                     4,740 (36; 36; 36; 36; 36;
                                                  36; 36; 36; 36; 36; 36; 36;
                                                  36; 36; 36; 36; 36; 36; 36;
                                                  36; 36; 36; 36; 36; 36; 36;
                                                  36; 36; 36; 36; 36; 36; 36;
                                                  36; 36; 36; 36; 36; 36; 36;
                                                  36; 36; 36; 36; 36; 36; 36;
                                                  36; 36; 36; 36; 36; 36; 36;
                                                  36; 36; 36; 32; 32; 32; 32;
                                                  32; 32; 32; 32; 28; 28; 28;
                                                  28; 28; 28; 28; 28; 24; 24;
                                                  24; 24; 24; 24; 24; 24; 20;
                                                  20; 20; 20; 20; 20; 20; 20;
                                                  20; 20; 20; 20; 20; 20; 20;
                                                  20; 16; 16; 16; 16; 16; 16;
                                                  16; 16; 16; 16; 16; 16; 16;
                                                  16; 16; 16; 16; 16; 16; 16;
                                                  16; 16; 16; 16; 16; 16; 16;
                                                  16; 16; 16; 16; 16; 12; 12;
                                                  12; 12; 12; 12; 12; 12; 12;
                                                  12; 12; 12; 12; 12; 12; 12;
                                                  12; 12; 12; 12; 12; 12; 12;
                                                  12; 12; 12; 12; 12; 12; 12;
                                                  12; 12; 12; 12; 12; 12; 12;
                                                   12; 12; 12; 8; 8; 8; 8; 8;
                                                   8; 8; 8; 8; 8; 8; 8; 8; 8;
                                                   8; 8; 8; 8; 8; 8; 8; 8; 8;
                                                   8; 8; 8; 8; 8; 8; 8; 8; 8;
                                                   8; 8; 8; 8; 8; 8; 8; 8; 8;
                                                   8; 8; 8; 8; 8; 8; 8; 8; 8;
                                                   8; 8; 8; 8; 8; 8; 8; 8; 8;
                                                   8; 8; 8; 8; 8; 8; 8; 8; 8;
                                                   8; 8; 8; 8; 8; 8; 8; 8; 8;
                                                   8; 8; 8; 8; 8; 8; 8; 8; 8;
                                                                        8; 8)
    Registers Per Thread       register/thread                             55
    -------------------------- --------------- ------------------------------

    Table Name : Impact of Varying Block Size
    ---------------------- ----------- ------------------------------
    Metric Name            Metric Unit                   Metric Value
    ---------------------- ----------- ------------------------------
    Block Size                                                    128
    # Warps Per Block Size                1,821 (9; 9; 9; 18; 18; 27;
                                          27; 36; 36; 35; 35; 36; 36;
                                          35; 35; 32; 32; 36; 36; 30;
                                          30; 33; 33; 36; 36; 26; 26;
                                          28; 28; 30; 30; 32; 32; 34;
                                          34; 36; 36; 19; 19; 20; 20;
                                          21; 21; 22; 22; 23; 23; 24;
                                          24; 25; 25; 26; 26; 27; 27;
                                          28; 28; 29; 29; 30; 30; 31;
                                                          31; 32; 32)
    ---------------------- ----------- ------------------------------

    Table Name : Impact of Varying Shared Memory Usage Per Block
    --------------------------- ----------- ------------------------------
    Metric Name                 Metric Unit                   Metric Value
    --------------------------- ----------- ------------------------------
    # Warps Per Shared Mem Size                 4,712 (36; 36; 36; 36; 36;
                                               36; 36; 36; 36; 36; 36; 36;
                                               36; 36; 36; 36; 36; 36; 36;
                                               36; 36; 36; 36; 36; 36; 36;
                                               36; 36; 36; 36; 36; 36; 36;
                                               36; 36; 36; 36; 36; 36; 36;
                                               36; 36; 36; 36; 32; 32; 32;
                                               32; 32; 32; 28; 28; 28; 28;
                                               28; 28; 28; 24; 24; 24; 24;
                                               24; 24; 24; 24; 24; 20; 20;
                                               20; 20; 20; 20; 20; 20; 20;
                                               20; 20; 20; 20; 16; 16; 16;
                                               16; 16; 16; 16; 16; 16; 16;
                                               16; 16; 16; 16; 16; 16; 16;
                                               16; 16; 16; 12; 12; 12; 12;
                                               12; 12; 12; 12; 12; 12; 12;
                                               12; 12; 12; 12; 12; 12; 12;
                                               12; 12; 12; 12; 12; 12; 12;
                                               12; 12; 12; 12; 12; 12; 12;
                                                8; 8; 8; 8; 8; 8; 8; 8; 8;
                                                8; 8; 8; 8; 8; 8; 8; 8; 8;
                                                8; 8; 8; 8; 8; 8; 8; 8; 8;
                                                8; 8; 8; 8; 8; 8; 8; 8; 8;
                                                8; 8; 8; 8; 8; 8; 8; 8; 8;
                                                8; 8; 8; 8; 8; 8; 8; 8; 8;
                                                8; 8; 8; 8; 8; 8; 8; 8; 8;
                                                8; 8; 8; 4; 4; 4; 4; 4; 4;
                                                4; 4; 4; 4; 4; 4; 4; 4; 4;
                                                4; 4; 4; 4; 4; 4; 4; 4; 4;
                                                4; 4; 4; 4; 4; 4; 4; 4; 4;
                                                4; 4; 4; 4; 4; 4; 4; 4; 4;
                                                4; 4; 4; 4; 4; 4; 4; 4; 4;
                                                4; 4; 4; 4; 4; 4; 4; 4; 4;
                                                4; 4; 4; 4; 4; 4; 4; 4; 4;
                                                4; 4; 4; 4; 4; 4; 4; 4; 4;
                                                4; 4; 4; 4; 4; 4; 4; 4; 4;
                                                4; 4; 4; 4; 4; 4; 4; 4; 4;
                                                4; 4; 4; 4; 4; 4; 4; 4; 4;
                                                4; 4; 4; 4; 4; 4; 4; 4; 4;
                                                4; 4; 4; 4; 4; 4; 4; 4; 4;
                                                4; 4; 4; 4; 4; 4; 4; 4; 4;
                                                4; 4; 4; 4; 4; 4; 4; 4; 4;
                                                4; 4; 4; 4; 4; 4; 4; 4; 4;
                                                4; 4; 4; 4; 4; 4; 4; 4; 4;
                                                4; 4; 4; 4; 4; 4; 4; 4; 4;
                                                4; 4; 4; 4; 4; 4; 4; 4; 4;
                                                4; 4; 4; 4; 4; 4; 4; 4; 4;
                                                4; 4; 4; 4; 4; 4; 4; 4; 4;
                                                4; 4; 4; 4; 4; 4; 4; 4; 4;
                                                4; 4; 4; 4; 4; 4; 4; 4; 4;
                                                4; 4; 4; 4; 4; 4; 4; 4; 4;
                                                4; 4; 4; 4; 4; 4; 4; 4; 4;
                                                4; 4; 4; 4; 4; 4; 4; 4; 4;
                                                4; 4; 4; 4; 4; 4; 4; 4; 4;
                                             4; 4; 4; 4; 4; 4; 4; 4; 4; 0)
    Shared Memory Per Block     Kbyte/block                          20.48
    --------------------------- ----------- ------------------------------

    Table Name : Impact of Varying Block Barriers
    ------------------------------- ----------- ------------------------------
    Metric Name                     Metric Unit                   Metric Value
    ------------------------------- ----------- ------------------------------
    Block Barrier Count                                                      1
    # Warps Per Block Barriers Size               752 (36; 36; 36; 36; 36; 36;
                                                   36; 36; 32; 28; 24; 20; 20;
                                                   16; 16; 16; 16; 12; 12; 12;
                                                  12; 12; 8; 8; 8; 8; 8; 8; 8;
                                                    8; 8; 8; 8; 4; 4; 4; 4; 4;
                                                    4; 4; 4; 4; 4; 4; 4; 4; 4;
                                                    4; 4; 4; 4; 4; 4; 4; 4; 4;
                                                    4; 4; 4; 4; 4; 4; 4; 4; 4)
    ------------------------------- ----------- ------------------------------

    Table Name : Impact of Varying Cluster Size
    --------------- ----------- ------------
    Metric Name     Metric Unit Metric Value
    --------------- ----------- ------------
    Cluster Size                           0
    Active Clusters                        0
    --------------- ----------- ------------

    OPT   Est. Local Speedup: 43.75%
          The 9.00 theoretical warps per scheduler this kernel can issue according to its occupancy are below the
          hardware maximum of 16. This kernel's theoretical occupancy (56.2%) is limited by the number of required
          registers, and the required amount of shared memory.

    Section: GPU and Memory Workload Distribution
    -------------------------- ----------- ------------
    Metric Name                Metric Unit Metric Value
    -------------------------- ----------- ------------
    Average DRAM Active Cycles       cycle   182,419.17
    Total DRAM Elapsed Cycles        cycle   17,638,528
    Average L1 Active Cycles         cycle   180,458.45
    Total L1 Elapsed Cycles          cycle   14,359,362
    Average L2 Active Cycles         cycle   189,501.84
    Total L2 Elapsed Cycles          cycle   18,422,872
    Average SM Active Cycles         cycle   180,458.45
    Total SM Elapsed Cycles          cycle   14,359,362
    Average SMSP Active Cycles       cycle   181,457.70
    Total SMSP Elapsed Cycles        cycle   57,437,448
    -------------------------- ----------- ------------

    Table Name : Workload Distribution
    ------------------ ----------- ------------
    Metric Name        Metric Unit Metric Value
    ------------------ ----------- ------------
    DRAM Active Cycles       cycle   182,419.17
    DRAM Active Cycles       cycle      186,592
    DRAM Active Cycles       cycle       93,160
    DRAM Active Cycles       cycle    8,756,120
    L1 Active Cycles         cycle   180,458.45
    L1 Active Cycles         cycle      182,816
    L1 Active Cycles         cycle      177,579
    L1 Active Cycles         cycle   14,075,759
    L2 Active Cycles         cycle   189,501.84
    L2 Active Cycles         cycle      190,306
    L2 Active Cycles         cycle      188,511
    L2 Active Cycles         cycle   17,813,173
    SM Active Cycles         cycle   180,458.45
    SM Active Cycles         cycle      182,816
    SM Active Cycles         cycle      177,579
    SM Active Cycles         cycle   14,075,759
    SMSP Active Cycles       cycle   181,457.70
    SMSP Active Cycles       cycle      183,584
    SMSP Active Cycles       cycle      178,762
    SMSP Active Cycles       cycle   56,614,802
    ------------------ ----------- ------------

    Section: Source Counters
    --------------------------------------------------------------------------------------------------------- ----------- -------------
    Metric Name                                                                                               Metric Unit  Metric Value
    --------------------------------------------------------------------------------------------------------- ----------- -------------
    Avg. Threads Executed                                                                                          thread        14,572
    Avg. Predicated-On Threads Executed                                                                            thread        13,532
    Avg. Predicated-On Threads Unexecuted                                                                          thread         3,684
    Derivative Avg. Predicated-On Threads Executed                                                                 thread         1,016
    L1 Conflicts Shared N-Way                                                                                                        42
    L1 Wavefronts Shared Excessive                                                                                                    0
    L2 Theoretical Sectors Global Excessive                                                                         Kbyte        163.58
    Branch Instructions Ratio                                                                                           %          0.03
    Elapsed Cycles                                                                                                  cycle       186,925
    Warp Stall Sampling (All Samples) (smsp__pcsamp_warps_issue_stalled_barrier)                                     warp         1,192
    Warp Stall Sampling (All Samples) (smsp__pcsamp_warps_issue_stalled_branch_resolving)                        branches           118
    Warp Stall Sampling (All Samples) (smsp__pcsamp_warps_issue_stalled_dispatch_stall)                              warp           259
    Warp Stall Sampling (All Samples) (smsp__pcsamp_warps_issue_stalled_drain)                                       warp            32
    Warp Stall Sampling (All Samples) (smsp__pcsamp_warps_issue_stalled_imc_miss)                                    warp            12
    Warp Stall Sampling (All Samples) (smsp__pcsamp_warps_issue_stalled_lg_throttle)                                 warp             0
    Warp Stall Sampling (All Samples) (smsp__pcsamp_warps_issue_stalled_long_scoreboard)                             warp           683
    Warp Stall Sampling (All Samples) (smsp__pcsamp_warps_issue_stalled_math_pipe_throttle)                          warp           842
    Warp Stall Sampling (All Samples) (smsp__pcsamp_warps_issue_stalled_membar)                                      byte             0
    Warp Stall Sampling (All Samples) (smsp__pcsamp_warps_issue_stalled_mio_throttle)                                warp             7
    Warp Stall Sampling (All Samples) (smsp__pcsamp_warps_issue_stalled_misc)                                        warp             3
    Warp Stall Sampling (All Samples) (smsp__pcsamp_warps_issue_stalled_no_instructions)                             inst            43
    Warp Stall Sampling (All Samples) (smsp__pcsamp_warps_issue_stalled_not_selected)                                warp         1,725
    Warp Stall Sampling (All Samples) (smsp__pcsamp_warps_issue_stalled_selected)                                    warp           642
    Warp Stall Sampling (All Samples) (smsp__pcsamp_warps_issue_stalled_short_scoreboard)                            warp           297
    Warp Stall Sampling (All Samples) (smsp__pcsamp_warps_issue_stalled_sleeping)                                    warp             0
    Warp Stall Sampling (All Samples) (smsp__pcsamp_warps_issue_stalled_tex_throttle)                                warp             0
    Warp Stall Sampling (All Samples) (smsp__pcsamp_warps_issue_stalled_wait)                                        warp           732
    Warp Stall Sampling (All Samples) (smsp__pcsamp_warps_issue_stalled_warpgroup_arrive)                            warp           305
    Warp Stall Sampling (Not-issued Samples) (smsp__pcsamp_warps_issue_stalled_barrier_not_issued)                   warp           218
    Warp Stall Sampling (Not-issued Samples) (smsp__pcsamp_warps_issue_stalled_branch_resolving_not_issued)      branches            16
    Warp Stall Sampling (Not-issued Samples) (smsp__pcsamp_warps_issue_stalled_dispatch_stall_not_issued)            warp            24
    Warp Stall Sampling (Not-issued Samples) (smsp__pcsamp_warps_issue_stalled_drain_not_issued)                     warp             5
    Warp Stall Sampling (Not-issued Samples) (smsp__pcsamp_warps_issue_stalled_imc_miss_not_issued)                  warp             9
    Warp Stall Sampling (Not-issued Samples) (smsp__pcsamp_warps_issue_stalled_lg_throttle_not_issued)               warp             0
    Warp Stall Sampling (Not-issued Samples) (smsp__pcsamp_warps_issue_stalled_long_scoreboard_not_issued)           warp           205
    Warp Stall Sampling (Not-issued Samples) (smsp__pcsamp_warps_issue_stalled_math_pipe_throttle_not_issued)        warp           135
    Warp Stall Sampling (Not-issued Samples) (smsp__pcsamp_warps_issue_stalled_membar_not_issued)                    byte             0
    Warp Stall Sampling (Not-issued Samples) (smsp__pcsamp_warps_issue_stalled_mio_throttle_not_issued)              warp             4
    Warp Stall Sampling (Not-issued Samples) (smsp__pcsamp_warps_issue_stalled_misc_not_issued)                      warp             1
    Warp Stall Sampling (Not-issued Samples) (smsp__pcsamp_warps_issue_stalled_no_instructions_not_issued)           inst            10
    Warp Stall Sampling (Not-issued Samples) (smsp__pcsamp_warps_issue_stalled_not_selected_not_issued)              warp             0
    Warp Stall Sampling (Not-issued Samples) (smsp__pcsamp_warps_issue_stalled_selected_not_issued)                  warp             0
    Warp Stall Sampling (Not-issued Samples) (smsp__pcsamp_warps_issue_stalled_short_scoreboard_not_issued)          warp            66
    Warp Stall Sampling (Not-issued Samples) (smsp__pcsamp_warps_issue_stalled_sleeping_not_issued)                  warp             0
    Warp Stall Sampling (Not-issued Samples) (smsp__pcsamp_warps_issue_stalled_tex_throttle_not_issued)              warp             0
    Warp Stall Sampling (Not-issued Samples) (smsp__pcsamp_warps_issue_stalled_wait_not_issued)                      warp           144
    Warp Stall Sampling (Not-issued Samples) (smsp__pcsamp_warps_issue_stalled_warpgroup_arrive_not_issued)          warp            50
    Instructions Executed                                                                                            inst    44,457,600
    L1 Active Cycles                                                                                                cycle    14,075,759
    L1 Elapsed Cycles                                                                                               cycle    14,359,362
    L2 Active Cycles                                                                                                cycle    17,813,173
    L2 Elapsed Cycles                                                                                               cycle    18,422,872
    Access Size                                                                                                                       0
    Access Operation                                                                                                                  0
    L1 Tag Requests Global                                                                                        sectors       677,952
    L1 Wavefronts Shared                                                                                          sectors     5,645,664
    L1 Wavefronts Shared Ideal                                                                                    sectors     5,645,664
    L2 Theoretical Sectors Global                                                                                 sectors       973,632
    L2 Theoretical Sectors Global Ideal                                                                           sectors       810,048
    L2 Theoretical Sectors Local                                                                                  sectors       764,928
    Address Space                                                                                                                     0
    Divergent Branches                                                                                           branches       177,280
    Executed Instructions                                                                                            inst    44,475,520
    Branch Instructions                                                                                              inst     1,360,512
    # Samples                                                                                                                     6,892
    stall_barrier                                                                                                    warp         1,192
    stall_barrier (Not Issued)                                                                                       warp           218
    stall_branch_resolving                                                                                       branches           118
    stall_branch_resolving (Not Issued)                                                                          branches            16
    stall_dispatch                                                                                                   warp           259
    stall_dispatch (Not Issued)                                                                                      warp            24
    stall_drain                                                                                                      warp            32
    stall_drain (Not Issued)                                                                                         warp             5
    stall_imc                                                                                                        warp            12
    stall_imc (Not Issued)                                                                                           warp             9
    stall_lg                                                                                                         warp             0
    stall_lg (Not Issued)                                                                                            warp             0
    stall_long_sb                                                                                                    warp           683
    stall_long_sb (Not Issued)                                                                                       warp           205
    stall_math                                                                                                       warp           842
    stall_math (Not Issued)                                                                                          warp           135
    stall_membar                                                                                                     byte             0
    stall_membar (Not Issued)                                                                                        byte             0
    stall_mio                                                                                                        warp             7
    stall_mio (Not Issued)                                                                                           warp             4
    stall_misc                                                                                                       warp             3
    stall_misc (Not Issued)                                                                                          warp             1
    stall_no_inst                                                                                                    inst            43
    stall_no_inst (Not Issued)                                                                                       inst            10
    stall_not_selected                                                                                               warp         1,725
    stall_not_selected (Not Issued)                                                                                  warp             0
    stall_selected                                                                                                   warp           642
    stall_selected (Not Issued)                                                                                      warp             0
    stall_short_sb                                                                                                   warp           297
    stall_short_sb (Not Issued)                                                                                      warp            66
    stall_sleep                                                                                                      warp             0
    stall_sleeping (Not Issued)                                                                                      warp             0
    stall_tex                                                                                                        warp             0
    stall_tex (Not Issued)                                                                                           warp             0
    stall_wait                                                                                                       warp           732
    stall_wait (Not Issued)                                                                                          warp           144
    Branch Efficiency                                                                                                   %         75.82
    Avg. Divergent Branches                                                                                      branches        568.21
    L2 Explicit Evict Policies                                                                                                        0
    L2 Explicit Hit Policy Evict First                                                                               inst             0
    L2 Explicit Hit Policy Evict Last                                                                                inst             0
    L2 Explicit Hit Policy Evict Normal                                                                              inst             0
    L2 Explicit Hit Policy Evict Normal Demote                                                                       inst             0
    L2 Explicit Miss Policy Evict First                                                                              inst             0
    L2 Explicit Miss Policy Evict Normal                                                                             inst             0
    Thread Instructions Executed                                                                                     inst 1,362,219,520
    Predicated-On Thread Instructions Executed                                                                       inst 1,321,335,264
    --------------------------------------------------------------------------------------------------------- ----------- -------------

    Hotspot Locations
    Table Name : Warp Stall Sampling (All Samples)
    --------------------------------------------------- ----------- ------------
    Metric Name                                         Metric Unit Metric Value
    --------------------------------------------------- ----------- ------------
    smsp__pcsamp_warps_issue_stalled_barrier                   warp        1,192
    smsp__pcsamp_warps_issue_stalled_branch_resolving      branches          118
    smsp__pcsamp_warps_issue_stalled_dispatch_stall            warp          259
    smsp__pcsamp_warps_issue_stalled_drain                     warp           32
    smsp__pcsamp_warps_issue_stalled_imc_miss                  warp           12
    smsp__pcsamp_warps_issue_stalled_lg_throttle               warp            0
    smsp__pcsamp_warps_issue_stalled_long_scoreboard           warp          683
    smsp__pcsamp_warps_issue_stalled_math_pipe_throttle        warp          842
    smsp__pcsamp_warps_issue_stalled_membar                    byte            0
    smsp__pcsamp_warps_issue_stalled_mio_throttle              warp            7
    smsp__pcsamp_warps_issue_stalled_misc                      warp            3
    smsp__pcsamp_warps_issue_stalled_no_instructions           inst           43
    smsp__pcsamp_warps_issue_stalled_not_selected              warp        1,725
    smsp__pcsamp_warps_issue_stalled_selected                  warp          642
    smsp__pcsamp_warps_issue_stalled_short_scoreboard          warp          297
    smsp__pcsamp_warps_issue_stalled_sleeping                  warp            0
    smsp__pcsamp_warps_issue_stalled_tex_throttle              warp            0
    smsp__pcsamp_warps_issue_stalled_wait                      warp          732
    smsp__pcsamp_warps_issue_stalled_warpgroup_arrive          warp          305
    --------------------------------------------------- ----------- ------------

    Table Name : Most Instructions Executed
    --------------------- ----------- ------------
    Metric Name           Metric Unit Metric Value
    --------------------- ----------- ------------
    Instructions Executed        inst   44,457,600
    --------------------- ----------- ------------

    OPT   Est. Speedup: 16.25%
          This kernel has uncoalesced global accesses resulting in a total of 163584 excessive sectors (17% of the
          total 973632 sectors). Check the L2 Theoretical Sectors Global Excessive table for the primary source
          locations. The CUDA Programming Guide
          (https://docs.nvidia.com/cuda/cuda-c-programming-guide/index.html#device-memory-accesses) has additional
          information on reducing uncoalesced device memory accesses.
